time_s,radius_m,radius_cm
6.000000000000000000e+01,1.995766666666666869e-02,1.995766666666666911e+00
1.200000000000000000e+02,1.991533333333333350e-02,1.991533333333333378e+00
1.800000000000000000e+02,1.987300000000000177e-02,1.987300000000000288e+00
2.400000000000000000e+02,1.983066666666666658e-02,1.983066666666666755e+00
3.000000000000000000e+02,1.978833333333333486e-02,1.978833333333333444e+00
3.600000000000000000e+02,1.974599999999999966e-02,1.974599999999999911e+00
4.200000000000000000e+02,1.970366666666666794e-02,1.970366666666666822e+00
4.800000000000000000e+02,1.966133333333333275e-02,1.966133333333333288e+00
5.400000000000000000e+02,1.961900000000000102e-02,1.961900000000000199e+00
6.000000000000000000e+02,1.957666666666666583e-02,1.957666666666666666e+00
6.600000000000000000e+02,1.953433333333333410e-02,1.953433333333333355e+00
7.200000000000000000e+02,1.949199999999999891e-02,1.949199999999999822e+00
7.800000000000000000e+02,1.944966666666666719e-02,1.944966666666666733e+00
8.400000000000000000e+02,1.940733333333333199e-02,1.940733333333333199e+00
9.000000000000000000e+02,1.936500000000000027e-02,1.936500000000000110e+00
9.600000000000000000e+02,1.932266666666666854e-02,1.932266666666666799e+00
1.020000000000000000e+03,1.928033333333333335e-02,1.928033333333333266e+00
1.080000000000000000e+03,1.923800000000000163e-02,1.923800000000000177e+00
1.140000000000000000e+03,1.919566666666666643e-02,1.919566666666666643e+00
1.200000000000000000e+03,1.915333333333333471e-02,1.915333333333333554e+00
1.260000000000000000e+03,1.911099999999999952e-02,1.911100000000000021e+00
1.320000000000000000e+03,1.906866666666666779e-02,1.906866666666666710e+00
1.380000000000000000e+03,1.902633333333333260e-02,1.902633333333333177e+00
1.440000000000000000e+03,1.898400000000000087e-02,1.898400000000000087e+00
1.500000000000000000e+03,1.894166666666666568e-02,1.894166666666666554e+00
1.560000000000000000e+03,1.889933333333333396e-02,1.889933333333333465e+00
1.620000000000000000e+03,1.885699999999999876e-02,1.885699999999999932e+00
1.680000000000000000e+03,1.881466666666666704e-02,1.881466666666666621e+00
1.740000000000000000e+03,1.877233333333333531e-02,1.877233333333333531e+00
1.800000000000000000e+03,1.873000000000000012e-02,1.872999999999999998e+00
1.860000000000000000e+03,1.870366666666666705e-02,1.870366666666666733e+00
1.920000000000000000e+03,1.867733333333333398e-02,1.867733333333333468e+00
1.980000000000000000e+03,1.865100000000000091e-02,1.865099999999999980e+00
2.040000000000000000e+03,1.862466666666666784e-02,1.862466666666666715e+00
2.100000000000000000e+03,1.859833333333333477e-02,1.859833333333333449e+00
2.160000000000000000e+03,1.857200000000000170e-02,1.857200000000000184e+00
2.220000000000000000e+03,1.854566666666666863e-02,1.854566666666666919e+00
2.280000000000000000e+03,1.851933333333333209e-02,1.851933333333333209e+00
2.340000000000000000e+03,1.849299999999999902e-02,1.849299999999999944e+00
2.400000000000000000e+03,1.846666666666666595e-02,1.846666666666666679e+00
2.460000000000000000e+03,1.844033333333333288e-02,1.844033333333333191e+00
2.520000000000000000e+03,1.841399999999999981e-02,1.841399999999999926e+00
2.580000000000000000e+03,1.838766666666666674e-02,1.838766666666666660e+00
2.640000000000000000e+03,1.836133333333333367e-02,1.836133333333333395e+00
2.700000000000000000e+03,1.833500000000000060e-02,1.833500000000000130e+00
2.760000000000000000e+03,1.830866666666666753e-02,1.830866666666666642e+00
2.820000000000000000e+03,1.828233333333333446e-02,1.828233333333333377e+00
2.880000000000000000e+03,1.825600000000000139e-02,1.825600000000000112e+00
2.940000000000000000e+03,1.822966666666666832e-02,1.822966666666666846e+00
3.000000000000000000e+03,1.820333333333333525e-02,1.820333333333333581e+00
3.060000000000000000e+03,1.817700000000000218e-02,1.817700000000000315e+00
3.120000000000000000e+03,1.815066666666666911e-02,1.815066666666666828e+00
3.180000000000000000e+03,1.812433333333333257e-02,1.812433333333333341e+00
3.240000000000000000e+03,1.809799999999999950e-02,1.809799999999999853e+00
3.300000000000000000e+03,1.807166666666666643e-02,1.807166666666666588e+00
3.360000000000000000e+03,1.804533333333333336e-02,1.804533333333333323e+00
3.420000000000000000e+03,1.801900000000000029e-02,1.801900000000000057e+00
3.480000000000000000e+03,1.799266666666666722e-02,1.799266666666666792e+00
3.540000000000000000e+03,1.796633333333333415e-02,1.796633333333333304e+00
3.600000000000000000e+03,1.794000000000000108e-02,1.794000000000000039e+00
3.660000000000000000e+03,1.790966666666666748e-02,1.790966666666666818e+00
3.720000000000000000e+03,1.787933333333333388e-02,1.787933333333333374e+00
3.780000000000000000e+03,1.784900000000000028e-02,1.784899999999999931e+00
3.840000000000000000e+03,1.781866666666666668e-02,1.781866666666666710e+00
3.900000000000000000e+03,1.778833333333333308e-02,1.778833333333333266e+00
3.960000000000000000e+03,1.775799999999999948e-02,1.775800000000000045e+00
4.020000000000000000e+03,1.772766666666666588e-02,1.772766666666666602e+00
4.080000000000000000e+03,1.769733333333333575e-02,1.769733333333333603e+00
4.140000000000000000e+03,1.766700000000000215e-02,1.766700000000000159e+00
4.200000000000000000e+03,1.763666666666666855e-02,1.763666666666666938e+00
4.260000000000000000e+03,1.760633333333333495e-02,1.760633333333333495e+00
4.320000000000000000e+03,1.757600000000000134e-02,1.757600000000000051e+00
4.380000000000000000e+03,1.754566666666666774e-02,1.754566666666666830e+00
4.440000000000000000e+03,1.751533333333333414e-02,1.751533333333333387e+00
4.500000000000000000e+03,1.748500000000000054e-02,1.748499999999999943e+00
4.560000000000000000e+03,1.745466666666666694e-02,1.745466666666666722e+00
4.620000000000000000e+03,1.742433333333333334e-02,1.742433333333333279e+00
4.680000000000000000e+03,1.739399999999999974e-02,1.739400000000000057e+00
4.740000000000000000e+03,1.736366666666666614e-02,1.736366666666666614e+00
4.800000000000000000e+03,1.733333333333333254e-02,1.733333333333333171e+00
4.860000000000000000e+03,1.730299999999999894e-02,1.730299999999999949e+00
4.920000000000000000e+03,1.727266666666666534e-02,1.727266666666666506e+00
4.980000000000000000e+03,1.724233333333333174e-02,1.724233333333333285e+00
5.040000000000000000e+03,1.721200000000000160e-02,1.721200000000000063e+00
5.100000000000000000e+03,1.718166666666666800e-02,1.718166666666666842e+00
5.160000000000000000e+03,1.715133333333333440e-02,1.715133333333333399e+00
5.220000000000000000e+03,1.712100000000000080e-02,1.712100000000000177e+00
5.280000000000000000e+03,1.709066666666666720e-02,1.709066666666666734e+00
5.340000000000000000e+03,1.706033333333333360e-02,1.706033333333333291e+00
5.400000000000000000e+03,1.703000000000000000e-02,1.703000000000000069e+00
5.460000000000000000e+03,1.700399999999999828e-02,1.700399999999999912e+00
5.520000000000000000e+03,1.697800000000000004e-02,1.697799999999999976e+00
5.580000000000000000e+03,1.695200000000000179e-02,1.695200000000000262e+00
5.640000000000000000e+03,1.692600000000000007e-02,1.692600000000000104e+00
5.700000000000000000e+03,1.689999999999999836e-02,1.689999999999999947e+00
5.760000000000000000e+03,1.687400000000000011e-02,1.687400000000000011e+00
5.820000000000000000e+03,1.684800000000000186e-02,1.684800000000000075e+00
5.880000000000000000e+03,1.682200000000000015e-02,1.682199999999999918e+00
5.940000000000000000e+03,1.679599999999999843e-02,1.679599999999999760e+00
6.000000000000000000e+03,1.677000000000000018e-02,1.677000000000000046e+00
6.060000000000000000e+03,1.674400000000000194e-02,1.674400000000000110e+00
6.120000000000000000e+03,1.671800000000000022e-02,1.671799999999999953e+00
6.180000000000000000e+03,1.669199999999999851e-02,1.669199999999999795e+00
6.240000000000000000e+03,1.666600000000000026e-02,1.666600000000000081e+00
6.300000000000000000e+03,1.664000000000000201e-02,1.664000000000000146e+00
6.360000000000000000e+03,1.661400000000000030e-02,1.661399999999999988e+00
6.420000000000000000e+03,1.658799999999999858e-02,1.658799999999999830e+00
6.480000000000000000e+03,1.656200000000000033e-02,1.656200000000000117e+00
6.540000000000000000e+03,1.653600000000000209e-02,1.653600000000000181e+00
6.600000000000000000e+03,1.651000000000000037e-02,1.651000000000000023e+00
6.660000000000000000e+03,1.648399999999999865e-02,1.648399999999999865e+00
6.720000000000000000e+03,1.645800000000000041e-02,1.645799999999999930e+00
6.780000000000000000e+03,1.643200000000000216e-02,1.643200000000000216e+00
6.840000000000000000e+03,1.640600000000000044e-02,1.640600000000000058e+00
6.900000000000000000e+03,1.637999999999999873e-02,1.637999999999999901e+00
6.960000000000000000e+03,1.635400000000000048e-02,1.635399999999999965e+00
7.020000000000000000e+03,1.632800000000000223e-02,1.632800000000000251e+00
7.080000000000000000e+03,1.630200000000000052e-02,1.630200000000000093e+00
7.140000000000000000e+03,1.627599999999999880e-02,1.627599999999999936e+00
7.200000000000000000e+03,1.625000000000000056e-02,1.625000000000000000e+00
7.260000000000000000e+03,1.623799999999999896e-02,1.623799999999999910e+00
7.320000000000000000e+03,1.622600000000000084e-02,1.622600000000000042e+00
7.380000000000000000e+03,1.621399999999999925e-02,1.621399999999999952e+00
7.440000000000000000e+03,1.620200000000000112e-02,1.620200000000000085e+00
7.500000000000000000e+03,1.618999999999999953e-02,1.618999999999999995e+00
7.560000000000000000e+03,1.617800000000000141e-02,1.617800000000000127e+00
7.620000000000000000e+03,1.616599999999999981e-02,1.616600000000000037e+00
7.680000000000000000e+03,1.615400000000000169e-02,1.615400000000000169e+00
7.740000000000000000e+03,1.614200000000000010e-02,1.614200000000000079e+00
7.800000000000000000e+03,1.613000000000000198e-02,1.613000000000000211e+00
7.860000000000000000e+03,1.611800000000000038e-02,1.611800000000000122e+00
7.920000000000000000e+03,1.610600000000000226e-02,1.610600000000000254e+00
7.980000000000000000e+03,1.609400000000000067e-02,1.609400000000000164e+00
8.040000000000000000e+03,1.608200000000000254e-02,1.608200000000000296e+00
8.100000000000000000e+03,1.607000000000000095e-02,1.607000000000000206e+00
8.160000000000000000e+03,1.605799999999999936e-02,1.605799999999999894e+00
8.220000000000000000e+03,1.604600000000000123e-02,1.604600000000000026e+00
8.280000000000000000e+03,1.603399999999999964e-02,1.603399999999999936e+00
8.340000000000000000e+03,1.602200000000000152e-02,1.602200000000000069e+00
8.400000000000000000e+03,1.600999999999999993e-02,1.600999999999999979e+00
8.460000000000000000e+03,1.599800000000000180e-02,1.599800000000000111e+00
8.520000000000000000e+03,1.598600000000000021e-02,1.598600000000000021e+00
8.580000000000000000e+03,1.597400000000000209e-02,1.597400000000000153e+00
8.640000000000000000e+03,1.596200000000000049e-02,1.596200000000000063e+00
8.700000000000000000e+03,1.595000000000000237e-02,1.595000000000000195e+00
8.760000000000000000e+03,1.593800000000000078e-02,1.593800000000000106e+00
8.820000000000000000e+03,1.592600000000000265e-02,1.592600000000000238e+00
8.880000000000000000e+03,1.591400000000000106e-02,1.591400000000000148e+00
8.940000000000000000e+03,1.590200000000000294e-02,1.590200000000000280e+00
9.000000000000000000e+03,1.589000000000000135e-02,1.589000000000000190e+00
9.060000000000000000e+03,1.587766666666666840e-02,1.587766666666666771e+00
9.120000000000000000e+03,1.586533333333333545e-02,1.586533333333333573e+00
9.180000000000000000e+03,1.585300000000000251e-02,1.585300000000000153e+00
9.240000000000000000e+03,1.584066666666666956e-02,1.584066666666666956e+00
9.300000000000000000e+03,1.582833333333333314e-02,1.582833333333333314e+00
9.360000000000000000e+03,1.581600000000000020e-02,1.581600000000000117e+00
9.420000000000000000e+03,1.580366666666666725e-02,1.580366666666666697e+00
9.480000000000000000e+03,1.579133333333333430e-02,1.579133333333333500e+00
9.540000000000000000e+03,1.577900000000000136e-02,1.577900000000000080e+00
9.600000000000000000e+03,1.576666666666666841e-02,1.576666666666666883e+00
9.660000000000000000e+03,1.575433333333333547e-02,1.575433333333333463e+00
9.720000000000000000e+03,1.574200000000000252e-02,1.574200000000000266e+00
9.780000000000000000e+03,1.572966666666666610e-02,1.572966666666666624e+00
9.840000000000000000e+03,1.571733333333333316e-02,1.571733333333333427e+00
9.900000000000000000e+03,1.570500000000000021e-02,1.570500000000000007e+00
9.960000000000000000e+03,1.569266666666666726e-02,1.569266666666666810e+00
1.002000000000000000e+04,1.568033333333333432e-02,1.568033333333333390e+00
1.008000000000000000e+04,1.566800000000000137e-02,1.566800000000000193e+00
1.014000000000000000e+04,1.565566666666666842e-02,1.565566666666666773e+00
1.020000000000000000e+04,1.564333333333333548e-02,1.564333333333333576e+00
1.026000000000000000e+04,1.563100000000000253e-02,1.563100000000000156e+00
1.032000000000000000e+04,1.561866666666666785e-02,1.561866666666666736e+00
1.038000000000000000e+04,1.560633333333333490e-02,1.560633333333333539e+00
1.044000000000000000e+04,1.559400000000000022e-02,1.559400000000000119e+00
1.050000000000000000e+04,1.558166666666666728e-02,1.558166666666666700e+00
1.056000000000000000e+04,1.556933333333333433e-02,1.556933333333333502e+00
1.062000000000000000e+04,1.555700000000000138e-02,1.555700000000000083e+00
1.068000000000000000e+04,1.554466666666666670e-02,1.554466666666666663e+00
1.074000000000000000e+04,1.553233333333333376e-02,1.553233333333333466e+00
1.080000000000000000e+04,1.552000000000000081e-02,1.552000000000000046e+00
1.086000000000000000e+04,1.550600000000000069e-02,1.550599999999999978e+00
1.092000000000000000e+04,1.549200000000000056e-02,1.549200000000000133e+00
1.098000000000000000e+04,1.547800000000000044e-02,1.547800000000000065e+00
1.104000000000000000e+04,1.546400000000000031e-02,1.546399999999999997e+00
1.110000000000000000e+04,1.545000000000000019e-02,1.544999999999999929e+00
1.116000000000000000e+04,1.543600000000000007e-02,1.543600000000000083e+00
1.122000000000000000e+04,1.542199999999999994e-02,1.542200000000000015e+00
1.128000000000000000e+04,1.540800000000000156e-02,1.540800000000000169e+00
1.134000000000000000e+04,1.539400000000000143e-02,1.539400000000000102e+00
1.140000000000000000e+04,1.538000000000000131e-02,1.538000000000000034e+00
1.146000000000000000e+04,1.536600000000000119e-02,1.536600000000000188e+00
1.152000000000000000e+04,1.535200000000000106e-02,1.535200000000000120e+00
1.158000000000000000e+04,1.533800000000000094e-02,1.533800000000000052e+00
1.164000000000000000e+04,1.532400000000000082e-02,1.532399999999999984e+00
1.170000000000000000e+04,1.531000000000000069e-02,1.531000000000000139e+00
1.176000000000000000e+04,1.529600000000000057e-02,1.529600000000000071e+00
1.182000000000000000e+04,1.528200000000000044e-02,1.528200000000000003e+00
1.188000000000000000e+04,1.526800000000000032e-02,1.526799999999999935e+00
1.194000000000000000e+04,1.525400000000000020e-02,1.525400000000000089e+00
1.200000000000000000e+04,1.524000000000000007e-02,1.524000000000000021e+00
1.206000000000000000e+04,1.522599999999999995e-02,1.522599999999999953e+00
1.212000000000000000e+04,1.521199999999999983e-02,1.521199999999999886e+00
1.218000000000000000e+04,1.519800000000000144e-02,1.519800000000000040e+00
1.224000000000000000e+04,1.518400000000000132e-02,1.518400000000000194e+00
1.230000000000000000e+04,1.517000000000000119e-02,1.517000000000000126e+00
1.236000000000000000e+04,1.515600000000000107e-02,1.515600000000000058e+00
1.242000000000000000e+04,1.514200000000000094e-02,1.514199999999999990e+00
1.248000000000000000e+04,1.512800000000000082e-02,1.512800000000000145e+00
1.254000000000000000e+04,1.511400000000000070e-02,1.511400000000000077e+00
1.260000000000000000e+04,1.510000000000000057e-02,1.510000000000000009e+00
1.266000000000000000e+04,1.508899999999999998e-02,1.508899999999999908e+00
1.272000000000000000e+04,1.507800000000000112e-02,1.507800000000000029e+00
1.278000000000000000e+04,1.506700000000000053e-02,1.506700000000000150e+00
1.284000000000000000e+04,1.505599999999999994e-02,1.505600000000000049e+00
1.290000000000000000e+04,1.504500000000000108e-02,1.504500000000000171e+00
1.296000000000000000e+04,1.503400000000000049e-02,1.503400000000000070e+00
1.302000000000000000e+04,1.502300000000000163e-02,1.502300000000000191e+00
1.308000000000000000e+04,1.501200000000000104e-02,1.501200000000000090e+00
1.314000000000000000e+04,1.500100000000000044e-02,1.500099999999999989e+00
1.320000000000000000e+04,1.499000000000000159e-02,1.499000000000000110e+00
1.326000000000000000e+04,1.497900000000000099e-02,1.497900000000000009e+00
1.332000000000000000e+04,1.496800000000000040e-02,1.496800000000000130e+00
1.338000000000000000e+04,1.495700000000000154e-02,1.495700000000000252e+00
1.344000000000000000e+04,1.494600000000000095e-02,1.494600000000000151e+00
1.350000000000000000e+04,1.493500000000000036e-02,1.493500000000000050e+00
1.356000000000000000e+04,1.492400000000000150e-02,1.492400000000000171e+00
1.362000000000000000e+04,1.491300000000000091e-02,1.491300000000000070e+00
1.368000000000000000e+04,1.490200000000000205e-02,1.490200000000000191e+00
1.374000000000000000e+04,1.489100000000000146e-02,1.489100000000000090e+00
1.380000000000000000e+04,1.488000000000000086e-02,1.487999999999999989e+00
1.386000000000000000e+04,1.486900000000000201e-02,1.486900000000000110e+00
1.392000000000000000e+04,1.485800000000000141e-02,1.485800000000000232e+00
1.398000000000000000e+04,1.484700000000000082e-02,1.484700000000000131e+00
1.404000000000000000e+04,1.483600000000000196e-02,1.483600000000000252e+00
1.410000000000000000e+04,1.482500000000000137e-02,1.482500000000000151e+00
1.416000000000000000e+04,1.481400000000000251e-02,1.481400000000000272e+00
1.422000000000000000e+04,1.480300000000000192e-02,1.480300000000000171e+00
1.428000000000000000e+04,1.479200000000000133e-02,1.479200000000000070e+00
1.434000000000000000e+04,1.478100000000000247e-02,1.478100000000000191e+00
1.440000000000000000e+04,1.477000000000000188e-02,1.477000000000000091e+00
1.446000000000000000e+04,1.476000000000000228e-02,1.476000000000000201e+00
1.452000000000000000e+04,1.475000000000000096e-02,1.475000000000000089e+00
1.458000000000000000e+04,1.474000000000000137e-02,1.474000000000000199e+00
1.464000000000000000e+04,1.473000000000000177e-02,1.473000000000000087e+00
1.470000000000000000e+04,1.472000000000000218e-02,1.472000000000000197e+00
1.476000000000000000e+04,1.471000000000000085e-02,1.471000000000000085e+00
1.482000000000000000e+04,1.470000000000000126e-02,1.470000000000000195e+00
1.488000000000000000e+04,1.469000000000000167e-02,1.469000000000000083e+00
1.494000000000000000e+04,1.468000000000000208e-02,1.468000000000000194e+00
1.500000000000000000e+04,1.467000000000000075e-02,1.467000000000000082e+00
1.506000000000000000e+04,1.466000000000000116e-02,1.466000000000000192e+00
1.512000000000000000e+04,1.465000000000000156e-02,1.465000000000000080e+00
1.518000000000000000e+04,1.464000000000000197e-02,1.464000000000000190e+00
1.524000000000000000e+04,1.463000000000000064e-02,1.463000000000000078e+00
1.530000000000000000e+04,1.462000000000000105e-02,1.462000000000000188e+00
1.536000000000000000e+04,1.461000000000000146e-02,1.461000000000000076e+00
1.542000000000000000e+04,1.460000000000000013e-02,1.459999999999999964e+00
1.548000000000000000e+04,1.459000000000000054e-02,1.459000000000000075e+00
1.554000000000000000e+04,1.458000000000000095e-02,1.458000000000000185e+00
1.560000000000000000e+04,1.457000000000000135e-02,1.457000000000000073e+00
1.566000000000000000e+04,1.456000000000000003e-02,1.455999999999999961e+00
1.572000000000000000e+04,1.455000000000000043e-02,1.455000000000000071e+00
1.578000000000000000e+04,1.454000000000000084e-02,1.454000000000000181e+00
1.584000000000000000e+04,1.453000000000000125e-02,1.453000000000000069e+00
1.590000000000000000e+04,1.451999999999999992e-02,1.451999999999999957e+00
1.596000000000000000e+04,1.451000000000000033e-02,1.451000000000000068e+00
1.602000000000000000e+04,1.450000000000000074e-02,1.450000000000000178e+00
1.608000000000000000e+04,1.449000000000000114e-02,1.449000000000000066e+00
1.614000000000000000e+04,1.447999999999999982e-02,1.447999999999999954e+00
1.620000000000000000e+04,1.447000000000000022e-02,1.447000000000000064e+00
1.626000000000000000e+04,1.446233333333333398e-02,1.446233333333333482e+00
1.632000000000000000e+04,1.445466666666666601e-02,1.445466666666666677e+00
1.638000000000000000e+04,1.444699999999999977e-02,1.444699999999999873e+00
1.644000000000000000e+04,1.443933333333333353e-02,1.443933333333333291e+00
1.650000000000000000e+04,1.443166666666666730e-02,1.443166666666666709e+00
1.656000000000000000e+04,1.442399999999999932e-02,1.442399999999999904e+00
1.662000000000000000e+04,1.441633333333333308e-02,1.441633333333333322e+00
1.668000000000000000e+04,1.440866666666666684e-02,1.440866666666666740e+00
1.674000000000000000e+04,1.440100000000000061e-02,1.440100000000000158e+00
1.680000000000000000e+04,1.439333333333333263e-02,1.439333333333333353e+00
1.686000000000000000e+04,1.438566666666666639e-02,1.438566666666666549e+00
1.692000000000000000e+04,1.437800000000000016e-02,1.437799999999999967e+00
1.698000000000000000e+04,1.437033333333333392e-02,1.437033333333333385e+00
1.704000000000000000e+04,1.436266666666666594e-02,1.436266666666666580e+00
1.710000000000000000e+04,1.435499999999999970e-02,1.435499999999999998e+00
1.716000000000000000e+04,1.434733333333333347e-02,1.434733333333333416e+00
1.722000000000000000e+04,1.433966666666666549e-02,1.433966666666666612e+00
1.728000000000000000e+04,1.433199999999999925e-02,1.433200000000000029e+00
1.734000000000000000e+04,1.432433333333333302e-02,1.432433333333333225e+00
1.740000000000000000e+04,1.431666666666666678e-02,1.431666666666666643e+00
1.746000000000000000e+04,1.430899999999999880e-02,1.430899999999999839e+00
1.752000000000000000e+04,1.430133333333333256e-02,1.430133333333333256e+00
1.758000000000000000e+04,1.429366666666666633e-02,1.429366666666666674e+00
1.764000000000000000e+04,1.428600000000000009e-02,1.428600000000000092e+00
1.770000000000000000e+04,1.427833333333333211e-02,1.427833333333333288e+00
1.776000000000000000e+04,1.427066666666666588e-02,1.427066666666666483e+00
1.782000000000000000e+04,1.426299999999999964e-02,1.426299999999999901e+00
1.788000000000000000e+04,1.425533333333333340e-02,1.425533333333333319e+00
1.794000000000000000e+04,1.424766666666666542e-02,1.424766666666666515e+00
1.800000000000000000e+04,1.423999999999999919e-02,1.423999999999999932e+00
1.806000000000000000e+04,1.423099999999999886e-02,1.423099999999999810e+00
1.812000000000000000e+04,1.422199999999999853e-02,1.422199999999999909e+00
1.818000000000000000e+04,1.421299999999999994e-02,1.421300000000000008e+00
1.824000000000000000e+04,1.420399999999999961e-02,1.420399999999999885e+00
1.830000000000000000e+04,1.419499999999999929e-02,1.419499999999999984e+00
1.836000000000000000e+04,1.418599999999999896e-02,1.418599999999999861e+00
1.842000000000000000e+04,1.417699999999999863e-02,1.417699999999999960e+00
1.848000000000000000e+04,1.416800000000000004e-02,1.416800000000000059e+00
1.854000000000000000e+04,1.415899999999999971e-02,1.415899999999999936e+00
1.860000000000000000e+04,1.414999999999999938e-02,1.415000000000000036e+00
1.866000000000000000e+04,1.414099999999999906e-02,1.414099999999999913e+00
1.872000000000000000e+04,1.413199999999999873e-02,1.413199999999999790e+00
1.878000000000000000e+04,1.412300000000000014e-02,1.412300000000000111e+00
1.884000000000000000e+04,1.411399999999999981e-02,1.411399999999999988e+00
1.890000000000000000e+04,1.410499999999999948e-02,1.410499999999999865e+00
1.896000000000000000e+04,1.409599999999999916e-02,1.409599999999999964e+00
1.902000000000000000e+04,1.408699999999999883e-02,1.408699999999999841e+00
1.908000000000000000e+04,1.407800000000000024e-02,1.407799999999999940e+00
1.914000000000000000e+04,1.406899999999999991e-02,1.406900000000000039e+00
1.920000000000000000e+04,1.405999999999999958e-02,1.405999999999999917e+00
1.926000000000000000e+04,1.405099999999999925e-02,1.405100000000000016e+00
1.932000000000000000e+04,1.404199999999999893e-02,1.404199999999999893e+00
1.938000000000000000e+04,1.403300000000000033e-02,1.403299999999999992e+00
1.944000000000000000e+04,1.402400000000000001e-02,1.402400000000000091e+00
1.950000000000000000e+04,1.401499999999999968e-02,1.401499999999999968e+00
1.956000000000000000e+04,1.400599999999999935e-02,1.400599999999999845e+00
1.962000000000000000e+04,1.399699999999999903e-02,1.399699999999999944e+00
1.968000000000000000e+04,1.398800000000000043e-02,1.398800000000000043e+00
1.974000000000000000e+04,1.397900000000000011e-02,1.397899999999999920e+00
1.980000000000000000e+04,1.396999999999999978e-02,1.397000000000000020e+00
1.986000000000000000e+04,1.396233333333333354e-02,1.396233333333333437e+00
1.992000000000000000e+04,1.395466666666666730e-02,1.395466666666666633e+00
1.998000000000000000e+04,1.394699999999999933e-02,1.394699999999999829e+00
2.004000000000000000e+04,1.393933333333333309e-02,1.393933333333333247e+00
2.010000000000000000e+04,1.393166666666666685e-02,1.393166666666666664e+00
2.016000000000000000e+04,1.392400000000000061e-02,1.392400000000000082e+00
2.022000000000000000e+04,1.391633333333333437e-02,1.391633333333333500e+00
2.028000000000000000e+04,1.390866666666666640e-02,1.390866666666666696e+00
2.034000000000000000e+04,1.390100000000000016e-02,1.390100000000000113e+00
2.040000000000000000e+04,1.389333333333333392e-02,1.389333333333333309e+00
2.046000000000000000e+04,1.388566666666666768e-02,1.388566666666666727e+00
2.052000000000000000e+04,1.387800000000000145e-02,1.387800000000000145e+00
2.058000000000000000e+04,1.387033333333333347e-02,1.387033333333333340e+00
2.064000000000000000e+04,1.386266666666666723e-02,1.386266666666666758e+00
2.070000000000000000e+04,1.385500000000000100e-02,1.385500000000000176e+00
2.076000000000000000e+04,1.384733333333333476e-02,1.384733333333333372e+00
2.082000000000000000e+04,1.383966666666666852e-02,1.383966666666666789e+00
2.088000000000000000e+04,1.383200000000000054e-02,1.383199999999999985e+00
2.094000000000000000e+04,1.382433333333333431e-02,1.382433333333333403e+00
2.100000000000000000e+04,1.381666666666666807e-02,1.381666666666666821e+00
2.106000000000000000e+04,1.380900000000000183e-02,1.380900000000000238e+00
2.112000000000000000e+04,1.380133333333333559e-02,1.380133333333333656e+00
2.118000000000000000e+04,1.379366666666666762e-02,1.379366666666666852e+00
2.124000000000000000e+04,1.378600000000000138e-02,1.378600000000000048e+00
2.130000000000000000e+04,1.377833333333333514e-02,1.377833333333333465e+00
2.136000000000000000e+04,1.377066666666666890e-02,1.377066666666666883e+00
2.142000000000000000e+04,1.376300000000000266e-02,1.376300000000000301e+00
2.148000000000000000e+04,1.375533333333333469e-02,1.375533333333333497e+00
2.154000000000000000e+04,1.374766666666666845e-02,1.374766666666666914e+00
2.160000000000000000e+04,1.374000000000000221e-02,1.374000000000000110e+00
2.166000000000000000e+04,1.373400000000000142e-02,1.373400000000000176e+00
2.172000000000000000e+04,1.372800000000000235e-02,1.372800000000000242e+00
2.178000000000000000e+04,1.372200000000000156e-02,1.372200000000000086e+00
2.184000000000000000e+04,1.371600000000000250e-02,1.371600000000000152e+00
2.190000000000000000e+04,1.371000000000000170e-02,1.371000000000000218e+00
2.196000000000000000e+04,1.370400000000000264e-02,1.370400000000000285e+00
2.202000000000000000e+04,1.369800000000000184e-02,1.369800000000000129e+00
2.208000000000000000e+04,1.369200000000000104e-02,1.369200000000000195e+00
2.214000000000000000e+04,1.368600000000000198e-02,1.368600000000000261e+00
2.220000000000000000e+04,1.368000000000000119e-02,1.368000000000000105e+00
2.226000000000000000e+04,1.367400000000000213e-02,1.367400000000000171e+00
2.232000000000000000e+04,1.366800000000000133e-02,1.366800000000000237e+00
2.238000000000000000e+04,1.366200000000000227e-02,1.366200000000000303e+00
2.244000000000000000e+04,1.365600000000000147e-02,1.365600000000000147e+00
2.250000000000000000e+04,1.365000000000000241e-02,1.365000000000000213e+00
2.256000000000000000e+04,1.364400000000000161e-02,1.364400000000000057e+00
2.262000000000000000e+04,1.363800000000000082e-02,1.363800000000000123e+00
2.268000000000000000e+04,1.363200000000000175e-02,1.363200000000000189e+00
2.274000000000000000e+04,1.362600000000000096e-02,1.362600000000000033e+00
2.280000000000000000e+04,1.362000000000000190e-02,1.362000000000000099e+00
2.286000000000000000e+04,1.361400000000000110e-02,1.361400000000000166e+00
2.292000000000000000e+04,1.360800000000000204e-02,1.360800000000000232e+00
2.298000000000000000e+04,1.360200000000000124e-02,1.360200000000000076e+00
2.304000000000000000e+04,1.359600000000000045e-02,1.359600000000000142e+00
2.310000000000000000e+04,1.359000000000000138e-02,1.359000000000000208e+00
2.316000000000000000e+04,1.358400000000000059e-02,1.358400000000000052e+00
2.322000000000000000e+04,1.357800000000000153e-02,1.357800000000000118e+00
2.328000000000000000e+04,1.357200000000000073e-02,1.357200000000000184e+00
2.334000000000000000e+04,1.356600000000000167e-02,1.356600000000000250e+00
2.340000000000000000e+04,1.356000000000000087e-02,1.356000000000000094e+00
2.346000000000000000e+04,1.355366666666666699e-02,1.355366666666666609e+00
2.352000000000000000e+04,1.354733333333333484e-02,1.354733333333333567e+00
2.358000000000000000e+04,1.354100000000000095e-02,1.354100000000000081e+00
2.364000000000000000e+04,1.353466666666666707e-02,1.353466666666666818e+00
2.370000000000000000e+04,1.352833333333333318e-02,1.352833333333333332e+00
2.376000000000000000e+04,1.352200000000000103e-02,1.352200000000000069e+00
2.382000000000000000e+04,1.351566666666666715e-02,1.351566666666666805e+00
2.388000000000000000e+04,1.350933333333333326e-02,1.350933333333333319e+00
2.394000000000000000e+04,1.350300000000000111e-02,1.350300000000000056e+00
2.400000000000000000e+04,1.349666666666666723e-02,1.349666666666666792e+00
2.406000000000000000e+04,1.349033333333333334e-02,1.349033333333333307e+00
2.412000000000000000e+04,1.348400000000000119e-02,1.348400000000000043e+00
2.418000000000000000e+04,1.347766666666666731e-02,1.347766666666666779e+00
2.424000000000000000e+04,1.347133333333333342e-02,1.347133333333333294e+00
2.430000000000000000e+04,1.346500000000000127e-02,1.346500000000000030e+00
2.436000000000000000e+04,1.345866666666666739e-02,1.345866666666666767e+00
2.442000000000000000e+04,1.345233333333333350e-02,1.345233333333333281e+00
2.448000000000000000e+04,1.344599999999999962e-02,1.344600000000000017e+00
2.454000000000000000e+04,1.343966666666666747e-02,1.343966666666666754e+00
2.460000000000000000e+04,1.343333333333333358e-02,1.343333333333333268e+00
2.466000000000000000e+04,1.342699999999999970e-02,1.342700000000000005e+00
2.472000000000000000e+04,1.342066666666666755e-02,1.342066666666666741e+00
2.478000000000000000e+04,1.341433333333333366e-02,1.341433333333333255e+00
2.484000000000000000e+04,1.340799999999999978e-02,1.340799999999999992e+00
2.490000000000000000e+04,1.340166666666666589e-02,1.340166666666666506e+00
2.496000000000000000e+04,1.339533333333333374e-02,1.339533333333333465e+00
2.502000000000000000e+04,1.338899999999999986e-02,1.338899999999999979e+00
2.508000000000000000e+04,1.338266666666666597e-02,1.338266666666666493e+00
2.514000000000000000e+04,1.337633333333333382e-02,1.337633333333333452e+00
2.520000000000000000e+04,1.336999999999999994e-02,1.336999999999999966e+00
2.526000000000000000e+04,1.336466666666666706e-02,1.336466666666666692e+00
2.532000000000000000e+04,1.335933333333333244e-02,1.335933333333333195e+00
2.538000000000000000e+04,1.335399999999999955e-02,1.335399999999999920e+00
2.544000000000000000e+04,1.334866666666666667e-02,1.334866666666666646e+00
2.550000000000000000e+04,1.334333333333333378e-02,1.334333333333333371e+00
2.556000000000000000e+04,1.333799999999999916e-02,1.333799999999999875e+00
2.562000000000000000e+04,1.333266666666666628e-02,1.333266666666666600e+00
2.568000000000000000e+04,1.332733333333333339e-02,1.332733333333333325e+00
2.574000000000000000e+04,1.332200000000000051e-02,1.332200000000000051e+00
2.580000000000000000e+04,1.331666666666666589e-02,1.331666666666666554e+00
2.586000000000000000e+04,1.331133333333333300e-02,1.331133333333333280e+00
2.592000000000000000e+04,1.330600000000000012e-02,1.330600000000000005e+00
2.598000000000000000e+04,1.330066666666666723e-02,1.330066666666666730e+00
2.604000000000000000e+04,1.329533333333333261e-02,1.329533333333333234e+00
2.610000000000000000e+04,1.328999999999999973e-02,1.328999999999999959e+00
2.616000000000000000e+04,1.328466666666666685e-02,1.328466666666666685e+00
2.622000000000000000e+04,1.327933333333333223e-02,1.327933333333333188e+00
2.628000000000000000e+04,1.327399999999999934e-02,1.327399999999999913e+00
2.634000000000000000e+04,1.326866666666666646e-02,1.326866666666666639e+00
2.640000000000000000e+04,1.326333333333333357e-02,1.326333333333333364e+00
2.646000000000000000e+04,1.325799999999999895e-02,1.325799999999999867e+00
2.652000000000000000e+04,1.325266666666666607e-02,1.325266666666666593e+00
2.658000000000000000e+04,1.324733333333333318e-02,1.324733333333333318e+00
2.664000000000000000e+04,1.324200000000000030e-02,1.324200000000000044e+00
2.670000000000000000e+04,1.323666666666666568e-02,1.323666666666666547e+00
2.676000000000000000e+04,1.323133333333333279e-02,1.323133333333333272e+00
2.682000000000000000e+04,1.322599999999999991e-02,1.322599999999999998e+00
2.688000000000000000e+04,1.322066666666666702e-02,1.322066666666666723e+00
2.694000000000000000e+04,1.321533333333333241e-02,1.321533333333333227e+00
2.700000000000000000e+04,1.320999999999999952e-02,1.320999999999999952e+00
2.706000000000000000e+04,1.320666666666666690e-02,1.320666666666666655e+00
2.712000000000000000e+04,1.320333333333333255e-02,1.320333333333333359e+00
2.718000000000000000e+04,1.319999999999999993e-02,1.320000000000000062e+00
2.724000000000000000e+04,1.319666666666666557e-02,1.319666666666666544e+00
2.730000000000000000e+04,1.319333333333333295e-02,1.319333333333333247e+00
2.736000000000000000e+04,1.319000000000000034e-02,1.318999999999999950e+00
2.742000000000000000e+04,1.318666666666666598e-02,1.318666666666666654e+00
2.748000000000000000e+04,1.318333333333333336e-02,1.318333333333333357e+00
2.754000000000000000e+04,1.317999999999999901e-02,1.317999999999999838e+00
2.760000000000000000e+04,1.317666666666666639e-02,1.317666666666666542e+00
2.766000000000000000e+04,1.317333333333333377e-02,1.317333333333333467e+00
2.772000000000000000e+04,1.316999999999999942e-02,1.316999999999999948e+00
2.778000000000000000e+04,1.316666666666666680e-02,1.316666666666666652e+00
2.784000000000000000e+04,1.316333333333333244e-02,1.316333333333333133e+00
2.790000000000000000e+04,1.315999999999999982e-02,1.316000000000000059e+00
2.796000000000000000e+04,1.315666666666666720e-02,1.315666666666666762e+00
2.802000000000000000e+04,1.315333333333333285e-02,1.315333333333333243e+00
2.808000000000000000e+04,1.315000000000000023e-02,1.314999999999999947e+00
2.814000000000000000e+04,1.314666666666666588e-02,1.314666666666666650e+00
2.820000000000000000e+04,1.314333333333333326e-02,1.314333333333333353e+00
2.826000000000000000e+04,1.314000000000000064e-02,1.314000000000000057e+00
2.832000000000000000e+04,1.313666666666666628e-02,1.313666666666666538e+00
2.838000000000000000e+04,1.313333333333333366e-02,1.313333333333333464e+00
2.844000000000000000e+04,1.312999999999999931e-02,1.312999999999999945e+00
2.850000000000000000e+04,1.312666666666666669e-02,1.312666666666666648e+00
2.856000000000000000e+04,1.312333333333333407e-02,1.312333333333333352e+00
2.862000000000000000e+04,1.311999999999999972e-02,1.312000000000000055e+00
2.868000000000000000e+04,1.311666666666666710e-02,1.311666666666666758e+00
2.874000000000000000e+04,1.311333333333333274e-02,1.311333333333333240e+00
2.880000000000000000e+04,1.311000000000000013e-02,1.310999999999999943e+00
2.886000000000000000e+04,1.310599999999999959e-02,1.310599999999999987e+00
2.892000000000000000e+04,1.310200000000000080e-02,1.310200000000000031e+00
2.898000000000000000e+04,1.309800000000000027e-02,1.309800000000000075e+00
2.904000000000000000e+04,1.309399999999999974e-02,1.309399999999999897e+00
2.910000000000000000e+04,1.309000000000000094e-02,1.309000000000000163e+00
2.916000000000000000e+04,1.308600000000000041e-02,1.308599999999999985e+00
2.922000000000000000e+04,1.308199999999999988e-02,1.308200000000000029e+00
2.928000000000000000e+04,1.307799999999999935e-02,1.307799999999999851e+00
2.934000000000000000e+04,1.307400000000000055e-02,1.307400000000000118e+00
2.940000000000000000e+04,1.307000000000000002e-02,1.306999999999999940e+00
2.946000000000000000e+04,1.306599999999999949e-02,1.306599999999999984e+00
2.952000000000000000e+04,1.306200000000000069e-02,1.306200000000000028e+00
2.958000000000000000e+04,1.305800000000000016e-02,1.305800000000000072e+00
2.964000000000000000e+04,1.305399999999999963e-02,1.305399999999999894e+00
2.970000000000000000e+04,1.304999999999999910e-02,1.304999999999999938e+00
2.976000000000000000e+04,1.304600000000000030e-02,1.304599999999999982e+00
2.982000000000000000e+04,1.304199999999999977e-02,1.304200000000000026e+00
2.988000000000000000e+04,1.303799999999999924e-02,1.303799999999999848e+00
2.994000000000000000e+04,1.303400000000000045e-02,1.303400000000000114e+00
3.000000000000000000e+04,1.302999999999999992e-02,1.302999999999999936e+00
3.006000000000000000e+04,1.302599999999999938e-02,1.302599999999999980e+00
3.012000000000000000e+04,1.302200000000000059e-02,1.302200000000000024e+00
3.018000000000000000e+04,1.301800000000000006e-02,1.301800000000000068e+00
3.024000000000000000e+04,1.301399999999999953e-02,1.301399999999999890e+00
3.030000000000000000e+04,1.301000000000000073e-02,1.301000000000000156e+00
3.036000000000000000e+04,1.300600000000000020e-02,1.300599999999999978e+00
3.042000000000000000e+04,1.300199999999999967e-02,1.300200000000000022e+00
3.048000000000000000e+04,1.299799999999999914e-02,1.299799999999999844e+00
3.054000000000000000e+04,1.299400000000000034e-02,1.299400000000000110e+00
3.060000000000000000e+04,1.298999999999999981e-02,1.298999999999999932e+00
3.066000000000000000e+04,1.298733333333333337e-02,1.298733333333333295e+00
3.072000000000000000e+04,1.298466666666666693e-02,1.298466666666666658e+00
3.078000000000000000e+04,1.298200000000000048e-02,1.298200000000000021e+00
3.084000000000000000e+04,1.297933333333333231e-02,1.297933333333333161e+00
3.090000000000000000e+04,1.297666666666666586e-02,1.297666666666666524e+00
3.096000000000000000e+04,1.297399999999999942e-02,1.297399999999999887e+00
3.102000000000000000e+04,1.297133333333333298e-02,1.297133333333333249e+00
3.108000000000000000e+04,1.296866666666666654e-02,1.296866666666666612e+00
3.114000000000000000e+04,1.296600000000000009e-02,1.296599999999999975e+00
3.120000000000000000e+04,1.296333333333333365e-02,1.296333333333333337e+00
3.126000000000000000e+04,1.296066666666666721e-02,1.296066666666666700e+00
3.132000000000000000e+04,1.295799999999999903e-02,1.295799999999999841e+00
3.138000000000000000e+04,1.295533333333333259e-02,1.295533333333333204e+00
3.144000000000000000e+04,1.295266666666666615e-02,1.295266666666666566e+00
3.150000000000000000e+04,1.294999999999999971e-02,1.294999999999999929e+00
3.156000000000000000e+04,1.294733333333333326e-02,1.294733333333333292e+00
3.162000000000000000e+04,1.294466666666666682e-02,1.294466666666666654e+00
3.168000000000000000e+04,1.294200000000000038e-02,1.294200000000000017e+00
3.174000000000000000e+04,1.293933333333333220e-02,1.293933333333333158e+00
3.180000000000000000e+04,1.293666666666666576e-02,1.293666666666666520e+00
3.186000000000000000e+04,1.293399999999999932e-02,1.293399999999999883e+00
3.192000000000000000e+04,1.293133333333333287e-02,1.293133333333333246e+00
3.198000000000000000e+04,1.292866666666666643e-02,1.292866666666666609e+00
3.204000000000000000e+04,1.292599999999999999e-02,1.292599999999999971e+00
3.210000000000000000e+04,1.292333333333333355e-02,1.292333333333333334e+00
3.216000000000000000e+04,1.292066666666666711e-02,1.292066666666666697e+00
3.222000000000000000e+04,1.291799999999999893e-02,1.291799999999999837e+00
3.228000000000000000e+04,1.291533333333333249e-02,1.291533333333333200e+00
3.234000000000000000e+04,1.291266666666666604e-02,1.291266666666666563e+00
3.240000000000000000e+04,1.290999999999999960e-02,1.290999999999999925e+00
3.246000000000000000e+04,1.290666666666666698e-02,1.290666666666666629e+00
3.252000000000000000e+04,1.290333333333333263e-02,1.290333333333333332e+00
3.258000000000000000e+04,1.290000000000000001e-02,1.290000000000000036e+00
3.264000000000000000e+04,1.289666666666666565e-02,1.289666666666666517e+00
3.270000000000000000e+04,1.289333333333333304e-02,1.289333333333333220e+00
3.276000000000000000e+04,1.289000000000000042e-02,1.289000000000000146e+00
3.282000000000000000e+04,1.288666666666666606e-02,1.288666666666666627e+00
3.288000000000000000e+04,1.288333333333333344e-02,1.288333333333333330e+00
3.294000000000000000e+04,1.287999999999999909e-02,1.287999999999999812e+00
3.300000000000000000e+04,1.287666666666666647e-02,1.287666666666666737e+00
3.306000000000000000e+04,1.287333333333333385e-02,1.287333333333333441e+00
3.312000000000000000e+04,1.286999999999999950e-02,1.286999999999999922e+00
3.318000000000000000e+04,1.286666666666666688e-02,1.286666666666666625e+00
3.324000000000000000e+04,1.286333333333333252e-02,1.286333333333333329e+00
3.330000000000000000e+04,1.285999999999999990e-02,1.286000000000000032e+00
3.336000000000000000e+04,1.285666666666666728e-02,1.285666666666666735e+00
3.342000000000000000e+04,1.285333333333333293e-02,1.285333333333333217e+00
3.348000000000000000e+04,1.285000000000000031e-02,1.285000000000000142e+00
3.354000000000000000e+04,1.284666666666666596e-02,1.284666666666666623e+00
3.360000000000000000e+04,1.284333333333333334e-02,1.284333333333333327e+00
3.366000000000000000e+04,1.284000000000000072e-02,1.284000000000000030e+00
3.372000000000000000e+04,1.283666666666666636e-02,1.283666666666666734e+00
3.378000000000000000e+04,1.283333333333333375e-02,1.283333333333333437e+00
3.384000000000000000e+04,1.282999999999999939e-02,1.282999999999999918e+00
3.390000000000000000e+04,1.282666666666666677e-02,1.282666666666666622e+00
3.396000000000000000e+04,1.282333333333333415e-02,1.282333333333333325e+00
3.402000000000000000e+04,1.281999999999999980e-02,1.282000000000000028e+00
3.408000000000000000e+04,1.281666666666666718e-02,1.281666666666666732e+00
3.414000000000000000e+04,1.281333333333333283e-02,1.281333333333333213e+00
3.420000000000000000e+04,1.281000000000000021e-02,1.280999999999999917e+00
3.426000000000000000e+04,1.280733333333333376e-02,1.280733333333333279e+00
3.432000000000000000e+04,1.280466666666666732e-02,1.280466666666666642e+00
3.438000000000000000e+04,1.280200000000000088e-02,1.280200000000000005e+00
3.444000000000000000e+04,1.279933333333333270e-02,1.279933333333333367e+00
3.450000000000000000e+04,1.279666666666666626e-02,1.279666666666666730e+00
3.456000000000000000e+04,1.279399999999999982e-02,1.279399999999999871e+00
3.462000000000000000e+04,1.279133333333333337e-02,1.279133333333333233e+00
3.468000000000000000e+04,1.278866666666666693e-02,1.278866666666666596e+00
3.474000000000000000e+04,1.278600000000000049e-02,1.278599999999999959e+00
3.480000000000000000e+04,1.278333333333333405e-02,1.278333333333333321e+00
3.486000000000000000e+04,1.278066666666666761e-02,1.278066666666666684e+00
3.492000000000000000e+04,1.277799999999999943e-02,1.277800000000000047e+00
3.498000000000000000e+04,1.277533333333333299e-02,1.277533333333333410e+00
3.504000000000000000e+04,1.277266666666666654e-02,1.277266666666666550e+00
3.510000000000000000e+04,1.277000000000000010e-02,1.276999999999999913e+00
3.516000000000000000e+04,1.276733333333333366e-02,1.276733333333333276e+00
3.522000000000000000e+04,1.276466666666666722e-02,1.276466666666666638e+00
3.528000000000000000e+04,1.276200000000000077e-02,1.276200000000000001e+00
3.534000000000000000e+04,1.275933333333333260e-02,1.275933333333333364e+00
3.540000000000000000e+04,1.275666666666666615e-02,1.275666666666666504e+00
3.546000000000000000e+04,1.275399999999999971e-02,1.275399999999999867e+00
3.552000000000000000e+04,1.275133333333333327e-02,1.275133333333333230e+00
3.558000000000000000e+04,1.274866666666666683e-02,1.274866666666666593e+00
3.564000000000000000e+04,1.274600000000000039e-02,1.274599999999999955e+00
3.570000000000000000e+04,1.274333333333333394e-02,1.274333333333333318e+00
3.576000000000000000e+04,1.274066666666666750e-02,1.274066666666666681e+00
3.582000000000000000e+04,1.273799999999999932e-02,1.273800000000000043e+00
3.588000000000000000e+04,1.273533333333333288e-02,1.273533333333333184e+00
3.594000000000000000e+04,1.273266666666666644e-02,1.273266666666666547e+00
3.600000000000000000e+04,1.273000000000000000e-02,1.272999999999999909e+00
3.606000000000000000e+04,1.272766666666666664e-02,1.272766666666666602e+00
3.612000000000000000e+04,1.272533333333333329e-02,1.272533333333333294e+00
3.618000000000000000e+04,1.272299999999999993e-02,1.272299999999999986e+00
3.624000000000000000e+04,1.272066666666666658e-02,1.272066666666666679e+00
3.630000000000000000e+04,1.271833333333333323e-02,1.271833333333333371e+00
3.636000000000000000e+04,1.271599999999999987e-02,1.271600000000000064e+00
3.642000000000000000e+04,1.271366666666666652e-02,1.271366666666666756e+00
3.648000000000000000e+04,1.271133333333333316e-02,1.271133333333333226e+00
3.654000000000000000e+04,1.270899999999999981e-02,1.270899999999999919e+00
3.660000000000000000e+04,1.270666666666666646e-02,1.270666666666666611e+00
3.666000000000000000e+04,1.270433333333333310e-02,1.270433333333333303e+00
3.672000000000000000e+04,1.270199999999999975e-02,1.270199999999999996e+00
3.678000000000000000e+04,1.269966666666666640e-02,1.269966666666666688e+00
3.684000000000000000e+04,1.269733333333333304e-02,1.269733333333333380e+00
3.690000000000000000e+04,1.269500000000000142e-02,1.269500000000000073e+00
3.696000000000000000e+04,1.269266666666666807e-02,1.269266666666666765e+00
3.702000000000000000e+04,1.269033333333333471e-02,1.269033333333333458e+00
3.708000000000000000e+04,1.268800000000000136e-02,1.268800000000000150e+00
3.714000000000000000e+04,1.268566666666666801e-02,1.268566666666666842e+00
3.720000000000000000e+04,1.268333333333333465e-02,1.268333333333333535e+00
3.726000000000000000e+04,1.268100000000000130e-02,1.268100000000000227e+00
3.732000000000000000e+04,1.267866666666666794e-02,1.267866666666666697e+00
3.738000000000000000e+04,1.267633333333333459e-02,1.267633333333333390e+00
3.744000000000000000e+04,1.267400000000000124e-02,1.267400000000000082e+00
3.750000000000000000e+04,1.267166666666666788e-02,1.267166666666666774e+00
3.756000000000000000e+04,1.266933333333333453e-02,1.266933333333333467e+00
3.762000000000000000e+04,1.266700000000000118e-02,1.266700000000000159e+00
3.768000000000000000e+04,1.266466666666666782e-02,1.266466666666666852e+00
3.774000000000000000e+04,1.266233333333333447e-02,1.266233333333333544e+00
3.780000000000000000e+04,1.266000000000000111e-02,1.266000000000000014e+00
3.786000000000000000e+04,1.265800000000000085e-02,1.265800000000000036e+00
3.792000000000000000e+04,1.265600000000000058e-02,1.265600000000000058e+00
3.798000000000000000e+04,1.265400000000000032e-02,1.265400000000000080e+00
3.804000000000000000e+04,1.265200000000000179e-02,1.265200000000000102e+00
3.810000000000000000e+04,1.265000000000000152e-02,1.265000000000000124e+00
3.816000000000000000e+04,1.264800000000000126e-02,1.264800000000000146e+00
3.822000000000000000e+04,1.264600000000000099e-02,1.264600000000000168e+00
3.828000000000000000e+04,1.264400000000000072e-02,1.264399999999999968e+00
3.834000000000000000e+04,1.264200000000000046e-02,1.264199999999999990e+00
3.840000000000000000e+04,1.264000000000000019e-02,1.264000000000000012e+00
3.846000000000000000e+04,1.263799999999999993e-02,1.263800000000000034e+00
3.852000000000000000e+04,1.263600000000000140e-02,1.263600000000000056e+00
3.858000000000000000e+04,1.263400000000000113e-02,1.263400000000000079e+00
3.864000000000000000e+04,1.263200000000000087e-02,1.263200000000000101e+00
3.870000000000000000e+04,1.263000000000000060e-02,1.263000000000000123e+00
3.876000000000000000e+04,1.262800000000000034e-02,1.262799999999999923e+00
3.882000000000000000e+04,1.262600000000000007e-02,1.262599999999999945e+00
3.888000000000000000e+04,1.262399999999999980e-02,1.262399999999999967e+00
3.894000000000000000e+04,1.262200000000000127e-02,1.262200000000000211e+00
3.900000000000000000e+04,1.262000000000000101e-02,1.262000000000000011e+00
3.906000000000000000e+04,1.261800000000000074e-02,1.261800000000000033e+00
3.912000000000000000e+04,1.261600000000000048e-02,1.261600000000000055e+00
3.918000000000000000e+04,1.261400000000000021e-02,1.261400000000000077e+00
3.924000000000000000e+04,1.261199999999999995e-02,1.261200000000000099e+00
3.930000000000000000e+04,1.260999999999999968e-02,1.260999999999999899e+00
3.936000000000000000e+04,1.260799999999999942e-02,1.260799999999999921e+00
3.942000000000000000e+04,1.260600000000000089e-02,1.260600000000000165e+00
3.948000000000000000e+04,1.260400000000000062e-02,1.260399999999999965e+00
3.954000000000000000e+04,1.260200000000000035e-02,1.260199999999999987e+00
3.960000000000000000e+04,1.260000000000000009e-02,1.260000000000000009e+00
3.966000000000000000e+04,1.259766666666666673e-02,1.259766666666666701e+00
3.972000000000000000e+04,1.259533333333333338e-02,1.259533333333333394e+00
3.978000000000000000e+04,1.259300000000000003e-02,1.259300000000000086e+00
3.984000000000000000e+04,1.259066666666666667e-02,1.259066666666666556e+00
3.990000000000000000e+04,1.258833333333333332e-02,1.258833333333333249e+00
3.996000000000000000e+04,1.258599999999999997e-02,1.258599999999999941e+00
4.002000000000000000e+04,1.258366666666666661e-02,1.258366666666666633e+00
4.008000000000000000e+04,1.258133333333333326e-02,1.258133333333333326e+00
4.014000000000000000e+04,1.257899999999999990e-02,1.257900000000000018e+00
4.020000000000000000e+04,1.257666666666666655e-02,1.257666666666666710e+00
4.026000000000000000e+04,1.257433333333333320e-02,1.257433333333333403e+00
4.032000000000000000e+04,1.257199999999999984e-02,1.257200000000000095e+00
4.038000000000000000e+04,1.256966666666666649e-02,1.256966666666666566e+00
4.044000000000000000e+04,1.256733333333333313e-02,1.256733333333333258e+00
4.050000000000000000e+04,1.256499999999999978e-02,1.256499999999999950e+00
4.056000000000000000e+04,1.256266666666666643e-02,1.256266666666666643e+00
4.062000000000000000e+04,1.256033333333333307e-02,1.256033333333333335e+00
4.068000000000000000e+04,1.255799999999999972e-02,1.255800000000000027e+00
4.074000000000000000e+04,1.255566666666666636e-02,1.255566666666666720e+00
4.080000000000000000e+04,1.255333333333333301e-02,1.255333333333333190e+00
4.086000000000000000e+04,1.255099999999999966e-02,1.255099999999999882e+00
4.092000000000000000e+04,1.254866666666666630e-02,1.254866666666666575e+00
4.098000000000000000e+04,1.254633333333333295e-02,1.254633333333333267e+00
4.104000000000000000e+04,1.254399999999999959e-02,1.254399999999999959e+00
4.110000000000000000e+04,1.254166666666666624e-02,1.254166666666666652e+00
4.116000000000000000e+04,1.253933333333333289e-02,1.253933333333333344e+00
4.122000000000000000e+04,1.253699999999999953e-02,1.253700000000000037e+00
4.128000000000000000e+04,1.253466666666666618e-02,1.253466666666666729e+00
4.134000000000000000e+04,1.253233333333333283e-02,1.253233333333333199e+00
4.140000000000000000e+04,1.252999999999999947e-02,1.252999999999999892e+00
4.146000000000000000e+04,1.252833333333333229e-02,1.252833333333333243e+00
4.152000000000000000e+04,1.252666666666666685e-02,1.252666666666666595e+00
4.158000000000000000e+04,1.252499999999999968e-02,1.252499999999999947e+00
4.164000000000000000e+04,1.252333333333333250e-02,1.252333333333333298e+00
4.170000000000000000e+04,1.252166666666666706e-02,1.252166666666666650e+00
4.176000000000000000e+04,1.251999999999999988e-02,1.252000000000000002e+00
4.182000000000000000e+04,1.251833333333333270e-02,1.251833333333333353e+00
4.188000000000000000e+04,1.251666666666666552e-02,1.251666666666666483e+00
4.194000000000000000e+04,1.251500000000000008e-02,1.251500000000000057e+00
4.200000000000000000e+04,1.251333333333333291e-02,1.251333333333333186e+00
4.206000000000000000e+04,1.251166666666666573e-02,1.251166666666666538e+00
4.212000000000000000e+04,1.251000000000000029e-02,1.251000000000000112e+00
4.218000000000000000e+04,1.250833333333333311e-02,1.250833333333333242e+00
4.224000000000000000e+04,1.250666666666666593e-02,1.250666666666666593e+00
4.230000000000000000e+04,1.250499999999999876e-02,1.250499999999999945e+00
4.236000000000000000e+04,1.250333333333333331e-02,1.250333333333333297e+00
4.242000000000000000e+04,1.250166666666666614e-02,1.250166666666666648e+00
4.248000000000000000e+04,1.249999999999999896e-02,1.250000000000000000e+00
4.254000000000000000e+04,1.249833333333333352e-02,1.249833333333333352e+00
4.260000000000000000e+04,1.249666666666666634e-02,1.249666666666666703e+00
4.266000000000000000e+04,1.249499999999999916e-02,1.249499999999999833e+00
4.272000000000000000e+04,1.249333333333333372e-02,1.249333333333333407e+00
4.278000000000000000e+04,1.249166666666666654e-02,1.249166666666666758e+00
4.284000000000000000e+04,1.248999999999999937e-02,1.248999999999999888e+00
4.290000000000000000e+04,1.248833333333333392e-02,1.248833333333333462e+00
4.296000000000000000e+04,1.248666666666666675e-02,1.248666666666666591e+00
4.302000000000000000e+04,1.248499999999999957e-02,1.248499999999999943e+00
4.308000000000000000e+04,1.248333333333333239e-02,1.248333333333333295e+00
4.314000000000000000e+04,1.248166666666666695e-02,1.248166666666666647e+00
4.320000000000000000e+04,1.247999999999999977e-02,1.247999999999999998e+00
4.326000000000000000e+04,1.247866666666666569e-02,1.247866666666666458e+00
4.332000000000000000e+04,1.247733333333333333e-02,1.247733333333333361e+00
4.338000000000000000e+04,1.247599999999999924e-02,1.247599999999999820e+00
4.344000000000000000e+04,1.247466666666666689e-02,1.247466666666666724e+00
4.350000000000000000e+04,1.247333333333333280e-02,1.247333333333333183e+00
4.356000000000000000e+04,1.247200000000000045e-02,1.247200000000000086e+00
4.362000000000000000e+04,1.247066666666666636e-02,1.247066666666666546e+00
4.368000000000000000e+04,1.246933333333333227e-02,1.246933333333333227e+00
4.374000000000000000e+04,1.246799999999999992e-02,1.246799999999999908e+00
4.380000000000000000e+04,1.246666666666666583e-02,1.246666666666666590e+00
4.386000000000000000e+04,1.246533333333333347e-02,1.246533333333333271e+00
4.392000000000000000e+04,1.246399999999999939e-02,1.246399999999999952e+00
4.398000000000000000e+04,1.246266666666666703e-02,1.246266666666666634e+00
4.404000000000000000e+04,1.246133333333333294e-02,1.246133333333333315e+00
4.410000000000000000e+04,1.245999999999999885e-02,1.245999999999999996e+00
4.416000000000000000e+04,1.245866666666666650e-02,1.245866666666666678e+00
4.422000000000000000e+04,1.245733333333333241e-02,1.245733333333333137e+00
4.428000000000000000e+04,1.245600000000000006e-02,1.245600000000000041e+00
4.434000000000000000e+04,1.245466666666666597e-02,1.245466666666666500e+00
4.440000000000000000e+04,1.245333333333333362e-02,1.245333333333333403e+00
4.446000000000000000e+04,1.245199999999999953e-02,1.245199999999999863e+00
4.452000000000000000e+04,1.245066666666666717e-02,1.245066666666666766e+00
4.458000000000000000e+04,1.244933333333333308e-02,1.244933333333333225e+00
4.464000000000000000e+04,1.244799999999999900e-02,1.244799999999999907e+00
4.470000000000000000e+04,1.244666666666666664e-02,1.244666666666666588e+00
4.476000000000000000e+04,1.244533333333333255e-02,1.244533333333333269e+00
4.482000000000000000e+04,1.244400000000000020e-02,1.244399999999999951e+00
4.488000000000000000e+04,1.244266666666666611e-02,1.244266666666666632e+00
4.494000000000000000e+04,1.244133333333333376e-02,1.244133333333333313e+00
4.500000000000000000e+04,1.243999999999999967e-02,1.243999999999999995e+00
4.506000000000000000e+04,1.243866666666666558e-02,1.243866666666666454e+00
4.512000000000000000e+04,1.243733333333333323e-02,1.243733333333333357e+00
4.518000000000000000e+04,1.243599999999999914e-02,1.243599999999999817e+00
4.524000000000000000e+04,1.243466666666666678e-02,1.243466666666666720e+00
4.530000000000000000e+04,1.243333333333333270e-02,1.243333333333333179e+00
4.536000000000000000e+04,1.243200000000000034e-02,1.243200000000000083e+00
4.542000000000000000e+04,1.243066666666666625e-02,1.243066666666666542e+00
4.548000000000000000e+04,1.242933333333333216e-02,1.242933333333333223e+00
4.554000000000000000e+04,1.242799999999999981e-02,1.242799999999999905e+00
4.560000000000000000e+04,1.242666666666666572e-02,1.242666666666666586e+00
4.566000000000000000e+04,1.242533333333333337e-02,1.242533333333333267e+00
4.572000000000000000e+04,1.242399999999999928e-02,1.242399999999999949e+00
4.578000000000000000e+04,1.242266666666666693e-02,1.242266666666666630e+00
4.584000000000000000e+04,1.242133333333333284e-02,1.242133333333333312e+00
4.590000000000000000e+04,1.242000000000000048e-02,1.241999999999999993e+00
4.596000000000000000e+04,1.241866666666666640e-02,1.241866666666666674e+00
4.602000000000000000e+04,1.241733333333333231e-02,1.241733333333333134e+00
4.608000000000000000e+04,1.241599999999999995e-02,1.241600000000000037e+00
4.614000000000000000e+04,1.241466666666666586e-02,1.241466666666666496e+00
4.620000000000000000e+04,1.241333333333333351e-02,1.241333333333333400e+00
4.626000000000000000e+04,1.241199999999999942e-02,1.241199999999999859e+00
4.632000000000000000e+04,1.241066666666666707e-02,1.241066666666666762e+00
4.638000000000000000e+04,1.240933333333333298e-02,1.240933333333333222e+00
4.644000000000000000e+04,1.240799999999999889e-02,1.240799999999999903e+00
4.650000000000000000e+04,1.240666666666666654e-02,1.240666666666666584e+00
4.656000000000000000e+04,1.240533333333333245e-02,1.240533333333333266e+00
4.662000000000000000e+04,1.240400000000000010e-02,1.240399999999999947e+00
4.668000000000000000e+04,1.240266666666666601e-02,1.240266666666666628e+00
4.674000000000000000e+04,1.240133333333333365e-02,1.240133333333333310e+00
4.680000000000000000e+04,1.239999999999999956e-02,1.239999999999999991e+00
4.686000000000000000e+04,1.239866666666666548e-02,1.239866666666666450e+00
4.692000000000000000e+04,1.239733333333333312e-02,1.239733333333333354e+00
4.698000000000000000e+04,1.239599999999999903e-02,1.239599999999999813e+00
4.704000000000000000e+04,1.239466666666666668e-02,1.239466666666666717e+00
4.710000000000000000e+04,1.239333333333333259e-02,1.239333333333333176e+00
4.716000000000000000e+04,1.239200000000000024e-02,1.239200000000000079e+00
4.722000000000000000e+04,1.239066666666666615e-02,1.239066666666666539e+00
4.728000000000000000e+04,1.238933333333333206e-02,1.238933333333333220e+00
4.734000000000000000e+04,1.238799999999999971e-02,1.238799999999999901e+00
4.740000000000000000e+04,1.238666666666666562e-02,1.238666666666666583e+00
4.746000000000000000e+04,1.238533333333333326e-02,1.238533333333333264e+00
4.752000000000000000e+04,1.238399999999999918e-02,1.238399999999999945e+00
4.758000000000000000e+04,1.238266666666666682e-02,1.238266666666666627e+00
4.764000000000000000e+04,1.238133333333333273e-02,1.238133333333333308e+00
4.770000000000000000e+04,1.237999999999999864e-02,1.237999999999999767e+00
4.776000000000000000e+04,1.237866666666666629e-02,1.237866666666666671e+00
4.782000000000000000e+04,1.237733333333333220e-02,1.237733333333333130e+00
4.788000000000000000e+04,1.237599999999999985e-02,1.237600000000000033e+00
4.794000000000000000e+04,1.237466666666666576e-02,1.237466666666666493e+00
4.800000000000000000e+04,1.237333333333333341e-02,1.237333333333333396e+00
4.806000000000000000e+04,1.237199999999999932e-02,1.237199999999999855e+00
4.812000000000000000e+04,1.237066666666666696e-02,1.237066666666666759e+00
4.818000000000000000e+04,1.236933333333333287e-02,1.236933333333333218e+00
4.824000000000000000e+04,1.236799999999999879e-02,1.236799999999999899e+00
4.830000000000000000e+04,1.236666666666666643e-02,1.236666666666666581e+00
4.836000000000000000e+04,1.236533333333333234e-02,1.236533333333333262e+00
4.842000000000000000e+04,1.236399999999999999e-02,1.236399999999999944e+00
4.848000000000000000e+04,1.236266666666666590e-02,1.236266666666666625e+00
4.854000000000000000e+04,1.236133333333333355e-02,1.236133333333333306e+00
4.860000000000000000e+04,1.235999999999999946e-02,1.235999999999999988e+00
4.866000000000000000e+04,1.235900000000000019e-02,1.235899999999999999e+00
4.872000000000000000e+04,1.235799999999999919e-02,1.235800000000000010e+00
4.878000000000000000e+04,1.235699999999999993e-02,1.235700000000000021e+00
4.884000000000000000e+04,1.235599999999999893e-02,1.235599999999999810e+00
4.890000000000000000e+04,1.235499999999999966e-02,1.235500000000000043e+00
4.896000000000000000e+04,1.235400000000000040e-02,1.235400000000000054e+00
4.902000000000000000e+04,1.235299999999999940e-02,1.235299999999999843e+00
4.908000000000000000e+04,1.235200000000000013e-02,1.235200000000000076e+00
4.914000000000000000e+04,1.235099999999999913e-02,1.235099999999999865e+00
4.920000000000000000e+04,1.234999999999999987e-02,1.234999999999999876e+00
4.926000000000000000e+04,1.234900000000000060e-02,1.234900000000000109e+00
4.932000000000000000e+04,1.234799999999999960e-02,1.234799999999999898e+00
4.938000000000000000e+04,1.234700000000000034e-02,1.234700000000000131e+00
4.944000000000000000e+04,1.234599999999999934e-02,1.234599999999999920e+00
4.950000000000000000e+04,1.234500000000000007e-02,1.234499999999999931e+00
4.956000000000000000e+04,1.234400000000000081e-02,1.234400000000000164e+00
4.962000000000000000e+04,1.234299999999999981e-02,1.234299999999999953e+00
4.968000000000000000e+04,1.234200000000000054e-02,1.234199999999999964e+00
4.974000000000000000e+04,1.234099999999999954e-02,1.234099999999999975e+00
4.980000000000000000e+04,1.234000000000000027e-02,1.233999999999999986e+00
4.986000000000000000e+04,1.233900000000000101e-02,1.233899999999999997e+00
4.992000000000000000e+04,1.233800000000000001e-02,1.233800000000000008e+00
4.998000000000000000e+04,1.233700000000000074e-02,1.233700000000000019e+00
5.004000000000000000e+04,1.233599999999999974e-02,1.233600000000000030e+00
5.010000000000000000e+04,1.233500000000000048e-02,1.233500000000000041e+00
5.016000000000000000e+04,1.233400000000000121e-02,1.233400000000000052e+00
5.022000000000000000e+04,1.233300000000000021e-02,1.233300000000000063e+00
5.028000000000000000e+04,1.233200000000000095e-02,1.233200000000000074e+00
5.034000000000000000e+04,1.233099999999999995e-02,1.233100000000000085e+00
5.040000000000000000e+04,1.233000000000000068e-02,1.233000000000000096e+00
5.046000000000000000e+04,1.232866666666666659e-02,1.232866666666666555e+00
5.052000000000000000e+04,1.232733333333333424e-02,1.232733333333333459e+00
5.058000000000000000e+04,1.232600000000000015e-02,1.232599999999999918e+00
5.064000000000000000e+04,1.232466666666666780e-02,1.232466666666666821e+00
5.070000000000000000e+04,1.232333333333333371e-02,1.232333333333333281e+00
5.076000000000000000e+04,1.232200000000000135e-02,1.232200000000000184e+00
5.082000000000000000e+04,1.232066666666666727e-02,1.232066666666666643e+00
5.088000000000000000e+04,1.231933333333333318e-02,1.231933333333333325e+00
5.094000000000000000e+04,1.231800000000000082e-02,1.231800000000000006e+00
5.100000000000000000e+04,1.231666666666666674e-02,1.231666666666666687e+00
5.106000000000000000e+04,1.231533333333333438e-02,1.231533333333333369e+00
5.112000000000000000e+04,1.231400000000000029e-02,1.231400000000000050e+00
5.118000000000000000e+04,1.231266666666666794e-02,1.231266666666666731e+00
5.124000000000000000e+04,1.231133333333333385e-02,1.231133333333333413e+00
5.130000000000000000e+04,1.231000000000000150e-02,1.231000000000000094e+00
5.136000000000000000e+04,1.230866666666666741e-02,1.230866666666666775e+00
5.142000000000000000e+04,1.230733333333333332e-02,1.230733333333333235e+00
5.148000000000000000e+04,1.230600000000000097e-02,1.230600000000000138e+00
5.154000000000000000e+04,1.230466666666666688e-02,1.230466666666666598e+00
5.160000000000000000e+04,1.230333333333333452e-02,1.230333333333333501e+00
5.166000000000000000e+04,1.230200000000000043e-02,1.230199999999999960e+00
5.172000000000000000e+04,1.230066666666666808e-02,1.230066666666666864e+00
5.178000000000000000e+04,1.229933333333333399e-02,1.229933333333333323e+00
5.184000000000000000e+04,1.229799999999999990e-02,1.229800000000000004e+00
5.190000000000000000e+04,1.229666666666666755e-02,1.229666666666666686e+00
5.196000000000000000e+04,1.229533333333333346e-02,1.229533333333333367e+00
5.202000000000000000e+04,1.229400000000000111e-02,1.229400000000000048e+00
5.208000000000000000e+04,1.229266666666666702e-02,1.229266666666666730e+00
5.214000000000000000e+04,1.229133333333333467e-02,1.229133333333333411e+00
5.220000000000000000e+04,1.229000000000000058e-02,1.229000000000000092e+00
5.226000000000000000e+04,1.228900000000000131e-02,1.228900000000000103e+00
5.232000000000000000e+04,1.228800000000000031e-02,1.228800000000000114e+00
5.238000000000000000e+04,1.228700000000000105e-02,1.228700000000000125e+00
5.244000000000000000e+04,1.228600000000000005e-02,1.228599999999999914e+00
5.250000000000000000e+04,1.228500000000000078e-02,1.228500000000000147e+00
5.256000000000000000e+04,1.228399999999999978e-02,1.228399999999999936e+00
5.262000000000000000e+04,1.228300000000000052e-02,1.228299999999999947e+00
5.268000000000000000e+04,1.228200000000000125e-02,1.228200000000000180e+00
5.274000000000000000e+04,1.228100000000000025e-02,1.228099999999999969e+00
5.280000000000000000e+04,1.228000000000000098e-02,1.228000000000000203e+00
5.286000000000000000e+04,1.227899999999999998e-02,1.227899999999999991e+00
5.292000000000000000e+04,1.227800000000000072e-02,1.227800000000000002e+00
5.298000000000000000e+04,1.227699999999999972e-02,1.227700000000000014e+00
5.304000000000000000e+04,1.227600000000000045e-02,1.227600000000000025e+00
5.310000000000000000e+04,1.227500000000000119e-02,1.227500000000000036e+00
5.316000000000000000e+04,1.227400000000000019e-02,1.227400000000000047e+00
5.322000000000000000e+04,1.227300000000000092e-02,1.227300000000000058e+00
5.328000000000000000e+04,1.227199999999999992e-02,1.227200000000000069e+00
5.334000000000000000e+04,1.227100000000000066e-02,1.227100000000000080e+00
5.340000000000000000e+04,1.226999999999999966e-02,1.226999999999999869e+00
5.346000000000000000e+04,1.226900000000000039e-02,1.226900000000000102e+00
5.352000000000000000e+04,1.226799999999999939e-02,1.226799999999999891e+00
5.358000000000000000e+04,1.226700000000000013e-02,1.226700000000000124e+00
5.364000000000000000e+04,1.226600000000000086e-02,1.226600000000000135e+00
5.370000000000000000e+04,1.226499999999999986e-02,1.226499999999999924e+00
5.376000000000000000e+04,1.226400000000000060e-02,1.226400000000000157e+00
5.382000000000000000e+04,1.226299999999999960e-02,1.226299999999999946e+00
5.388000000000000000e+04,1.226200000000000033e-02,1.226199999999999957e+00
5.394000000000000000e+04,1.226099999999999933e-02,1.226099999999999968e+00
5.400000000000000000e+04,1.226000000000000006e-02,1.225999999999999979e+00
5.406000000000000000e+04,1.225900000000000080e-02,1.225899999999999990e+00
5.412000000000000000e+04,1.225799999999999980e-02,1.225800000000000001e+00
5.418000000000000000e+04,1.225700000000000053e-02,1.225700000000000012e+00
5.424000000000000000e+04,1.225599999999999953e-02,1.225600000000000023e+00
5.430000000000000000e+04,1.225500000000000027e-02,1.225500000000000034e+00
5.436000000000000000e+04,1.225400000000000100e-02,1.225400000000000045e+00
5.442000000000000000e+04,1.225300000000000000e-02,1.225300000000000056e+00
5.448000000000000000e+04,1.225200000000000074e-02,1.225200000000000067e+00
5.454000000000000000e+04,1.225099999999999974e-02,1.225100000000000078e+00
5.460000000000000000e+04,1.225000000000000047e-02,1.225000000000000089e+00
5.466000000000000000e+04,1.224900000000000121e-02,1.224900000000000100e+00
5.472000000000000000e+04,1.224800000000000021e-02,1.224800000000000111e+00
5.478000000000000000e+04,1.224700000000000094e-02,1.224700000000000122e+00
5.484000000000000000e+04,1.224599999999999994e-02,1.224599999999999911e+00
5.490000000000000000e+04,1.224500000000000068e-02,1.224500000000000144e+00
5.496000000000000000e+04,1.224400000000000141e-02,1.224400000000000155e+00
5.502000000000000000e+04,1.224300000000000041e-02,1.224299999999999944e+00
5.508000000000000000e+04,1.224200000000000114e-02,1.224200000000000177e+00
5.514000000000000000e+04,1.224100000000000014e-02,1.224099999999999966e+00
5.520000000000000000e+04,1.224000000000000088e-02,1.224000000000000199e+00
5.526000000000000000e+04,1.223900000000000161e-02,1.223900000000000210e+00
5.532000000000000000e+04,1.223800000000000061e-02,1.223799999999999999e+00
5.538000000000000000e+04,1.223700000000000135e-02,1.223700000000000232e+00
5.544000000000000000e+04,1.223600000000000035e-02,1.223600000000000021e+00
5.550000000000000000e+04,1.223500000000000108e-02,1.223500000000000032e+00
5.556000000000000000e+04,1.223400000000000182e-02,1.223400000000000265e+00
5.562000000000000000e+04,1.223300000000000082e-02,1.223300000000000054e+00
5.568000000000000000e+04,1.223200000000000155e-02,1.223200000000000065e+00
5.574000000000000000e+04,1.223100000000000055e-02,1.223100000000000076e+00
5.580000000000000000e+04,1.223000000000000129e-02,1.223000000000000087e+00
5.586000000000000000e+04,1.222933333333333511e-02,1.222933333333333428e+00
5.592000000000000000e+04,1.222866666666666720e-02,1.222866666666666768e+00
5.598000000000000000e+04,1.222800000000000102e-02,1.222800000000000109e+00
5.604000000000000000e+04,1.222733333333333484e-02,1.222733333333333450e+00
5.610000000000000000e+04,1.222666666666666693e-02,1.222666666666666790e+00
5.616000000000000000e+04,1.222600000000000076e-02,1.222600000000000131e+00
5.622000000000000000e+04,1.222533333333333458e-02,1.222533333333333472e+00
5.628000000000000000e+04,1.222466666666666840e-02,1.222466666666666812e+00
5.634000000000000000e+04,1.222400000000000049e-02,1.222400000000000153e+00
5.640000000000000000e+04,1.222333333333333431e-02,1.222333333333333494e+00
5.646000000000000000e+04,1.222266666666666814e-02,1.222266666666666834e+00
5.652000000000000000e+04,1.222200000000000022e-02,1.222199999999999953e+00
5.658000000000000000e+04,1.222133333333333405e-02,1.222133333333333294e+00
5.664000000000000000e+04,1.222066666666666787e-02,1.222066666666666857e+00
5.670000000000000000e+04,1.222000000000000169e-02,1.222000000000000197e+00
5.676000000000000000e+04,1.221933333333333378e-02,1.221933333333333316e+00
5.682000000000000000e+04,1.221866666666666761e-02,1.221866666666666656e+00
5.688000000000000000e+04,1.221800000000000143e-02,1.221800000000000219e+00
5.694000000000000000e+04,1.221733333333333352e-02,1.221733333333333338e+00
5.700000000000000000e+04,1.221666666666666734e-02,1.221666666666666679e+00
5.706000000000000000e+04,1.221600000000000116e-02,1.221600000000000019e+00
5.712000000000000000e+04,1.221533333333333325e-02,1.221533333333333360e+00
5.718000000000000000e+04,1.221466666666666707e-02,1.221466666666666701e+00
5.724000000000000000e+04,1.221400000000000090e-02,1.221400000000000041e+00
5.730000000000000000e+04,1.221333333333333299e-02,1.221333333333333382e+00
5.736000000000000000e+04,1.221266666666666681e-02,1.221266666666666723e+00
5.742000000000000000e+04,1.221200000000000063e-02,1.221200000000000063e+00
5.748000000000000000e+04,1.221133333333333446e-02,1.221133333333333404e+00
5.754000000000000000e+04,1.221066666666666654e-02,1.221066666666666745e+00
5.760000000000000000e+04,1.221000000000000037e-02,1.221000000000000085e+00
5.766000000000000000e+04,1.220933333333333419e-02,1.220933333333333426e+00
5.772000000000000000e+04,1.220866666666666628e-02,1.220866666666666545e+00
5.778000000000000000e+04,1.220800000000000010e-02,1.220800000000000107e+00
5.784000000000000000e+04,1.220733333333333392e-02,1.220733333333333448e+00
5.790000000000000000e+04,1.220666666666666775e-02,1.220666666666666789e+00
5.796000000000000000e+04,1.220599999999999984e-02,1.220599999999999907e+00
5.802000000000000000e+04,1.220533333333333366e-02,1.220533333333333470e+00
5.808000000000000000e+04,1.220466666666666748e-02,1.220466666666666811e+00
5.814000000000000000e+04,1.220400000000000131e-02,1.220400000000000151e+00
5.820000000000000000e+04,1.220333333333333339e-02,1.220333333333333270e+00
5.826000000000000000e+04,1.220266666666666722e-02,1.220266666666666833e+00
5.832000000000000000e+04,1.220200000000000104e-02,1.220200000000000173e+00
5.838000000000000000e+04,1.220133333333333486e-02,1.220133333333333514e+00
5.844000000000000000e+04,1.220066666666666695e-02,1.220066666666666633e+00
5.850000000000000000e+04,1.220000000000000077e-02,1.219999999999999973e+00
5.856000000000000000e+04,1.219933333333333460e-02,1.219933333333333536e+00
5.862000000000000000e+04,1.219866666666666669e-02,1.219866666666666655e+00
5.868000000000000000e+04,1.219800000000000051e-02,1.219799999999999995e+00
5.874000000000000000e+04,1.219733333333333433e-02,1.219733333333333336e+00
5.880000000000000000e+04,1.219666666666666816e-02,1.219666666666666899e+00
5.886000000000000000e+04,1.219600000000000024e-02,1.219600000000000017e+00
5.892000000000000000e+04,1.219533333333333407e-02,1.219533333333333358e+00
5.898000000000000000e+04,1.219466666666666789e-02,1.219466666666666699e+00
5.904000000000000000e+04,1.219400000000000171e-02,1.219400000000000261e+00
5.910000000000000000e+04,1.219333333333333380e-02,1.219333333333333380e+00
5.916000000000000000e+04,1.219266666666666762e-02,1.219266666666666721e+00
5.922000000000000000e+04,1.219200000000000145e-02,1.219200000000000061e+00
5.928000000000000000e+04,1.219133333333333527e-02,1.219133333333333624e+00
5.934000000000000000e+04,1.219066666666666736e-02,1.219066666666666743e+00
5.940000000000000000e+04,1.219000000000000118e-02,1.219000000000000083e+00
5.946000000000000000e+04,1.218966666666666809e-02,1.218966666666666754e+00
5.952000000000000000e+04,1.218933333333333500e-02,1.218933333333333424e+00
5.958000000000000000e+04,1.218900000000000192e-02,1.218900000000000095e+00
5.964000000000000000e+04,1.218866666666666709e-02,1.218866666666666765e+00
5.970000000000000000e+04,1.218833333333333400e-02,1.218833333333333435e+00
5.976000000000000000e+04,1.218800000000000092e-02,1.218800000000000106e+00
5.982000000000000000e+04,1.218766666666666783e-02,1.218766666666666776e+00
5.988000000000000000e+04,1.218733333333333474e-02,1.218733333333333446e+00
5.994000000000000000e+04,1.218699999999999992e-02,1.218699999999999894e+00
6.000000000000000000e+04,1.218666666666666683e-02,1.218666666666666787e+00
6.006000000000000000e+04,1.218633333333333374e-02,1.218633333333333457e+00
6.012000000000000000e+04,1.218600000000000065e-02,1.218600000000000128e+00
6.018000000000000000e+04,1.218566666666666756e-02,1.218566666666666798e+00
6.024000000000000000e+04,1.218533333333333447e-02,1.218533333333333468e+00
6.030000000000000000e+04,1.218500000000000139e-02,1.218500000000000139e+00
6.036000000000000000e+04,1.218466666666666656e-02,1.218466666666666587e+00
6.042000000000000000e+04,1.218433333333333347e-02,1.218433333333333257e+00
6.048000000000000000e+04,1.218400000000000039e-02,1.218399999999999928e+00
6.054000000000000000e+04,1.218366666666666730e-02,1.218366666666666820e+00
6.060000000000000000e+04,1.218333333333333421e-02,1.218333333333333490e+00
6.066000000000000000e+04,1.218299999999999939e-02,1.218299999999999939e+00
6.072000000000000000e+04,1.218266666666666630e-02,1.218266666666666609e+00
6.078000000000000000e+04,1.218233333333333321e-02,1.218233333333333279e+00
6.084000000000000000e+04,1.218200000000000012e-02,1.218199999999999950e+00
6.090000000000000000e+04,1.218166666666666703e-02,1.218166666666666620e+00
6.096000000000000000e+04,1.218133333333333394e-02,1.218133333333333290e+00
6.102000000000000000e+04,1.218100000000000085e-02,1.218100000000000183e+00
6.108000000000000000e+04,1.218066666666666603e-02,1.218066666666666631e+00
6.114000000000000000e+04,1.218033333333333294e-02,1.218033333333333301e+00
6.120000000000000000e+04,1.217999999999999985e-02,1.217999999999999972e+00
6.126000000000000000e+04,1.217933333333333368e-02,1.217933333333333312e+00
6.132000000000000000e+04,1.217866666666666577e-02,1.217866666666666653e+00
6.138000000000000000e+04,1.217799999999999959e-02,1.217799999999999994e+00
6.144000000000000000e+04,1.217733333333333341e-02,1.217733333333333334e+00
6.150000000000000000e+04,1.217666666666666724e-02,1.217666666666666675e+00
6.156000000000000000e+04,1.217599999999999932e-02,1.217600000000000016e+00
6.162000000000000000e+04,1.217533333333333315e-02,1.217533333333333356e+00
6.168000000000000000e+04,1.217466666666666697e-02,1.217466666666666697e+00
6.174000000000000000e+04,1.217400000000000079e-02,1.217400000000000038e+00
6.180000000000000000e+04,1.217333333333333288e-02,1.217333333333333378e+00
6.186000000000000000e+04,1.217266666666666670e-02,1.217266666666666719e+00
6.192000000000000000e+04,1.217200000000000053e-02,1.217200000000000060e+00
6.198000000000000000e+04,1.217133333333333435e-02,1.217133333333333400e+00
6.204000000000000000e+04,1.217066666666666644e-02,1.217066666666666741e+00
6.210000000000000000e+04,1.217000000000000026e-02,1.217000000000000082e+00
6.216000000000000000e+04,1.216933333333333409e-02,1.216933333333333422e+00
6.222000000000000000e+04,1.216866666666666617e-02,1.216866666666666541e+00
6.228000000000000000e+04,1.216800000000000000e-02,1.216800000000000104e+00
6.234000000000000000e+04,1.216733333333333382e-02,1.216733333333333444e+00
6.240000000000000000e+04,1.216666666666666764e-02,1.216666666666666785e+00
6.246000000000000000e+04,1.216599999999999973e-02,1.216599999999999904e+00
6.252000000000000000e+04,1.216533333333333355e-02,1.216533333333333466e+00
6.258000000000000000e+04,1.216466666666666738e-02,1.216466666666666807e+00
6.264000000000000000e+04,1.216400000000000120e-02,1.216400000000000148e+00
6.270000000000000000e+04,1.216333333333333329e-02,1.216333333333333266e+00
6.276000000000000000e+04,1.216266666666666711e-02,1.216266666666666607e+00
6.282000000000000000e+04,1.216200000000000093e-02,1.216200000000000170e+00
6.288000000000000000e+04,1.216133333333333476e-02,1.216133333333333510e+00
6.294000000000000000e+04,1.216066666666666685e-02,1.216066666666666629e+00
6.300000000000000000e+04,1.216000000000000067e-02,1.215999999999999970e+00
6.306000000000000000e+04,1.215933333333333449e-02,1.215933333333333533e+00
6.312000000000000000e+04,1.215866666666666658e-02,1.215866666666666651e+00
6.318000000000000000e+04,1.215800000000000040e-02,1.215799999999999992e+00
6.324000000000000000e+04,1.215733333333333423e-02,1.215733333333333333e+00
6.330000000000000000e+04,1.215666666666666632e-02,1.215666666666666673e+00
6.336000000000000000e+04,1.215600000000000014e-02,1.215600000000000014e+00
6.342000000000000000e+04,1.215533333333333396e-02,1.215533333333333355e+00
6.348000000000000000e+04,1.215466666666666778e-02,1.215466666666666695e+00
6.354000000000000000e+04,1.215399999999999987e-02,1.215400000000000036e+00
6.360000000000000000e+04,1.215333333333333370e-02,1.215333333333333377e+00
6.366000000000000000e+04,1.215266666666666752e-02,1.215266666666666717e+00
6.372000000000000000e+04,1.215199999999999961e-02,1.215200000000000058e+00
6.378000000000000000e+04,1.215133333333333343e-02,1.215133333333333399e+00
6.384000000000000000e+04,1.215066666666666725e-02,1.215066666666666739e+00
6.390000000000000000e+04,1.215000000000000108e-02,1.215000000000000080e+00
6.396000000000000000e+04,1.214933333333333317e-02,1.214933333333333421e+00
6.402000000000000000e+04,1.214866666666666699e-02,1.214866666666666761e+00
6.408000000000000000e+04,1.214800000000000081e-02,1.214800000000000102e+00
6.414000000000000000e+04,1.214733333333333290e-02,1.214733333333333221e+00
6.420000000000000000e+04,1.214666666666666672e-02,1.214666666666666561e+00
6.426000000000000000e+04,1.214600000000000055e-02,1.214600000000000124e+00
6.432000000000000000e+04,1.214533333333333263e-02,1.214533333333333243e+00
6.438000000000000000e+04,1.214466666666666646e-02,1.214466666666666583e+00
6.444000000000000000e+04,1.214400000000000028e-02,1.214399999999999924e+00
6.450000000000000000e+04,1.214333333333333237e-02,1.214333333333333265e+00
6.456000000000000000e+04,1.214266666666666619e-02,1.214266666666666605e+00
6.462000000000000000e+04,1.214200000000000002e-02,1.214199999999999946e+00
6.468000000000000000e+04,1.214133333333333384e-02,1.214133333333333287e+00
6.474000000000000000e+04,1.214066666666666593e-02,1.214066666666666627e+00
6.480000000000000000e+04,1.213999999999999975e-02,1.213999999999999968e+00
6.486000000000000000e+04,1.213966666666666666e-02,1.213966666666666638e+00
6.492000000000000000e+04,1.213933333333333357e-02,1.213933333333333309e+00
6.498000000000000000e+04,1.213900000000000048e-02,1.213899999999999979e+00
6.504000000000000000e+04,1.213866666666666740e-02,1.213866666666666649e+00
6.510000000000000000e+04,1.213833333333333431e-02,1.213833333333333542e+00
6.516000000000000000e+04,1.213799999999999948e-02,1.213799999999999990e+00
6.522000000000000000e+04,1.213766666666666640e-02,1.213766666666666660e+00
6.528000000000000000e+04,1.213733333333333331e-02,1.213733333333333331e+00
6.534000000000000000e+04,1.213700000000000022e-02,1.213700000000000001e+00
6.540000000000000000e+04,1.213666666666666713e-02,1.213666666666666671e+00
6.546000000000000000e+04,1.213633333333333404e-02,1.213633333333333342e+00
6.552000000000000000e+04,1.213600000000000095e-02,1.213600000000000012e+00
6.558000000000000000e+04,1.213566666666666787e-02,1.213566666666666682e+00
6.564000000000000000e+04,1.213533333333333478e-02,1.213533333333333575e+00
6.570000000000000000e+04,1.213499999999999995e-02,1.213500000000000023e+00
6.576000000000000000e+04,1.213466666666666686e-02,1.213466666666666693e+00
6.582000000000000000e+04,1.213433333333333378e-02,1.213433333333333364e+00
6.588000000000000000e+04,1.213400000000000069e-02,1.213400000000000034e+00
6.594000000000000000e+04,1.213366666666666760e-02,1.213366666666666704e+00
6.600000000000000000e+04,1.213333333333333451e-02,1.213333333333333375e+00
6.606000000000000000e+04,1.213300000000000142e-02,1.213300000000000045e+00
6.612000000000000000e+04,1.213266666666666833e-02,1.213266666666666938e+00
6.618000000000000000e+04,1.213233333333333525e-02,1.213233333333333608e+00
6.624000000000000000e+04,1.213200000000000216e-02,1.213200000000000278e+00
6.630000000000000000e+04,1.213166666666666907e-02,1.213166666666666949e+00
6.636000000000000000e+04,1.213133333333333425e-02,1.213133333333333397e+00
6.642000000000000000e+04,1.213100000000000116e-02,1.213100000000000067e+00
6.648000000000000000e+04,1.213066666666666807e-02,1.213066666666666737e+00
6.654000000000000000e+04,1.213033333333333498e-02,1.213033333333333408e+00
6.660000000000000000e+04,1.213000000000000189e-02,1.213000000000000078e+00
6.666000000000000000e+04,1.212966666666666880e-02,1.212966666666666971e+00
6.672000000000000000e+04,1.212933333333333571e-02,1.212933333333333641e+00
6.678000000000000000e+04,1.212900000000000089e-02,1.212900000000000089e+00
6.684000000000000000e+04,1.212866666666666780e-02,1.212866666666666760e+00
6.690000000000000000e+04,1.212833333333333471e-02,1.212833333333333430e+00
6.696000000000000000e+04,1.212800000000000163e-02,1.212800000000000100e+00
6.702000000000000000e+04,1.212766666666666854e-02,1.212766666666666771e+00
6.708000000000000000e+04,1.212733333333333545e-02,1.212733333333333441e+00
6.714000000000000000e+04,1.212700000000000236e-02,1.212700000000000333e+00
6.720000000000000000e+04,1.212666666666666754e-02,1.212666666666666782e+00
6.726000000000000000e+04,1.212633333333333445e-02,1.212633333333333452e+00
6.732000000000000000e+04,1.212600000000000136e-02,1.212600000000000122e+00
6.738000000000000000e+04,1.212566666666666827e-02,1.212566666666666793e+00
6.744000000000000000e+04,1.212533333333333518e-02,1.212533333333333463e+00
6.750000000000000000e+04,1.212500000000000036e-02,1.212500000000000133e+00
6.756000000000000000e+04,1.212466666666666727e-02,1.212466666666666804e+00
6.762000000000000000e+04,1.212433333333333418e-02,1.212433333333333474e+00
6.768000000000000000e+04,1.212400000000000110e-02,1.212400000000000144e+00
6.774000000000000000e+04,1.212366666666666801e-02,1.212366666666666815e+00
6.780000000000000000e+04,1.212333333333333492e-02,1.212333333333333485e+00
6.786000000000000000e+04,1.212300000000000183e-02,1.212300000000000155e+00
6.792000000000000000e+04,1.212266666666666701e-02,1.212266666666666604e+00
6.798000000000000000e+04,1.212233333333333392e-02,1.212233333333333496e+00
6.804000000000000000e+04,1.212200000000000083e-02,1.212200000000000166e+00
6.810000000000000000e+04,1.212166666666666774e-02,1.212166666666666837e+00
6.816000000000000000e+04,1.212133333333333465e-02,1.212133333333333507e+00
6.822000000000000000e+04,1.212099999999999983e-02,1.212099999999999955e+00
6.828000000000000000e+04,1.212066666666666674e-02,1.212066666666666626e+00
6.834000000000000000e+04,1.212033333333333365e-02,1.212033333333333296e+00
6.840000000000000000e+04,1.212000000000000056e-02,1.211999999999999966e+00
6.846000000000000000e+04,1.211966666666666748e-02,1.211966666666666637e+00
6.852000000000000000e+04,1.211933333333333439e-02,1.211933333333333529e+00
6.858000000000000000e+04,1.211900000000000130e-02,1.211900000000000199e+00
6.864000000000000000e+04,1.211866666666666648e-02,1.211866666666666648e+00
6.870000000000000000e+04,1.211833333333333339e-02,1.211833333333333318e+00
6.876000000000000000e+04,1.211800000000000030e-02,1.211799999999999988e+00
6.882000000000000000e+04,1.211766666666666721e-02,1.211766666666666659e+00
6.888000000000000000e+04,1.211733333333333412e-02,1.211733333333333329e+00
6.894000000000000000e+04,1.211700000000000103e-02,1.211699999999999999e+00
6.900000000000000000e+04,1.211666666666666795e-02,1.211666666666666892e+00
6.906000000000000000e+04,1.211633333333333486e-02,1.211633333333333562e+00
6.912000000000000000e+04,1.211600000000000003e-02,1.211600000000000010e+00
6.918000000000000000e+04,1.211566666666666695e-02,1.211566666666666681e+00
6.924000000000000000e+04,1.211533333333333386e-02,1.211533333333333351e+00
6.930000000000000000e+04,1.211500000000000077e-02,1.211500000000000021e+00
6.936000000000000000e+04,1.211466666666666768e-02,1.211466666666666692e+00
6.942000000000000000e+04,1.211433333333333459e-02,1.211433333333333362e+00
6.948000000000000000e+04,1.211400000000000150e-02,1.211400000000000254e+00
6.954000000000000000e+04,1.211366666666666668e-02,1.211366666666666703e+00
6.960000000000000000e+04,1.211333333333333359e-02,1.211333333333333373e+00
6.966000000000000000e+04,1.211300000000000050e-02,1.211300000000000043e+00
6.972000000000000000e+04,1.211266666666666741e-02,1.211266666666666714e+00
6.978000000000000000e+04,1.211233333333333433e-02,1.211233333333333384e+00
6.984000000000000000e+04,1.211200000000000124e-02,1.211200000000000054e+00
6.990000000000000000e+04,1.211166666666666815e-02,1.211166666666666725e+00
6.996000000000000000e+04,1.211133333333333506e-02,1.211133333333333617e+00
7.002000000000000000e+04,1.211100000000000024e-02,1.211100000000000065e+00
7.008000000000000000e+04,1.211066666666666715e-02,1.211066666666666736e+00
7.014000000000000000e+04,1.211033333333333406e-02,1.211033333333333406e+00
7.020000000000000000e+04,1.211000000000000097e-02,1.211000000000000076e+00
7.026000000000000000e+04,1.210966666666666788e-02,1.210966666666666747e+00
7.032000000000000000e+04,1.210933333333333480e-02,1.210933333333333417e+00
7.038000000000000000e+04,1.210900000000000171e-02,1.210900000000000087e+00
7.044000000000000000e+04,1.210866666666666688e-02,1.210866666666666758e+00
7.050000000000000000e+04,1.210833333333333380e-02,1.210833333333333428e+00
7.056000000000000000e+04,1.210800000000000071e-02,1.210800000000000098e+00
7.062000000000000000e+04,1.210766666666666762e-02,1.210766666666666769e+00
7.068000000000000000e+04,1.210733333333333453e-02,1.210733333333333439e+00
7.074000000000000000e+04,1.210699999999999971e-02,1.210699999999999887e+00
7.080000000000000000e+04,1.210666666666666662e-02,1.210666666666666558e+00
7.086000000000000000e+04,1.210633333333333353e-02,1.210633333333333450e+00
7.092000000000000000e+04,1.210600000000000044e-02,1.210600000000000120e+00
7.098000000000000000e+04,1.210566666666666735e-02,1.210566666666666791e+00
7.104000000000000000e+04,1.210533333333333426e-02,1.210533333333333461e+00
7.110000000000000000e+04,1.210500000000000118e-02,1.210500000000000131e+00
7.116000000000000000e+04,1.210466666666666635e-02,1.210466666666666580e+00
7.122000000000000000e+04,1.210433333333333326e-02,1.210433333333333250e+00
7.128000000000000000e+04,1.210400000000000018e-02,1.210399999999999920e+00
7.134000000000000000e+04,1.210366666666666709e-02,1.210366666666666813e+00
7.140000000000000000e+04,1.210333333333333400e-02,1.210333333333333483e+00
7.146000000000000000e+04,1.210299999999999918e-02,1.210299999999999931e+00
7.152000000000000000e+04,1.210266666666666609e-02,1.210266666666666602e+00
7.158000000000000000e+04,1.210233333333333300e-02,1.210233333333333272e+00
7.164000000000000000e+04,1.210199999999999991e-02,1.210199999999999942e+00
7.170000000000000000e+04,1.210166666666666682e-02,1.210166666666666613e+00
7.176000000000000000e+04,1.210133333333333373e-02,1.210133333333333283e+00
7.182000000000000000e+04,1.210100000000000064e-02,1.210100000000000176e+00
7.188000000000000000e+04,1.210066666666666582e-02,1.210066666666666624e+00
7.194000000000000000e+04,1.210033333333333273e-02,1.210033333333333294e+00
7.200000000000000000e+04,1.209999999999999964e-02,1.209999999999999964e+00
7.206000000000000000e+04,1.209966666666666656e-02,1.209966666666666635e+00
7.212000000000000000e+04,1.209933333333333347e-02,1.209933333333333305e+00
7.218000000000000000e+04,1.209900000000000038e-02,1.209899999999999975e+00
7.224000000000000000e+04,1.209866666666666729e-02,1.209866666666666646e+00
7.230000000000000000e+04,1.209833333333333247e-02,1.209833333333333316e+00
7.236000000000000000e+04,1.209799999999999938e-02,1.209799999999999986e+00
7.242000000000000000e+04,1.209766666666666629e-02,1.209766666666666657e+00
7.248000000000000000e+04,1.209733333333333320e-02,1.209733333333333327e+00
7.254000000000000000e+04,1.209700000000000011e-02,1.209699999999999998e+00
7.260000000000000000e+04,1.209666666666666703e-02,1.209666666666666668e+00
7.266000000000000000e+04,1.209633333333333394e-02,1.209633333333333338e+00
7.272000000000000000e+04,1.209600000000000085e-02,1.209600000000000009e+00
7.278000000000000000e+04,1.209566666666666776e-02,1.209566666666666679e+00
7.284000000000000000e+04,1.209533333333333467e-02,1.209533333333333571e+00
7.290000000000000000e+04,1.209500000000000158e-02,1.209500000000000242e+00
7.296000000000000000e+04,1.209466666666666676e-02,1.209466666666666690e+00
7.302000000000000000e+04,1.209433333333333367e-02,1.209433333333333360e+00
7.308000000000000000e+04,1.209400000000000058e-02,1.209400000000000031e+00
7.314000000000000000e+04,1.209366666666666749e-02,1.209366666666666701e+00
7.320000000000000000e+04,1.209333333333333441e-02,1.209333333333333371e+00
7.326000000000000000e+04,1.209300000000000132e-02,1.209300000000000042e+00
7.332000000000000000e+04,1.209266666666666823e-02,1.209266666666666712e+00
7.338000000000000000e+04,1.209233333333333514e-02,1.209233333333333604e+00
7.344000000000000000e+04,1.209200000000000205e-02,1.209200000000000275e+00
7.350000000000000000e+04,1.209166666666666723e-02,1.209166666666666723e+00
7.356000000000000000e+04,1.209133333333333414e-02,1.209133333333333393e+00
7.362000000000000000e+04,1.209100000000000105e-02,1.209100000000000064e+00
7.368000000000000000e+04,1.209066666666666796e-02,1.209066666666666734e+00
7.374000000000000000e+04,1.209033333333333488e-02,1.209033333333333404e+00
7.380000000000000000e+04,1.209000000000000179e-02,1.209000000000000075e+00
7.386000000000000000e+04,1.208966666666666870e-02,1.208966666666666967e+00
7.392000000000000000e+04,1.208933333333333561e-02,1.208933333333333637e+00
7.398000000000000000e+04,1.208900000000000252e-02,1.208900000000000308e+00
7.404000000000000000e+04,1.208866666666666770e-02,1.208866666666666756e+00
7.410000000000000000e+04,1.208833333333333461e-02,1.208833333333333426e+00
7.416000000000000000e+04,1.208800000000000152e-02,1.208800000000000097e+00
7.422000000000000000e+04,1.208766666666666843e-02,1.208766666666666767e+00
7.428000000000000000e+04,1.208733333333333534e-02,1.208733333333333437e+00
7.434000000000000000e+04,1.208700000000000052e-02,1.208700000000000108e+00
7.440000000000000000e+04,1.208666666666666743e-02,1.208666666666666778e+00
7.446000000000000000e+04,1.208633333333333434e-02,1.208633333333333448e+00
7.452000000000000000e+04,1.208600000000000126e-02,1.208600000000000119e+00
7.458000000000000000e+04,1.208566666666666817e-02,1.208566666666666789e+00
7.464000000000000000e+04,1.208533333333333508e-02,1.208533333333333459e+00
7.470000000000000000e+04,1.208500000000000199e-02,1.208500000000000130e+00
7.476000000000000000e+04,1.208466666666666717e-02,1.208466666666666800e+00
7.482000000000000000e+04,1.208433333333333408e-02,1.208433333333333470e+00
7.488000000000000000e+04,1.208400000000000099e-02,1.208400000000000141e+00
7.494000000000000000e+04,1.208366666666666790e-02,1.208366666666666811e+00
7.500000000000000000e+04,1.208333333333333481e-02,1.208333333333333481e+00
7.506000000000000000e+04,1.208299999999999999e-02,1.208299999999999930e+00
7.512000000000000000e+04,1.208266666666666690e-02,1.208266666666666600e+00
7.518000000000000000e+04,1.208233333333333381e-02,1.208233333333333270e+00
7.524000000000000000e+04,1.208200000000000073e-02,1.208200000000000163e+00
7.530000000000000000e+04,1.208166666666666764e-02,1.208166666666666833e+00
7.536000000000000000e+04,1.208133333333333455e-02,1.208133333333333503e+00
7.542000000000000000e+04,1.208100000000000146e-02,1.208100000000000174e+00
7.548000000000000000e+04,1.208066666666666664e-02,1.208066666666666622e+00
7.554000000000000000e+04,1.208033333333333355e-02,1.208033333333333292e+00
7.560000000000000000e+04,1.208000000000000046e-02,1.207999999999999963e+00
7.566000000000000000e+04,1.207966666666666737e-02,1.207966666666666633e+00
7.572000000000000000e+04,1.207933333333333428e-02,1.207933333333333525e+00
7.578000000000000000e+04,1.207900000000000119e-02,1.207900000000000196e+00
7.584000000000000000e+04,1.207866666666666637e-02,1.207866666666666644e+00
7.590000000000000000e+04,1.207833333333333328e-02,1.207833333333333314e+00
7.596000000000000000e+04,1.207800000000000019e-02,1.207799999999999985e+00
7.602000000000000000e+04,1.207766666666666711e-02,1.207766666666666655e+00
7.608000000000000000e+04,1.207733333333333402e-02,1.207733333333333325e+00
7.614000000000000000e+04,1.207700000000000093e-02,1.207699999999999996e+00
7.620000000000000000e+04,1.207666666666666784e-02,1.207666666666666888e+00
7.626000000000000000e+04,1.207633333333333475e-02,1.207633333333333558e+00
7.632000000000000000e+04,1.207599999999999993e-02,1.207600000000000007e+00
7.638000000000000000e+04,1.207566666666666684e-02,1.207566666666666677e+00
7.644000000000000000e+04,1.207533333333333375e-02,1.207533333333333347e+00
7.650000000000000000e+04,1.207500000000000066e-02,1.207500000000000018e+00
7.656000000000000000e+04,1.207466666666666757e-02,1.207466666666666688e+00
7.662000000000000000e+04,1.207433333333333449e-02,1.207433333333333358e+00
7.668000000000000000e+04,1.207400000000000140e-02,1.207400000000000251e+00
7.674000000000000000e+04,1.207366666666666657e-02,1.207366666666666699e+00
7.680000000000000000e+04,1.207333333333333349e-02,1.207333333333333369e+00
7.686000000000000000e+04,1.207300000000000040e-02,1.207300000000000040e+00
7.692000000000000000e+04,1.207266666666666731e-02,1.207266666666666710e+00
7.698000000000000000e+04,1.207233333333333422e-02,1.207233333333333380e+00
7.704000000000000000e+04,1.207200000000000113e-02,1.207200000000000051e+00
7.710000000000000000e+04,1.207166666666666804e-02,1.207166666666666721e+00
7.716000000000000000e+04,1.207133333333333496e-02,1.207133333333333391e+00
7.722000000000000000e+04,1.207100000000000013e-02,1.207100000000000062e+00
7.728000000000000000e+04,1.207066666666666704e-02,1.207066666666666732e+00
7.734000000000000000e+04,1.207033333333333396e-02,1.207033333333333402e+00
7.740000000000000000e+04,1.207000000000000087e-02,1.207000000000000073e+00
7.746000000000000000e+04,1.206966666666666778e-02,1.206966666666666743e+00
7.752000000000000000e+04,1.206933333333333469e-02,1.206933333333333414e+00
7.758000000000000000e+04,1.206899999999999987e-02,1.206900000000000084e+00
7.764000000000000000e+04,1.206866666666666678e-02,1.206866666666666754e+00
7.770000000000000000e+04,1.206833333333333369e-02,1.206833333333333425e+00
7.776000000000000000e+04,1.206800000000000060e-02,1.206800000000000095e+00
7.782000000000000000e+04,1.206766666666666751e-02,1.206766666666666765e+00
7.788000000000000000e+04,1.206733333333333442e-02,1.206733333333333436e+00
7.794000000000000000e+04,1.206700000000000134e-02,1.206700000000000106e+00
7.800000000000000000e+04,1.206666666666666651e-02,1.206666666666666554e+00
7.806000000000000000e+04,1.206633333333333342e-02,1.206633333333333447e+00
7.812000000000000000e+04,1.206600000000000034e-02,1.206600000000000117e+00
7.818000000000000000e+04,1.206566666666666725e-02,1.206566666666666787e+00
7.824000000000000000e+04,1.206533333333333416e-02,1.206533333333333458e+00
7.830000000000000000e+04,1.206499999999999934e-02,1.206499999999999906e+00
7.836000000000000000e+04,1.206466666666666625e-02,1.206466666666666576e+00
7.842000000000000000e+04,1.206433333333333316e-02,1.206433333333333247e+00
7.848000000000000000e+04,1.206400000000000007e-02,1.206399999999999917e+00
7.854000000000000000e+04,1.206366666666666698e-02,1.206366666666666809e+00
7.860000000000000000e+04,1.206333333333333389e-02,1.206333333333333480e+00
7.866000000000000000e+04,1.206300000000000081e-02,1.206300000000000150e+00
7.872000000000000000e+04,1.206266666666666598e-02,1.206266666666666598e+00
7.878000000000000000e+04,1.206233333333333289e-02,1.206233333333333269e+00
7.884000000000000000e+04,1.206199999999999981e-02,1.206199999999999939e+00
7.890000000000000000e+04,1.206166666666666672e-02,1.206166666666666609e+00
7.896000000000000000e+04,1.206133333333333363e-02,1.206133333333333280e+00
7.902000000000000000e+04,1.206099999999999881e-02,1.206099999999999950e+00
7.908000000000000000e+04,1.206066666666666572e-02,1.206066666666666620e+00
7.914000000000000000e+04,1.206033333333333263e-02,1.206033333333333291e+00
7.920000000000000000e+04,1.205999999999999954e-02,1.205999999999999961e+00
7.926000000000000000e+04,1.205999999999999954e-02,1.205999999999999961e+00
7.932000000000000000e+04,1.205999999999999954e-02,1.205999999999999961e+00
7.938000000000000000e+04,1.205999999999999954e-02,1.205999999999999961e+00
7.944000000000000000e+04,1.205999999999999954e-02,1.205999999999999961e+00
7.950000000000000000e+04,1.205999999999999954e-02,1.205999999999999961e+00
7.956000000000000000e+04,1.205999999999999954e-02,1.205999999999999961e+00
7.962000000000000000e+04,1.205999999999999954e-02,1.205999999999999961e+00
7.968000000000000000e+04,1.205999999999999954e-02,1.205999999999999961e+00
7.974000000000000000e+04,1.205999999999999954e-02,1.205999999999999961e+00
7.980000000000000000e+04,1.205999999999999954e-02,1.205999999999999961e+00
7.986000000000000000e+04,1.205999999999999954e-02,1.205999999999999961e+00
7.992000000000000000e+04,1.205999999999999954e-02,1.205999999999999961e+00
7.998000000000000000e+04,1.205999999999999954e-02,1.205999999999999961e+00
8.004000000000000000e+04,1.205999999999999954e-02,1.205999999999999961e+00
8.010000000000000000e+04,1.205999999999999954e-02,1.205999999999999961e+00
8.016000000000000000e+04,1.205999999999999954e-02,1.205999999999999961e+00
8.022000000000000000e+04,1.205999999999999954e-02,1.205999999999999961e+00
8.028000000000000000e+04,1.205999999999999954e-02,1.205999999999999961e+00
8.034000000000000000e+04,1.205999999999999954e-02,1.205999999999999961e+00
8.040000000000000000e+04,1.205999999999999954e-02,1.205999999999999961e+00
8.046000000000000000e+04,1.205999999999999954e-02,1.205999999999999961e+00
8.052000000000000000e+04,1.205999999999999954e-02,1.205999999999999961e+00
8.058000000000000000e+04,1.205999999999999954e-02,1.205999999999999961e+00
8.064000000000000000e+04,1.205999999999999954e-02,1.205999999999999961e+00
8.070000000000000000e+04,1.205999999999999954e-02,1.205999999999999961e+00
8.076000000000000000e+04,1.205999999999999954e-02,1.205999999999999961e+00
8.082000000000000000e+04,1.205999999999999954e-02,1.205999999999999961e+00
8.088000000000000000e+04,1.205999999999999954e-02,1.205999999999999961e+00
8.094000000000000000e+04,1.205999999999999954e-02,1.205999999999999961e+00
8.100000000000000000e+04,1.205999999999999954e-02,1.205999999999999961e+00
8.106000000000000000e+04,1.205966666666666645e-02,1.205966666666666631e+00
8.112000000000000000e+04,1.205933333333333336e-02,1.205933333333333302e+00
8.118000000000000000e+04,1.205900000000000027e-02,1.205899999999999972e+00
8.124000000000000000e+04,1.205866666666666719e-02,1.205866666666666642e+00
8.130000000000000000e+04,1.205833333333333410e-02,1.205833333333333313e+00
8.136000000000000000e+04,1.205799999999999927e-02,1.205799999999999983e+00
8.142000000000000000e+04,1.205766666666666619e-02,1.205766666666666653e+00
8.148000000000000000e+04,1.205733333333333310e-02,1.205733333333333324e+00
8.154000000000000000e+04,1.205700000000000001e-02,1.205699999999999994e+00
8.160000000000000000e+04,1.205666666666666692e-02,1.205666666666666664e+00
8.166000000000000000e+04,1.205633333333333383e-02,1.205633333333333335e+00
8.172000000000000000e+04,1.205600000000000074e-02,1.205600000000000005e+00
8.178000000000000000e+04,1.205566666666666766e-02,1.205566666666666675e+00
8.184000000000000000e+04,1.205533333333333457e-02,1.205533333333333346e+00
8.190000000000000000e+04,1.205499999999999974e-02,1.205500000000000016e+00
8.196000000000000000e+04,1.205466666666666666e-02,1.205466666666666686e+00
8.202000000000000000e+04,1.205433333333333357e-02,1.205433333333333357e+00
8.208000000000000000e+04,1.205400000000000048e-02,1.205400000000000027e+00
8.214000000000000000e+04,1.205366666666666739e-02,1.205366666666666697e+00
8.220000000000000000e+04,1.205333333333333430e-02,1.205333333333333368e+00
8.226000000000000000e+04,1.205300000000000121e-02,1.205300000000000038e+00
8.232000000000000000e+04,1.205266666666666812e-02,1.205266666666666708e+00
8.238000000000000000e+04,1.205233333333333504e-02,1.205233333333333601e+00
8.244000000000000000e+04,1.205200000000000195e-02,1.205200000000000271e+00
8.250000000000000000e+04,1.205166666666666886e-02,1.205166666666666941e+00
8.256000000000000000e+04,1.205133333333333404e-02,1.205133333333333390e+00
8.262000000000000000e+04,1.205100000000000095e-02,1.205100000000000060e+00
8.268000000000000000e+04,1.205066666666666786e-02,1.205066666666666730e+00
8.274000000000000000e+04,1.205033333333333477e-02,1.205033333333333401e+00
8.280000000000000000e+04,1.205000000000000168e-02,1.205000000000000071e+00
8.286000000000000000e+04,1.205000000000000168e-02,1.205000000000000071e+00
8.292000000000000000e+04,1.205000000000000168e-02,1.205000000000000071e+00
8.298000000000000000e+04,1.205000000000000168e-02,1.205000000000000071e+00
8.304000000000000000e+04,1.205000000000000168e-02,1.205000000000000071e+00
8.310000000000000000e+04,1.205000000000000168e-02,1.205000000000000071e+00
8.316000000000000000e+04,1.205000000000000168e-02,1.205000000000000071e+00
8.322000000000000000e+04,1.205000000000000168e-02,1.205000000000000071e+00
8.328000000000000000e+04,1.205000000000000168e-02,1.205000000000000071e+00
8.334000000000000000e+04,1.205000000000000168e-02,1.205000000000000071e+00
8.340000000000000000e+04,1.205000000000000168e-02,1.205000000000000071e+00
8.346000000000000000e+04,1.205000000000000168e-02,1.205000000000000071e+00
8.352000000000000000e+04,1.205000000000000168e-02,1.205000000000000071e+00
8.358000000000000000e+04,1.205000000000000168e-02,1.205000000000000071e+00
8.364000000000000000e+04,1.205000000000000168e-02,1.205000000000000071e+00
8.370000000000000000e+04,1.205000000000000168e-02,1.205000000000000071e+00
8.376000000000000000e+04,1.205000000000000168e-02,1.205000000000000071e+00
8.382000000000000000e+04,1.205000000000000168e-02,1.205000000000000071e+00
8.388000000000000000e+04,1.205000000000000168e-02,1.205000000000000071e+00
8.394000000000000000e+04,1.205000000000000168e-02,1.205000000000000071e+00
8.400000000000000000e+04,1.205000000000000168e-02,1.205000000000000071e+00
8.406000000000000000e+04,1.205000000000000168e-02,1.205000000000000071e+00
8.412000000000000000e+04,1.205000000000000168e-02,1.205000000000000071e+00
8.418000000000000000e+04,1.205000000000000168e-02,1.205000000000000071e+00
8.424000000000000000e+04,1.205000000000000168e-02,1.205000000000000071e+00
8.430000000000000000e+04,1.205000000000000168e-02,1.205000000000000071e+00
8.436000000000000000e+04,1.205000000000000168e-02,1.205000000000000071e+00
8.442000000000000000e+04,1.205000000000000168e-02,1.205000000000000071e+00
8.448000000000000000e+04,1.205000000000000168e-02,1.205000000000000071e+00
8.454000000000000000e+04,1.205000000000000168e-02,1.205000000000000071e+00
8.460000000000000000e+04,1.205000000000000168e-02,1.205000000000000071e+00
8.466000000000000000e+04,1.204966666666666859e-02,1.204966666666666963e+00
8.472000000000000000e+04,1.204933333333333551e-02,1.204933333333333634e+00
8.478000000000000000e+04,1.204900000000000068e-02,1.204900000000000082e+00
8.484000000000000000e+04,1.204866666666666759e-02,1.204866666666666752e+00
8.490000000000000000e+04,1.204833333333333450e-02,1.204833333333333423e+00
8.496000000000000000e+04,1.204800000000000142e-02,1.204800000000000093e+00
8.502000000000000000e+04,1.204766666666666833e-02,1.204766666666666763e+00
8.508000000000000000e+04,1.204733333333333524e-02,1.204733333333333434e+00
8.514000000000000000e+04,1.204700000000000215e-02,1.204700000000000326e+00
8.520000000000000000e+04,1.204666666666666733e-02,1.204666666666666774e+00
8.526000000000000000e+04,1.204633333333333424e-02,1.204633333333333445e+00
8.532000000000000000e+04,1.204600000000000115e-02,1.204600000000000115e+00
8.538000000000000000e+04,1.204566666666666806e-02,1.204566666666666785e+00
8.544000000000000000e+04,1.204533333333333497e-02,1.204533333333333456e+00
8.550000000000000000e+04,1.204500000000000015e-02,1.204499999999999904e+00
8.556000000000000000e+04,1.204466666666666706e-02,1.204466666666666796e+00
8.562000000000000000e+04,1.204433333333333397e-02,1.204433333333333467e+00
8.568000000000000000e+04,1.204400000000000089e-02,1.204400000000000137e+00
8.574000000000000000e+04,1.204366666666666780e-02,1.204366666666666807e+00
8.580000000000000000e+04,1.204333333333333471e-02,1.204333333333333478e+00
8.586000000000000000e+04,1.204300000000000162e-02,1.204300000000000148e+00
8.592000000000000000e+04,1.204266666666666680e-02,1.204266666666666596e+00
8.598000000000000000e+04,1.204233333333333371e-02,1.204233333333333267e+00
8.604000000000000000e+04,1.204200000000000062e-02,1.204200000000000159e+00
8.610000000000000000e+04,1.204166666666666753e-02,1.204166666666666829e+00
8.616000000000000000e+04,1.204133333333333444e-02,1.204133333333333500e+00
8.622000000000000000e+04,1.204099999999999962e-02,1.204099999999999948e+00
8.628000000000000000e+04,1.204066666666666653e-02,1.204066666666666618e+00
8.634000000000000000e+04,1.204033333333333344e-02,1.204033333333333289e+00
8.640000000000000000e+04,1.204000000000000035e-02,1.203999999999999959e+00
8.646000000000000000e+04,1.204000000000000035e-02,1.203999999999999959e+00
8.652000000000000000e+04,1.204000000000000035e-02,1.203999999999999959e+00
8.658000000000000000e+04,1.204000000000000035e-02,1.203999999999999959e+00
8.664000000000000000e+04,1.204000000000000035e-02,1.203999999999999959e+00
8.670000000000000000e+04,1.204000000000000035e-02,1.203999999999999959e+00
8.676000000000000000e+04,1.204000000000000035e-02,1.203999999999999959e+00
8.682000000000000000e+04,1.204000000000000035e-02,1.203999999999999959e+00
8.688000000000000000e+04,1.204000000000000035e-02,1.203999999999999959e+00
8.694000000000000000e+04,1.204000000000000035e-02,1.203999999999999959e+00
8.700000000000000000e+04,1.204000000000000035e-02,1.203999999999999959e+00
8.706000000000000000e+04,1.204000000000000035e-02,1.203999999999999959e+00
8.712000000000000000e+04,1.204000000000000035e-02,1.203999999999999959e+00
8.718000000000000000e+04,1.204000000000000035e-02,1.203999999999999959e+00
8.724000000000000000e+04,1.204000000000000035e-02,1.203999999999999959e+00
8.730000000000000000e+04,1.204000000000000035e-02,1.203999999999999959e+00
8.736000000000000000e+04,1.204000000000000035e-02,1.203999999999999959e+00
8.742000000000000000e+04,1.204000000000000035e-02,1.203999999999999959e+00
8.748000000000000000e+04,1.204000000000000035e-02,1.203999999999999959e+00
8.754000000000000000e+04,1.204000000000000035e-02,1.203999999999999959e+00
8.760000000000000000e+04,1.204000000000000035e-02,1.203999999999999959e+00
8.766000000000000000e+04,1.204000000000000035e-02,1.203999999999999959e+00
8.772000000000000000e+04,1.204000000000000035e-02,1.203999999999999959e+00
8.778000000000000000e+04,1.204000000000000035e-02,1.203999999999999959e+00
8.784000000000000000e+04,1.204000000000000035e-02,1.203999999999999959e+00
8.790000000000000000e+04,1.204000000000000035e-02,1.203999999999999959e+00
8.796000000000000000e+04,1.204000000000000035e-02,1.203999999999999959e+00
8.802000000000000000e+04,1.204000000000000035e-02,1.203999999999999959e+00
8.808000000000000000e+04,1.204000000000000035e-02,1.203999999999999959e+00
8.814000000000000000e+04,1.204000000000000035e-02,1.203999999999999959e+00
8.820000000000000000e+04,1.204000000000000035e-02,1.203999999999999959e+00
8.826000000000000000e+04,1.203966666666666727e-02,1.203966666666666629e+00
8.832000000000000000e+04,1.203933333333333418e-02,1.203933333333333522e+00
8.838000000000000000e+04,1.203900000000000109e-02,1.203900000000000192e+00
8.844000000000000000e+04,1.203866666666666627e-02,1.203866666666666640e+00
8.850000000000000000e+04,1.203833333333333318e-02,1.203833333333333311e+00
8.856000000000000000e+04,1.203800000000000009e-02,1.203799999999999981e+00
8.862000000000000000e+04,1.203766666666666700e-02,1.203766666666666652e+00
8.868000000000000000e+04,1.203733333333333391e-02,1.203733333333333322e+00
8.874000000000000000e+04,1.203700000000000082e-02,1.203699999999999992e+00
8.880000000000000000e+04,1.203666666666666774e-02,1.203666666666666885e+00
8.886000000000000000e+04,1.203633333333333465e-02,1.203633333333333555e+00
8.892000000000000000e+04,1.203599999999999982e-02,1.203600000000000003e+00
8.898000000000000000e+04,1.203566666666666674e-02,1.203566666666666674e+00
8.904000000000000000e+04,1.203533333333333365e-02,1.203533333333333344e+00
8.910000000000000000e+04,1.203500000000000056e-02,1.203500000000000014e+00
8.916000000000000000e+04,1.203466666666666747e-02,1.203466666666666685e+00
8.922000000000000000e+04,1.203433333333333438e-02,1.203433333333333355e+00
8.928000000000000000e+04,1.203400000000000129e-02,1.203400000000000025e+00
8.934000000000000000e+04,1.203366666666666647e-02,1.203366666666666696e+00
8.940000000000000000e+04,1.203333333333333338e-02,1.203333333333333366e+00
8.946000000000000000e+04,1.203300000000000029e-02,1.203300000000000036e+00
8.952000000000000000e+04,1.203266666666666720e-02,1.203266666666666707e+00
8.958000000000000000e+04,1.203233333333333412e-02,1.203233333333333377e+00
8.964000000000000000e+04,1.203200000000000103e-02,1.203200000000000047e+00
8.970000000000000000e+04,1.203166666666666794e-02,1.203166666666666718e+00
8.976000000000000000e+04,1.203133333333333485e-02,1.203133333333333388e+00
8.982000000000000000e+04,1.203100000000000003e-02,1.203100000000000058e+00
8.988000000000000000e+04,1.203066666666666694e-02,1.203066666666666729e+00
8.994000000000000000e+04,1.203033333333333385e-02,1.203033333333333399e+00
9.000000000000000000e+04,1.203000000000000076e-02,1.203000000000000069e+00
9.006000000000000000e+04,1.203000000000000076e-02,1.203000000000000069e+00
9.012000000000000000e+04,1.203000000000000076e-02,1.203000000000000069e+00
9.018000000000000000e+04,1.203000000000000076e-02,1.203000000000000069e+00
9.024000000000000000e+04,1.203000000000000076e-02,1.203000000000000069e+00
9.030000000000000000e+04,1.203000000000000076e-02,1.203000000000000069e+00
9.036000000000000000e+04,1.203000000000000076e-02,1.203000000000000069e+00
9.042000000000000000e+04,1.203000000000000076e-02,1.203000000000000069e+00
9.048000000000000000e+04,1.203000000000000076e-02,1.203000000000000069e+00
9.054000000000000000e+04,1.203000000000000076e-02,1.203000000000000069e+00
9.060000000000000000e+04,1.203000000000000076e-02,1.203000000000000069e+00
9.066000000000000000e+04,1.203000000000000076e-02,1.203000000000000069e+00
9.072000000000000000e+04,1.203000000000000076e-02,1.203000000000000069e+00
9.078000000000000000e+04,1.203000000000000076e-02,1.203000000000000069e+00
9.084000000000000000e+04,1.203000000000000076e-02,1.203000000000000069e+00
9.090000000000000000e+04,1.203000000000000076e-02,1.203000000000000069e+00
9.096000000000000000e+04,1.203000000000000076e-02,1.203000000000000069e+00
9.102000000000000000e+04,1.203000000000000076e-02,1.203000000000000069e+00
9.108000000000000000e+04,1.203000000000000076e-02,1.203000000000000069e+00
9.114000000000000000e+04,1.203000000000000076e-02,1.203000000000000069e+00
9.120000000000000000e+04,1.203000000000000076e-02,1.203000000000000069e+00
9.126000000000000000e+04,1.203000000000000076e-02,1.203000000000000069e+00
9.132000000000000000e+04,1.203000000000000076e-02,1.203000000000000069e+00
9.138000000000000000e+04,1.203000000000000076e-02,1.203000000000000069e+00
9.144000000000000000e+04,1.203000000000000076e-02,1.203000000000000069e+00
9.150000000000000000e+04,1.203000000000000076e-02,1.203000000000000069e+00
9.156000000000000000e+04,1.203000000000000076e-02,1.203000000000000069e+00
9.162000000000000000e+04,1.203000000000000076e-02,1.203000000000000069e+00
9.168000000000000000e+04,1.203000000000000076e-02,1.203000000000000069e+00
9.174000000000000000e+04,1.203000000000000076e-02,1.203000000000000069e+00
9.180000000000000000e+04,1.203000000000000076e-02,1.203000000000000069e+00
9.186000000000000000e+04,1.203000000000000076e-02,1.203000000000000069e+00
9.192000000000000000e+04,1.203000000000000076e-02,1.203000000000000069e+00
9.198000000000000000e+04,1.203000000000000076e-02,1.203000000000000069e+00
9.204000000000000000e+04,1.203000000000000076e-02,1.203000000000000069e+00
9.210000000000000000e+04,1.203000000000000076e-02,1.203000000000000069e+00
9.216000000000000000e+04,1.203000000000000076e-02,1.203000000000000069e+00
9.222000000000000000e+04,1.203000000000000076e-02,1.203000000000000069e+00
9.228000000000000000e+04,1.203000000000000076e-02,1.203000000000000069e+00
9.234000000000000000e+04,1.203000000000000076e-02,1.203000000000000069e+00
9.240000000000000000e+04,1.203000000000000076e-02,1.203000000000000069e+00
9.246000000000000000e+04,1.203000000000000076e-02,1.203000000000000069e+00
9.252000000000000000e+04,1.203000000000000076e-02,1.203000000000000069e+00
9.258000000000000000e+04,1.203000000000000076e-02,1.203000000000000069e+00
9.264000000000000000e+04,1.203000000000000076e-02,1.203000000000000069e+00
9.270000000000000000e+04,1.203000000000000076e-02,1.203000000000000069e+00
9.276000000000000000e+04,1.203000000000000076e-02,1.203000000000000069e+00
9.282000000000000000e+04,1.203000000000000076e-02,1.203000000000000069e+00
9.288000000000000000e+04,1.203000000000000076e-02,1.203000000000000069e+00
9.294000000000000000e+04,1.203000000000000076e-02,1.203000000000000069e+00
9.300000000000000000e+04,1.203000000000000076e-02,1.203000000000000069e+00
9.306000000000000000e+04,1.203000000000000076e-02,1.203000000000000069e+00
9.312000000000000000e+04,1.203000000000000076e-02,1.203000000000000069e+00
9.318000000000000000e+04,1.203000000000000076e-02,1.203000000000000069e+00
9.324000000000000000e+04,1.203000000000000076e-02,1.203000000000000069e+00
9.330000000000000000e+04,1.203000000000000076e-02,1.203000000000000069e+00
9.336000000000000000e+04,1.203000000000000076e-02,1.203000000000000069e+00
9.342000000000000000e+04,1.203000000000000076e-02,1.203000000000000069e+00
9.348000000000000000e+04,1.203000000000000076e-02,1.203000000000000069e+00
9.354000000000000000e+04,1.203000000000000076e-02,1.203000000000000069e+00
9.360000000000000000e+04,1.203000000000000076e-02,1.203000000000000069e+00
9.366000000000000000e+04,1.203000000000000076e-02,1.203000000000000069e+00
9.372000000000000000e+04,1.203000000000000076e-02,1.203000000000000069e+00
9.378000000000000000e+04,1.203000000000000076e-02,1.203000000000000069e+00
9.384000000000000000e+04,1.203000000000000076e-02,1.203000000000000069e+00
9.390000000000000000e+04,1.203000000000000076e-02,1.203000000000000069e+00
9.396000000000000000e+04,1.203000000000000076e-02,1.203000000000000069e+00
9.402000000000000000e+04,1.203000000000000076e-02,1.203000000000000069e+00
9.408000000000000000e+04,1.203000000000000076e-02,1.203000000000000069e+00
9.414000000000000000e+04,1.203000000000000076e-02,1.203000000000000069e+00
9.420000000000000000e+04,1.203000000000000076e-02,1.203000000000000069e+00
9.426000000000000000e+04,1.203000000000000076e-02,1.203000000000000069e+00
9.432000000000000000e+04,1.203000000000000076e-02,1.203000000000000069e+00
9.438000000000000000e+04,1.203000000000000076e-02,1.203000000000000069e+00
9.444000000000000000e+04,1.203000000000000076e-02,1.203000000000000069e+00
9.450000000000000000e+04,1.203000000000000076e-02,1.203000000000000069e+00
9.456000000000000000e+04,1.203000000000000076e-02,1.203000000000000069e+00
9.462000000000000000e+04,1.203000000000000076e-02,1.203000000000000069e+00
9.468000000000000000e+04,1.203000000000000076e-02,1.203000000000000069e+00
9.474000000000000000e+04,1.203000000000000076e-02,1.203000000000000069e+00
9.480000000000000000e+04,1.203000000000000076e-02,1.203000000000000069e+00
9.486000000000000000e+04,1.203000000000000076e-02,1.203000000000000069e+00
9.492000000000000000e+04,1.203000000000000076e-02,1.203000000000000069e+00
9.498000000000000000e+04,1.203000000000000076e-02,1.203000000000000069e+00
9.504000000000000000e+04,1.203000000000000076e-02,1.203000000000000069e+00
9.510000000000000000e+04,1.203000000000000076e-02,1.203000000000000069e+00
9.516000000000000000e+04,1.203000000000000076e-02,1.203000000000000069e+00
9.522000000000000000e+04,1.203000000000000076e-02,1.203000000000000069e+00
9.528000000000000000e+04,1.203000000000000076e-02,1.203000000000000069e+00
9.534000000000000000e+04,1.203000000000000076e-02,1.203000000000000069e+00
9.540000000000000000e+04,1.203000000000000076e-02,1.203000000000000069e+00
9.546000000000000000e+04,1.202966666666666767e-02,1.202966666666666740e+00
9.552000000000000000e+04,1.202933333333333459e-02,1.202933333333333410e+00
9.558000000000000000e+04,1.202900000000000150e-02,1.202900000000000080e+00
9.564000000000000000e+04,1.202866666666666667e-02,1.202866666666666751e+00
9.570000000000000000e+04,1.202833333333333359e-02,1.202833333333333421e+00
9.576000000000000000e+04,1.202800000000000050e-02,1.202800000000000091e+00
9.582000000000000000e+04,1.202766666666666741e-02,1.202766666666666762e+00
9.588000000000000000e+04,1.202733333333333432e-02,1.202733333333333432e+00
9.594000000000000000e+04,1.202699999999999950e-02,1.202699999999999880e+00
9.600000000000000000e+04,1.202666666666666641e-02,1.202666666666666551e+00
9.606000000000000000e+04,1.202633333333333332e-02,1.202633333333333443e+00
9.612000000000000000e+04,1.202600000000000023e-02,1.202600000000000113e+00
9.618000000000000000e+04,1.202566666666666714e-02,1.202566666666666784e+00
9.624000000000000000e+04,1.202533333333333405e-02,1.202533333333333454e+00
9.630000000000000000e+04,1.202500000000000097e-02,1.202500000000000124e+00
9.636000000000000000e+04,1.202466666666666614e-02,1.202466666666666573e+00
9.642000000000000000e+04,1.202433333333333305e-02,1.202433333333333243e+00
9.648000000000000000e+04,1.202399999999999997e-02,1.202399999999999913e+00
9.654000000000000000e+04,1.202366666666666688e-02,1.202366666666666584e+00
9.660000000000000000e+04,1.202333333333333379e-02,1.202333333333333476e+00
9.666000000000000000e+04,1.202299999999999897e-02,1.202299999999999924e+00
9.672000000000000000e+04,1.202266666666666588e-02,1.202266666666666595e+00
9.678000000000000000e+04,1.202233333333333279e-02,1.202233333333333265e+00
9.684000000000000000e+04,1.202199999999999970e-02,1.202199999999999935e+00
9.690000000000000000e+04,1.202166666666666661e-02,1.202166666666666606e+00
9.696000000000000000e+04,1.202133333333333352e-02,1.202133333333333276e+00
9.702000000000000000e+04,1.202100000000000043e-02,1.202099999999999946e+00
9.708000000000000000e+04,1.202066666666666561e-02,1.202066666666666617e+00
9.714000000000000000e+04,1.202033333333333252e-02,1.202033333333333287e+00
9.720000000000000000e+04,1.201999999999999943e-02,1.201999999999999957e+00
9.726000000000000000e+04,1.201999999999999943e-02,1.201999999999999957e+00
9.732000000000000000e+04,1.201999999999999943e-02,1.201999999999999957e+00
9.738000000000000000e+04,1.201999999999999943e-02,1.201999999999999957e+00
9.744000000000000000e+04,1.201999999999999943e-02,1.201999999999999957e+00
9.750000000000000000e+04,1.201999999999999943e-02,1.201999999999999957e+00
9.756000000000000000e+04,1.201999999999999943e-02,1.201999999999999957e+00
9.762000000000000000e+04,1.201999999999999943e-02,1.201999999999999957e+00
9.768000000000000000e+04,1.201999999999999943e-02,1.201999999999999957e+00
9.774000000000000000e+04,1.201999999999999943e-02,1.201999999999999957e+00
9.780000000000000000e+04,1.201999999999999943e-02,1.201999999999999957e+00
9.786000000000000000e+04,1.201999999999999943e-02,1.201999999999999957e+00
9.792000000000000000e+04,1.201999999999999943e-02,1.201999999999999957e+00
9.798000000000000000e+04,1.201999999999999943e-02,1.201999999999999957e+00
9.804000000000000000e+04,1.201999999999999943e-02,1.201999999999999957e+00
9.810000000000000000e+04,1.201999999999999943e-02,1.201999999999999957e+00
9.816000000000000000e+04,1.201999999999999943e-02,1.201999999999999957e+00
9.822000000000000000e+04,1.201999999999999943e-02,1.201999999999999957e+00
9.828000000000000000e+04,1.201999999999999943e-02,1.201999999999999957e+00
9.834000000000000000e+04,1.201999999999999943e-02,1.201999999999999957e+00
9.840000000000000000e+04,1.201999999999999943e-02,1.201999999999999957e+00
9.846000000000000000e+04,1.201999999999999943e-02,1.201999999999999957e+00
9.852000000000000000e+04,1.201999999999999943e-02,1.201999999999999957e+00
9.858000000000000000e+04,1.201999999999999943e-02,1.201999999999999957e+00
9.864000000000000000e+04,1.201999999999999943e-02,1.201999999999999957e+00
9.870000000000000000e+04,1.201999999999999943e-02,1.201999999999999957e+00
9.876000000000000000e+04,1.201999999999999943e-02,1.201999999999999957e+00
9.882000000000000000e+04,1.201999999999999943e-02,1.201999999999999957e+00
9.888000000000000000e+04,1.201999999999999943e-02,1.201999999999999957e+00
9.894000000000000000e+04,1.201999999999999943e-02,1.201999999999999957e+00
9.900000000000000000e+04,1.201999999999999943e-02,1.201999999999999957e+00
9.906000000000000000e+04,1.201999999999999943e-02,1.201999999999999957e+00
9.912000000000000000e+04,1.201999999999999943e-02,1.201999999999999957e+00
9.918000000000000000e+04,1.201999999999999943e-02,1.201999999999999957e+00
9.924000000000000000e+04,1.201999999999999943e-02,1.201999999999999957e+00
9.930000000000000000e+04,1.201999999999999943e-02,1.201999999999999957e+00
9.936000000000000000e+04,1.201999999999999943e-02,1.201999999999999957e+00
9.942000000000000000e+04,1.201999999999999943e-02,1.201999999999999957e+00
9.948000000000000000e+04,1.201999999999999943e-02,1.201999999999999957e+00
9.954000000000000000e+04,1.201999999999999943e-02,1.201999999999999957e+00
9.960000000000000000e+04,1.201999999999999943e-02,1.201999999999999957e+00
9.966000000000000000e+04,1.201999999999999943e-02,1.201999999999999957e+00
9.972000000000000000e+04,1.201999999999999943e-02,1.201999999999999957e+00
9.978000000000000000e+04,1.201999999999999943e-02,1.201999999999999957e+00
9.984000000000000000e+04,1.201999999999999943e-02,1.201999999999999957e+00
9.990000000000000000e+04,1.201999999999999943e-02,1.201999999999999957e+00
9.996000000000000000e+04,1.201999999999999943e-02,1.201999999999999957e+00
1.000200000000000000e+05,1.201999999999999943e-02,1.201999999999999957e+00
1.000800000000000000e+05,1.201999999999999943e-02,1.201999999999999957e+00
1.001400000000000000e+05,1.201999999999999943e-02,1.201999999999999957e+00
1.002000000000000000e+05,1.201999999999999943e-02,1.201999999999999957e+00
1.002600000000000000e+05,1.201999999999999943e-02,1.201999999999999957e+00
1.003200000000000000e+05,1.201999999999999943e-02,1.201999999999999957e+00
1.003800000000000000e+05,1.201999999999999943e-02,1.201999999999999957e+00
1.004400000000000000e+05,1.201999999999999943e-02,1.201999999999999957e+00
1.005000000000000000e+05,1.201999999999999943e-02,1.201999999999999957e+00
1.005600000000000000e+05,1.201999999999999943e-02,1.201999999999999957e+00
1.006200000000000000e+05,1.201999999999999943e-02,1.201999999999999957e+00
1.006800000000000000e+05,1.201999999999999943e-02,1.201999999999999957e+00
1.007400000000000000e+05,1.201999999999999943e-02,1.201999999999999957e+00
1.008000000000000000e+05,1.201999999999999943e-02,1.201999999999999957e+00
1.008600000000000000e+05,1.201999999999999943e-02,1.201999999999999957e+00
1.009200000000000000e+05,1.201999999999999943e-02,1.201999999999999957e+00
1.009800000000000000e+05,1.201999999999999943e-02,1.201999999999999957e+00
1.010400000000000000e+05,1.201999999999999943e-02,1.201999999999999957e+00
1.011000000000000000e+05,1.201999999999999943e-02,1.201999999999999957e+00
1.011600000000000000e+05,1.201999999999999943e-02,1.201999999999999957e+00
1.012200000000000000e+05,1.201999999999999943e-02,1.201999999999999957e+00
1.012800000000000000e+05,1.201999999999999943e-02,1.201999999999999957e+00
1.013400000000000000e+05,1.201999999999999943e-02,1.201999999999999957e+00
1.014000000000000000e+05,1.201999999999999943e-02,1.201999999999999957e+00
1.014600000000000000e+05,1.201999999999999943e-02,1.201999999999999957e+00
1.015200000000000000e+05,1.201999999999999943e-02,1.201999999999999957e+00
1.015800000000000000e+05,1.201999999999999943e-02,1.201999999999999957e+00
1.016400000000000000e+05,1.201999999999999943e-02,1.201999999999999957e+00
1.017000000000000000e+05,1.201999999999999943e-02,1.201999999999999957e+00
1.017600000000000000e+05,1.201999999999999943e-02,1.201999999999999957e+00
1.018200000000000000e+05,1.201999999999999943e-02,1.201999999999999957e+00
1.018800000000000000e+05,1.201999999999999943e-02,1.201999999999999957e+00
1.019400000000000000e+05,1.201999999999999943e-02,1.201999999999999957e+00
1.020000000000000000e+05,1.201999999999999943e-02,1.201999999999999957e+00
1.020600000000000000e+05,1.201999999999999943e-02,1.201999999999999957e+00
1.021200000000000000e+05,1.201999999999999943e-02,1.201999999999999957e+00
1.021800000000000000e+05,1.201999999999999943e-02,1.201999999999999957e+00
1.022400000000000000e+05,1.201999999999999943e-02,1.201999999999999957e+00
1.023000000000000000e+05,1.201999999999999943e-02,1.201999999999999957e+00
1.023600000000000000e+05,1.201999999999999943e-02,1.201999999999999957e+00
1.024200000000000000e+05,1.201999999999999943e-02,1.201999999999999957e+00
1.024800000000000000e+05,1.201999999999999943e-02,1.201999999999999957e+00
1.025400000000000000e+05,1.201999999999999943e-02,1.201999999999999957e+00
1.026000000000000000e+05,1.201999999999999943e-02,1.201999999999999957e+00
1.026600000000000000e+05,1.201999999999999943e-02,1.201999999999999957e+00
1.027200000000000000e+05,1.201999999999999943e-02,1.201999999999999957e+00
1.027800000000000000e+05,1.201999999999999943e-02,1.201999999999999957e+00
1.028400000000000000e+05,1.201999999999999943e-02,1.201999999999999957e+00
1.029000000000000000e+05,1.201999999999999943e-02,1.201999999999999957e+00
1.029600000000000000e+05,1.201999999999999943e-02,1.201999999999999957e+00
1.030200000000000000e+05,1.201999999999999943e-02,1.201999999999999957e+00
1.030800000000000000e+05,1.201999999999999943e-02,1.201999999999999957e+00
1.031400000000000000e+05,1.201999999999999943e-02,1.201999999999999957e+00
1.032000000000000000e+05,1.201999999999999943e-02,1.201999999999999957e+00
1.032600000000000000e+05,1.201999999999999943e-02,1.201999999999999957e+00
1.033200000000000000e+05,1.201999999999999943e-02,1.201999999999999957e+00
1.033800000000000000e+05,1.201999999999999943e-02,1.201999999999999957e+00
1.034400000000000000e+05,1.201999999999999943e-02,1.201999999999999957e+00
1.035000000000000000e+05,1.201999999999999943e-02,1.201999999999999957e+00
1.035600000000000000e+05,1.201999999999999943e-02,1.201999999999999957e+00
1.036200000000000000e+05,1.201999999999999943e-02,1.201999999999999957e+00
1.036800000000000000e+05,1.201999999999999943e-02,1.201999999999999957e+00
1.037400000000000000e+05,1.201999999999999943e-02,1.201999999999999957e+00
1.038000000000000000e+05,1.201999999999999943e-02,1.201999999999999957e+00
1.038600000000000000e+05,1.201999999999999943e-02,1.201999999999999957e+00
1.039200000000000000e+05,1.201999999999999943e-02,1.201999999999999957e+00
1.039800000000000000e+05,1.201999999999999943e-02,1.201999999999999957e+00
1.040400000000000000e+05,1.201999999999999943e-02,1.201999999999999957e+00
1.041000000000000000e+05,1.201999999999999943e-02,1.201999999999999957e+00
1.041600000000000000e+05,1.201999999999999943e-02,1.201999999999999957e+00
1.042200000000000000e+05,1.201999999999999943e-02,1.201999999999999957e+00
1.042800000000000000e+05,1.201999999999999943e-02,1.201999999999999957e+00
1.043400000000000000e+05,1.201999999999999943e-02,1.201999999999999957e+00
1.044000000000000000e+05,1.201999999999999943e-02,1.201999999999999957e+00
1.044600000000000000e+05,1.201966666666666635e-02,1.201966666666666628e+00
1.045200000000000000e+05,1.201933333333333326e-02,1.201933333333333298e+00
1.045800000000000000e+05,1.201900000000000017e-02,1.201899999999999968e+00
1.046400000000000000e+05,1.201866666666666708e-02,1.201866666666666639e+00
1.047000000000000000e+05,1.201833333333333226e-02,1.201833333333333309e+00
1.047600000000000000e+05,1.201799999999999917e-02,1.201799999999999979e+00
1.048200000000000000e+05,1.201766666666666608e-02,1.201766666666666650e+00
1.048800000000000000e+05,1.201733333333333299e-02,1.201733333333333320e+00
1.049400000000000000e+05,1.201699999999999990e-02,1.201699999999999990e+00
1.050000000000000000e+05,1.201666666666666682e-02,1.201666666666666661e+00
1.050600000000000000e+05,1.201633333333333373e-02,1.201633333333333331e+00
1.051200000000000000e+05,1.201600000000000064e-02,1.201600000000000001e+00
1.051800000000000000e+05,1.201566666666666755e-02,1.201566666666666672e+00
1.052400000000000000e+05,1.201533333333333446e-02,1.201533333333333342e+00
1.053000000000000000e+05,1.201500000000000137e-02,1.201500000000000234e+00
1.053600000000000000e+05,1.201466666666666655e-02,1.201466666666666683e+00
1.054200000000000000e+05,1.201433333333333346e-02,1.201433333333333353e+00
1.054800000000000000e+05,1.201400000000000037e-02,1.201400000000000023e+00
1.055400000000000000e+05,1.201366666666666728e-02,1.201366666666666694e+00
1.056000000000000000e+05,1.201333333333333420e-02,1.201333333333333364e+00
1.056600000000000000e+05,1.201300000000000111e-02,1.201300000000000034e+00
1.057200000000000000e+05,1.201266666666666802e-02,1.201266666666666705e+00
1.057800000000000000e+05,1.201233333333333493e-02,1.201233333333333597e+00
1.058400000000000000e+05,1.201200000000000184e-02,1.201200000000000268e+00
1.059000000000000000e+05,1.201166666666666702e-02,1.201166666666666716e+00
1.059600000000000000e+05,1.201133333333333393e-02,1.201133333333333386e+00
1.060200000000000000e+05,1.201100000000000084e-02,1.201100000000000056e+00
1.060800000000000000e+05,1.201066666666666775e-02,1.201066666666666727e+00
1.061400000000000000e+05,1.201033333333333467e-02,1.201033333333333397e+00
1.062000000000000000e+05,1.201000000000000158e-02,1.201000000000000068e+00
1.062600000000000000e+05,1.201000000000000158e-02,1.201000000000000068e+00
1.063200000000000000e+05,1.201000000000000158e-02,1.201000000000000068e+00
1.063800000000000000e+05,1.201000000000000158e-02,1.201000000000000068e+00
1.064400000000000000e+05,1.201000000000000158e-02,1.201000000000000068e+00
1.065000000000000000e+05,1.201000000000000158e-02,1.201000000000000068e+00
1.065600000000000000e+05,1.201000000000000158e-02,1.201000000000000068e+00
1.066200000000000000e+05,1.201000000000000158e-02,1.201000000000000068e+00
1.066800000000000000e+05,1.201000000000000158e-02,1.201000000000000068e+00
1.067400000000000000e+05,1.201000000000000158e-02,1.201000000000000068e+00
1.068000000000000000e+05,1.201000000000000158e-02,1.201000000000000068e+00
1.068600000000000000e+05,1.201000000000000158e-02,1.201000000000000068e+00
1.069200000000000000e+05,1.201000000000000158e-02,1.201000000000000068e+00
1.069800000000000000e+05,1.201000000000000158e-02,1.201000000000000068e+00
1.070400000000000000e+05,1.201000000000000158e-02,1.201000000000000068e+00
1.071000000000000000e+05,1.201000000000000158e-02,1.201000000000000068e+00
1.071600000000000000e+05,1.201000000000000158e-02,1.201000000000000068e+00
1.072200000000000000e+05,1.201000000000000158e-02,1.201000000000000068e+00
1.072800000000000000e+05,1.201000000000000158e-02,1.201000000000000068e+00
1.073400000000000000e+05,1.201000000000000158e-02,1.201000000000000068e+00
1.074000000000000000e+05,1.201000000000000158e-02,1.201000000000000068e+00
1.074600000000000000e+05,1.201000000000000158e-02,1.201000000000000068e+00
1.075200000000000000e+05,1.201000000000000158e-02,1.201000000000000068e+00
1.075800000000000000e+05,1.201000000000000158e-02,1.201000000000000068e+00
1.076400000000000000e+05,1.201000000000000158e-02,1.201000000000000068e+00
1.077000000000000000e+05,1.201000000000000158e-02,1.201000000000000068e+00
1.077600000000000000e+05,1.201000000000000158e-02,1.201000000000000068e+00
1.078200000000000000e+05,1.201000000000000158e-02,1.201000000000000068e+00
1.078800000000000000e+05,1.201000000000000158e-02,1.201000000000000068e+00
1.079400000000000000e+05,1.201000000000000158e-02,1.201000000000000068e+00
1.080000000000000000e+05,1.201000000000000158e-02,1.201000000000000068e+00
1.080600000000000000e+05,1.201000000000000158e-02,1.201000000000000068e+00
1.081200000000000000e+05,1.201000000000000158e-02,1.201000000000000068e+00
1.081800000000000000e+05,1.201000000000000158e-02,1.201000000000000068e+00
1.082400000000000000e+05,1.201000000000000158e-02,1.201000000000000068e+00
1.083000000000000000e+05,1.201000000000000158e-02,1.201000000000000068e+00
1.083600000000000000e+05,1.201000000000000158e-02,1.201000000000000068e+00
1.084200000000000000e+05,1.201000000000000158e-02,1.201000000000000068e+00
1.084800000000000000e+05,1.201000000000000158e-02,1.201000000000000068e+00
1.085400000000000000e+05,1.201000000000000158e-02,1.201000000000000068e+00
1.086000000000000000e+05,1.201000000000000158e-02,1.201000000000000068e+00
1.086600000000000000e+05,1.201000000000000158e-02,1.201000000000000068e+00
1.087200000000000000e+05,1.201000000000000158e-02,1.201000000000000068e+00
1.087800000000000000e+05,1.201000000000000158e-02,1.201000000000000068e+00
1.088400000000000000e+05,1.201000000000000158e-02,1.201000000000000068e+00
1.089000000000000000e+05,1.201000000000000158e-02,1.201000000000000068e+00
1.089600000000000000e+05,1.201000000000000158e-02,1.201000000000000068e+00
1.090200000000000000e+05,1.201000000000000158e-02,1.201000000000000068e+00
1.090800000000000000e+05,1.201000000000000158e-02,1.201000000000000068e+00
1.091400000000000000e+05,1.201000000000000158e-02,1.201000000000000068e+00
1.092000000000000000e+05,1.201000000000000158e-02,1.201000000000000068e+00
1.092600000000000000e+05,1.201000000000000158e-02,1.201000000000000068e+00
1.093200000000000000e+05,1.201000000000000158e-02,1.201000000000000068e+00
1.093800000000000000e+05,1.201000000000000158e-02,1.201000000000000068e+00
1.094400000000000000e+05,1.201000000000000158e-02,1.201000000000000068e+00
1.095000000000000000e+05,1.201000000000000158e-02,1.201000000000000068e+00
1.095600000000000000e+05,1.201000000000000158e-02,1.201000000000000068e+00
1.096200000000000000e+05,1.201000000000000158e-02,1.201000000000000068e+00
1.096800000000000000e+05,1.201000000000000158e-02,1.201000000000000068e+00
1.097400000000000000e+05,1.201000000000000158e-02,1.201000000000000068e+00
1.098000000000000000e+05,1.201000000000000158e-02,1.201000000000000068e+00
1.098600000000000000e+05,1.201000000000000158e-02,1.201000000000000068e+00
1.099200000000000000e+05,1.201000000000000158e-02,1.201000000000000068e+00
1.099800000000000000e+05,1.201000000000000158e-02,1.201000000000000068e+00
1.100400000000000000e+05,1.201000000000000158e-02,1.201000000000000068e+00
1.101000000000000000e+05,1.201000000000000158e-02,1.201000000000000068e+00
1.101600000000000000e+05,1.201000000000000158e-02,1.201000000000000068e+00
1.102200000000000000e+05,1.201000000000000158e-02,1.201000000000000068e+00
1.102800000000000000e+05,1.201000000000000158e-02,1.201000000000000068e+00
1.103400000000000000e+05,1.201000000000000158e-02,1.201000000000000068e+00
1.104000000000000000e+05,1.201000000000000158e-02,1.201000000000000068e+00
1.104600000000000000e+05,1.201000000000000158e-02,1.201000000000000068e+00
1.105200000000000000e+05,1.201000000000000158e-02,1.201000000000000068e+00
1.105800000000000000e+05,1.201000000000000158e-02,1.201000000000000068e+00
1.106400000000000000e+05,1.201000000000000158e-02,1.201000000000000068e+00
1.107000000000000000e+05,1.201000000000000158e-02,1.201000000000000068e+00
1.107600000000000000e+05,1.201000000000000158e-02,1.201000000000000068e+00
1.108200000000000000e+05,1.201000000000000158e-02,1.201000000000000068e+00
1.108800000000000000e+05,1.201000000000000158e-02,1.201000000000000068e+00
1.109400000000000000e+05,1.201000000000000158e-02,1.201000000000000068e+00
1.110000000000000000e+05,1.201000000000000158e-02,1.201000000000000068e+00
1.110600000000000000e+05,1.201000000000000158e-02,1.201000000000000068e+00
1.111200000000000000e+05,1.201000000000000158e-02,1.201000000000000068e+00
1.111800000000000000e+05,1.201000000000000158e-02,1.201000000000000068e+00
1.112400000000000000e+05,1.201000000000000158e-02,1.201000000000000068e+00
1.113000000000000000e+05,1.201000000000000158e-02,1.201000000000000068e+00
1.113600000000000000e+05,1.201000000000000158e-02,1.201000000000000068e+00
1.114200000000000000e+05,1.201000000000000158e-02,1.201000000000000068e+00
1.114800000000000000e+05,1.201000000000000158e-02,1.201000000000000068e+00
1.115400000000000000e+05,1.201000000000000158e-02,1.201000000000000068e+00
1.116000000000000000e+05,1.201000000000000158e-02,1.201000000000000068e+00
1.116600000000000000e+05,1.201000000000000158e-02,1.201000000000000068e+00
1.117200000000000000e+05,1.201000000000000158e-02,1.201000000000000068e+00
1.117800000000000000e+05,1.201000000000000158e-02,1.201000000000000068e+00
1.118400000000000000e+05,1.201000000000000158e-02,1.201000000000000068e+00
1.119000000000000000e+05,1.201000000000000158e-02,1.201000000000000068e+00
1.119600000000000000e+05,1.201000000000000158e-02,1.201000000000000068e+00
1.120200000000000000e+05,1.201000000000000158e-02,1.201000000000000068e+00
1.120800000000000000e+05,1.201000000000000158e-02,1.201000000000000068e+00
1.121400000000000000e+05,1.201000000000000158e-02,1.201000000000000068e+00
1.122000000000000000e+05,1.201000000000000158e-02,1.201000000000000068e+00
1.122600000000000000e+05,1.201000000000000158e-02,1.201000000000000068e+00
1.123200000000000000e+05,1.201000000000000158e-02,1.201000000000000068e+00
1.123800000000000000e+05,1.201000000000000158e-02,1.201000000000000068e+00
1.124400000000000000e+05,1.201000000000000158e-02,1.201000000000000068e+00
1.125000000000000000e+05,1.201000000000000158e-02,1.201000000000000068e+00
1.125600000000000000e+05,1.201000000000000158e-02,1.201000000000000068e+00
1.126200000000000000e+05,1.201000000000000158e-02,1.201000000000000068e+00
1.126800000000000000e+05,1.201000000000000158e-02,1.201000000000000068e+00
1.127400000000000000e+05,1.201000000000000158e-02,1.201000000000000068e+00
1.128000000000000000e+05,1.201000000000000158e-02,1.201000000000000068e+00
1.128600000000000000e+05,1.201000000000000158e-02,1.201000000000000068e+00
1.129200000000000000e+05,1.201000000000000158e-02,1.201000000000000068e+00
1.129800000000000000e+05,1.201000000000000158e-02,1.201000000000000068e+00
1.130400000000000000e+05,1.201000000000000158e-02,1.201000000000000068e+00
1.131000000000000000e+05,1.201000000000000158e-02,1.201000000000000068e+00
1.131600000000000000e+05,1.201000000000000158e-02,1.201000000000000068e+00
1.132200000000000000e+05,1.201000000000000158e-02,1.201000000000000068e+00
1.132800000000000000e+05,1.201000000000000158e-02,1.201000000000000068e+00
1.133400000000000000e+05,1.201000000000000158e-02,1.201000000000000068e+00
1.134000000000000000e+05,1.201000000000000158e-02,1.201000000000000068e+00
1.134600000000000000e+05,1.201000000000000158e-02,1.201000000000000068e+00
1.135200000000000000e+05,1.201000000000000158e-02,1.201000000000000068e+00
1.135800000000000000e+05,1.201000000000000158e-02,1.201000000000000068e+00
1.136400000000000000e+05,1.201000000000000158e-02,1.201000000000000068e+00
1.137000000000000000e+05,1.201000000000000158e-02,1.201000000000000068e+00
1.137600000000000000e+05,1.201000000000000158e-02,1.201000000000000068e+00
1.138200000000000000e+05,1.201000000000000158e-02,1.201000000000000068e+00
1.138800000000000000e+05,1.201000000000000158e-02,1.201000000000000068e+00
1.139400000000000000e+05,1.201000000000000158e-02,1.201000000000000068e+00
1.140000000000000000e+05,1.201000000000000158e-02,1.201000000000000068e+00
1.140600000000000000e+05,1.201000000000000158e-02,1.201000000000000068e+00
1.141200000000000000e+05,1.201000000000000158e-02,1.201000000000000068e+00
1.141800000000000000e+05,1.201000000000000158e-02,1.201000000000000068e+00
1.142400000000000000e+05,1.201000000000000158e-02,1.201000000000000068e+00
1.143000000000000000e+05,1.201000000000000158e-02,1.201000000000000068e+00
1.143600000000000000e+05,1.201000000000000158e-02,1.201000000000000068e+00
1.144200000000000000e+05,1.201000000000000158e-02,1.201000000000000068e+00
1.144800000000000000e+05,1.201000000000000158e-02,1.201000000000000068e+00
1.145400000000000000e+05,1.201000000000000158e-02,1.201000000000000068e+00
1.146000000000000000e+05,1.201000000000000158e-02,1.201000000000000068e+00
1.146600000000000000e+05,1.201000000000000158e-02,1.201000000000000068e+00
1.147200000000000000e+05,1.201000000000000158e-02,1.201000000000000068e+00
1.147800000000000000e+05,1.201000000000000158e-02,1.201000000000000068e+00
1.148400000000000000e+05,1.201000000000000158e-02,1.201000000000000068e+00
1.149000000000000000e+05,1.201000000000000158e-02,1.201000000000000068e+00
1.149600000000000000e+05,1.201000000000000158e-02,1.201000000000000068e+00
1.150200000000000000e+05,1.201000000000000158e-02,1.201000000000000068e+00
1.150800000000000000e+05,1.201000000000000158e-02,1.201000000000000068e+00
1.151400000000000000e+05,1.201000000000000158e-02,1.201000000000000068e+00
1.152000000000000000e+05,1.201000000000000158e-02,1.201000000000000068e+00
1.152600000000000000e+05,1.201000000000000158e-02,1.201000000000000068e+00
1.153200000000000000e+05,1.201000000000000158e-02,1.201000000000000068e+00
1.153800000000000000e+05,1.201000000000000158e-02,1.201000000000000068e+00
1.154400000000000000e+05,1.201000000000000158e-02,1.201000000000000068e+00
1.155000000000000000e+05,1.201000000000000158e-02,1.201000000000000068e+00
1.155600000000000000e+05,1.201000000000000158e-02,1.201000000000000068e+00
1.156200000000000000e+05,1.201000000000000158e-02,1.201000000000000068e+00
1.156800000000000000e+05,1.201000000000000158e-02,1.201000000000000068e+00
1.157400000000000000e+05,1.201000000000000158e-02,1.201000000000000068e+00
1.158000000000000000e+05,1.201000000000000158e-02,1.201000000000000068e+00
1.158600000000000000e+05,1.201000000000000158e-02,1.201000000000000068e+00
1.159200000000000000e+05,1.201000000000000158e-02,1.201000000000000068e+00
1.159800000000000000e+05,1.201000000000000158e-02,1.201000000000000068e+00
1.160400000000000000e+05,1.201000000000000158e-02,1.201000000000000068e+00
1.161000000000000000e+05,1.201000000000000158e-02,1.201000000000000068e+00
1.161600000000000000e+05,1.201000000000000158e-02,1.201000000000000068e+00
1.162200000000000000e+05,1.201000000000000158e-02,1.201000000000000068e+00
1.162800000000000000e+05,1.201000000000000158e-02,1.201000000000000068e+00
1.163400000000000000e+05,1.201000000000000158e-02,1.201000000000000068e+00
1.164000000000000000e+05,1.201000000000000158e-02,1.201000000000000068e+00
1.164600000000000000e+05,1.201000000000000158e-02,1.201000000000000068e+00
1.165200000000000000e+05,1.201000000000000158e-02,1.201000000000000068e+00
1.165800000000000000e+05,1.201000000000000158e-02,1.201000000000000068e+00
1.166400000000000000e+05,1.201000000000000158e-02,1.201000000000000068e+00
1.167000000000000000e+05,1.201000000000000158e-02,1.201000000000000068e+00
1.167600000000000000e+05,1.201000000000000158e-02,1.201000000000000068e+00
1.168200000000000000e+05,1.201000000000000158e-02,1.201000000000000068e+00
1.168800000000000000e+05,1.201000000000000158e-02,1.201000000000000068e+00
1.169400000000000000e+05,1.201000000000000158e-02,1.201000000000000068e+00
1.170000000000000000e+05,1.201000000000000158e-02,1.201000000000000068e+00
1.170600000000000000e+05,1.201000000000000158e-02,1.201000000000000068e+00
1.171200000000000000e+05,1.201000000000000158e-02,1.201000000000000068e+00
1.171800000000000000e+05,1.201000000000000158e-02,1.201000000000000068e+00
1.172400000000000000e+05,1.201000000000000158e-02,1.201000000000000068e+00
1.173000000000000000e+05,1.201000000000000158e-02,1.201000000000000068e+00
1.173600000000000000e+05,1.201000000000000158e-02,1.201000000000000068e+00
1.174200000000000000e+05,1.201000000000000158e-02,1.201000000000000068e+00
1.174800000000000000e+05,1.201000000000000158e-02,1.201000000000000068e+00
1.175400000000000000e+05,1.201000000000000158e-02,1.201000000000000068e+00
1.176000000000000000e+05,1.201000000000000158e-02,1.201000000000000068e+00
1.176600000000000000e+05,1.201000000000000158e-02,1.201000000000000068e+00
1.177200000000000000e+05,1.201000000000000158e-02,1.201000000000000068e+00
1.177800000000000000e+05,1.201000000000000158e-02,1.201000000000000068e+00
1.178400000000000000e+05,1.201000000000000158e-02,1.201000000000000068e+00
1.179000000000000000e+05,1.201000000000000158e-02,1.201000000000000068e+00
1.179600000000000000e+05,1.201000000000000158e-02,1.201000000000000068e+00
1.180200000000000000e+05,1.201000000000000158e-02,1.201000000000000068e+00
1.180800000000000000e+05,1.201000000000000158e-02,1.201000000000000068e+00
1.181400000000000000e+05,1.201000000000000158e-02,1.201000000000000068e+00
1.182000000000000000e+05,1.201000000000000158e-02,1.201000000000000068e+00
1.182600000000000000e+05,1.201000000000000158e-02,1.201000000000000068e+00
1.183200000000000000e+05,1.201000000000000158e-02,1.201000000000000068e+00
1.183800000000000000e+05,1.201000000000000158e-02,1.201000000000000068e+00
1.184400000000000000e+05,1.201000000000000158e-02,1.201000000000000068e+00
1.185000000000000000e+05,1.201000000000000158e-02,1.201000000000000068e+00
1.185600000000000000e+05,1.201000000000000158e-02,1.201000000000000068e+00
1.186200000000000000e+05,1.201000000000000158e-02,1.201000000000000068e+00
1.186800000000000000e+05,1.201000000000000158e-02,1.201000000000000068e+00
1.187400000000000000e+05,1.201000000000000158e-02,1.201000000000000068e+00
1.188000000000000000e+05,1.201000000000000158e-02,1.201000000000000068e+00
1.188600000000000000e+05,1.201000000000000158e-02,1.201000000000000068e+00
1.189200000000000000e+05,1.201000000000000158e-02,1.201000000000000068e+00
1.189800000000000000e+05,1.201000000000000158e-02,1.201000000000000068e+00
1.190400000000000000e+05,1.201000000000000158e-02,1.201000000000000068e+00
1.191000000000000000e+05,1.201000000000000158e-02,1.201000000000000068e+00
1.191600000000000000e+05,1.201000000000000158e-02,1.201000000000000068e+00
1.192200000000000000e+05,1.201000000000000158e-02,1.201000000000000068e+00
1.192800000000000000e+05,1.201000000000000158e-02,1.201000000000000068e+00
1.193400000000000000e+05,1.201000000000000158e-02,1.201000000000000068e+00
1.194000000000000000e+05,1.201000000000000158e-02,1.201000000000000068e+00
1.194600000000000000e+05,1.201000000000000158e-02,1.201000000000000068e+00
1.195200000000000000e+05,1.201000000000000158e-02,1.201000000000000068e+00
1.195800000000000000e+05,1.201000000000000158e-02,1.201000000000000068e+00
1.196400000000000000e+05,1.201000000000000158e-02,1.201000000000000068e+00
1.197000000000000000e+05,1.201000000000000158e-02,1.201000000000000068e+00
1.197600000000000000e+05,1.201000000000000158e-02,1.201000000000000068e+00
1.198200000000000000e+05,1.201000000000000158e-02,1.201000000000000068e+00
1.198800000000000000e+05,1.201000000000000158e-02,1.201000000000000068e+00
1.199400000000000000e+05,1.201000000000000158e-02,1.201000000000000068e+00
1.200000000000000000e+05,1.201000000000000158e-02,1.201000000000000068e+00
1.200600000000000000e+05,1.201000000000000158e-02,1.201000000000000068e+00
1.201200000000000000e+05,1.201000000000000158e-02,1.201000000000000068e+00
1.201800000000000000e+05,1.201000000000000158e-02,1.201000000000000068e+00
1.202400000000000000e+05,1.201000000000000158e-02,1.201000000000000068e+00
1.203000000000000000e+05,1.201000000000000158e-02,1.201000000000000068e+00
1.203600000000000000e+05,1.201000000000000158e-02,1.201000000000000068e+00
1.204200000000000000e+05,1.201000000000000158e-02,1.201000000000000068e+00
1.204800000000000000e+05,1.201000000000000158e-02,1.201000000000000068e+00
1.205400000000000000e+05,1.201000000000000158e-02,1.201000000000000068e+00
1.206000000000000000e+05,1.201000000000000158e-02,1.201000000000000068e+00
1.206600000000000000e+05,1.201000000000000158e-02,1.201000000000000068e+00
1.207200000000000000e+05,1.201000000000000158e-02,1.201000000000000068e+00
1.207800000000000000e+05,1.201000000000000158e-02,1.201000000000000068e+00
1.208400000000000000e+05,1.201000000000000158e-02,1.201000000000000068e+00
1.209000000000000000e+05,1.201000000000000158e-02,1.201000000000000068e+00
1.209600000000000000e+05,1.201000000000000158e-02,1.201000000000000068e+00
1.210200000000000000e+05,1.201000000000000158e-02,1.201000000000000068e+00
1.210800000000000000e+05,1.201000000000000158e-02,1.201000000000000068e+00
1.211400000000000000e+05,1.201000000000000158e-02,1.201000000000000068e+00
1.212000000000000000e+05,1.201000000000000158e-02,1.201000000000000068e+00
1.212600000000000000e+05,1.201000000000000158e-02,1.201000000000000068e+00
1.213200000000000000e+05,1.201000000000000158e-02,1.201000000000000068e+00
1.213800000000000000e+05,1.201000000000000158e-02,1.201000000000000068e+00
1.214400000000000000e+05,1.201000000000000158e-02,1.201000000000000068e+00
1.215000000000000000e+05,1.201000000000000158e-02,1.201000000000000068e+00
1.215600000000000000e+05,1.201000000000000158e-02,1.201000000000000068e+00
1.216200000000000000e+05,1.201000000000000158e-02,1.201000000000000068e+00
1.216800000000000000e+05,1.201000000000000158e-02,1.201000000000000068e+00
1.217400000000000000e+05,1.201000000000000158e-02,1.201000000000000068e+00
1.218000000000000000e+05,1.201000000000000158e-02,1.201000000000000068e+00
1.218600000000000000e+05,1.201000000000000158e-02,1.201000000000000068e+00
1.219200000000000000e+05,1.201000000000000158e-02,1.201000000000000068e+00
1.219800000000000000e+05,1.201000000000000158e-02,1.201000000000000068e+00
1.220400000000000000e+05,1.201000000000000158e-02,1.201000000000000068e+00
1.221000000000000000e+05,1.201000000000000158e-02,1.201000000000000068e+00
1.221600000000000000e+05,1.201000000000000158e-02,1.201000000000000068e+00
1.222200000000000000e+05,1.201000000000000158e-02,1.201000000000000068e+00
1.222800000000000000e+05,1.201000000000000158e-02,1.201000000000000068e+00
1.223400000000000000e+05,1.201000000000000158e-02,1.201000000000000068e+00
1.224000000000000000e+05,1.201000000000000158e-02,1.201000000000000068e+00
1.224600000000000000e+05,1.201000000000000158e-02,1.201000000000000068e+00
1.225200000000000000e+05,1.201000000000000158e-02,1.201000000000000068e+00
1.225800000000000000e+05,1.201000000000000158e-02,1.201000000000000068e+00
1.226400000000000000e+05,1.201000000000000158e-02,1.201000000000000068e+00
1.227000000000000000e+05,1.201000000000000158e-02,1.201000000000000068e+00
1.227600000000000000e+05,1.201000000000000158e-02,1.201000000000000068e+00
1.228200000000000000e+05,1.201000000000000158e-02,1.201000000000000068e+00
1.228800000000000000e+05,1.201000000000000158e-02,1.201000000000000068e+00
1.229400000000000000e+05,1.201000000000000158e-02,1.201000000000000068e+00
1.230000000000000000e+05,1.201000000000000158e-02,1.201000000000000068e+00
1.230600000000000000e+05,1.201000000000000158e-02,1.201000000000000068e+00
1.231200000000000000e+05,1.201000000000000158e-02,1.201000000000000068e+00
1.231800000000000000e+05,1.201000000000000158e-02,1.201000000000000068e+00
1.232400000000000000e+05,1.201000000000000158e-02,1.201000000000000068e+00
1.233000000000000000e+05,1.201000000000000158e-02,1.201000000000000068e+00
1.233600000000000000e+05,1.201000000000000158e-02,1.201000000000000068e+00
1.234200000000000000e+05,1.201000000000000158e-02,1.201000000000000068e+00
1.234800000000000000e+05,1.201000000000000158e-02,1.201000000000000068e+00
1.235400000000000000e+05,1.201000000000000158e-02,1.201000000000000068e+00
1.236000000000000000e+05,1.201000000000000158e-02,1.201000000000000068e+00
1.236600000000000000e+05,1.201000000000000158e-02,1.201000000000000068e+00
1.237200000000000000e+05,1.201000000000000158e-02,1.201000000000000068e+00
1.237800000000000000e+05,1.201000000000000158e-02,1.201000000000000068e+00
1.238400000000000000e+05,1.201000000000000158e-02,1.201000000000000068e+00
1.239000000000000000e+05,1.201000000000000158e-02,1.201000000000000068e+00
1.239600000000000000e+05,1.201000000000000158e-02,1.201000000000000068e+00
1.240200000000000000e+05,1.201000000000000158e-02,1.201000000000000068e+00
1.240800000000000000e+05,1.201000000000000158e-02,1.201000000000000068e+00
1.241400000000000000e+05,1.201000000000000158e-02,1.201000000000000068e+00
1.242000000000000000e+05,1.201000000000000158e-02,1.201000000000000068e+00
1.242600000000000000e+05,1.200966666666666849e-02,1.200966666666666960e+00
1.243200000000000000e+05,1.200933333333333540e-02,1.200933333333333630e+00
1.243800000000000000e+05,1.200900000000000231e-02,1.200900000000000301e+00
1.244400000000000000e+05,1.200866666666666749e-02,1.200866666666666749e+00
1.245000000000000000e+05,1.200833333333333440e-02,1.200833333333333419e+00
1.245600000000000000e+05,1.200800000000000131e-02,1.200800000000000090e+00
1.246200000000000000e+05,1.200766666666666822e-02,1.200766666666666760e+00
1.246800000000000000e+05,1.200733333333333513e-02,1.200733333333333430e+00
1.247400000000000000e+05,1.200700000000000031e-02,1.200700000000000101e+00
1.248000000000000000e+05,1.200666666666666722e-02,1.200666666666666771e+00
1.248600000000000000e+05,1.200633333333333413e-02,1.200633333333333441e+00
1.249200000000000000e+05,1.200600000000000105e-02,1.200600000000000112e+00
1.249800000000000000e+05,1.200566666666666796e-02,1.200566666666666782e+00
1.250400000000000000e+05,1.200533333333333487e-02,1.200533333333333452e+00
1.251000000000000000e+05,1.200500000000000178e-02,1.200500000000000123e+00
1.251600000000000000e+05,1.200466666666666696e-02,1.200466666666666793e+00
1.252200000000000000e+05,1.200433333333333387e-02,1.200433333333333463e+00
1.252800000000000000e+05,1.200400000000000078e-02,1.200400000000000134e+00
1.253400000000000000e+05,1.200366666666666769e-02,1.200366666666666804e+00
1.254000000000000000e+05,1.200333333333333460e-02,1.200333333333333474e+00
1.254600000000000000e+05,1.200299999999999978e-02,1.200299999999999923e+00
1.255200000000000000e+05,1.200266666666666669e-02,1.200266666666666593e+00
1.255800000000000000e+05,1.200233333333333360e-02,1.200233333333333263e+00
1.256400000000000000e+05,1.200200000000000052e-02,1.200200000000000156e+00
1.257000000000000000e+05,1.200166666666666743e-02,1.200166666666666826e+00
1.257600000000000000e+05,1.200133333333333434e-02,1.200133333333333496e+00
1.258200000000000000e+05,1.200100000000000125e-02,1.200100000000000167e+00
1.258800000000000000e+05,1.200066666666666643e-02,1.200066666666666615e+00
1.259400000000000000e+05,1.200033333333333334e-02,1.200033333333333285e+00
1.260000000000000000e+05,1.200000000000000025e-02,1.199999999999999956e+00
1.260600000000000000e+05,1.200000000000000025e-02,1.199999999999999956e+00
1.261200000000000000e+05,1.200000000000000025e-02,1.199999999999999956e+00
1.261800000000000000e+05,1.200000000000000025e-02,1.199999999999999956e+00
1.262400000000000000e+05,1.200000000000000025e-02,1.199999999999999956e+00
1.263000000000000000e+05,1.200000000000000025e-02,1.199999999999999956e+00
1.263600000000000000e+05,1.200000000000000025e-02,1.199999999999999956e+00
1.264200000000000000e+05,1.200000000000000025e-02,1.199999999999999956e+00
1.264800000000000000e+05,1.200000000000000025e-02,1.199999999999999956e+00
1.265400000000000000e+05,1.200000000000000025e-02,1.199999999999999956e+00
1.266000000000000000e+05,1.200000000000000025e-02,1.199999999999999956e+00
1.266600000000000000e+05,1.200000000000000025e-02,1.199999999999999956e+00
1.267200000000000000e+05,1.200000000000000025e-02,1.199999999999999956e+00
1.267800000000000000e+05,1.200000000000000025e-02,1.199999999999999956e+00
1.268400000000000000e+05,1.200000000000000025e-02,1.199999999999999956e+00
1.269000000000000000e+05,1.200000000000000025e-02,1.199999999999999956e+00
1.269600000000000000e+05,1.200000000000000025e-02,1.199999999999999956e+00
1.270200000000000000e+05,1.200000000000000025e-02,1.199999999999999956e+00
1.270800000000000000e+05,1.200000000000000025e-02,1.199999999999999956e+00
1.271400000000000000e+05,1.200000000000000025e-02,1.199999999999999956e+00
1.272000000000000000e+05,1.200000000000000025e-02,1.199999999999999956e+00
1.272600000000000000e+05,1.200000000000000025e-02,1.199999999999999956e+00
1.273200000000000000e+05,1.200000000000000025e-02,1.199999999999999956e+00
1.273800000000000000e+05,1.200000000000000025e-02,1.199999999999999956e+00
1.274400000000000000e+05,1.200000000000000025e-02,1.199999999999999956e+00
1.275000000000000000e+05,1.200000000000000025e-02,1.199999999999999956e+00
1.275600000000000000e+05,1.200000000000000025e-02,1.199999999999999956e+00
1.276200000000000000e+05,1.200000000000000025e-02,1.199999999999999956e+00
1.276800000000000000e+05,1.200000000000000025e-02,1.199999999999999956e+00
1.277400000000000000e+05,1.200000000000000025e-02,1.199999999999999956e+00
1.278000000000000000e+05,1.200000000000000025e-02,1.199999999999999956e+00
1.278600000000000000e+05,1.200000000000000025e-02,1.199999999999999956e+00
1.279200000000000000e+05,1.200000000000000025e-02,1.199999999999999956e+00
1.279800000000000000e+05,1.200000000000000025e-02,1.199999999999999956e+00
1.280400000000000000e+05,1.200000000000000025e-02,1.199999999999999956e+00
1.281000000000000000e+05,1.200000000000000025e-02,1.199999999999999956e+00
1.281600000000000000e+05,1.200000000000000025e-02,1.199999999999999956e+00
1.282200000000000000e+05,1.200000000000000025e-02,1.199999999999999956e+00
1.282800000000000000e+05,1.200000000000000025e-02,1.199999999999999956e+00
1.283400000000000000e+05,1.200000000000000025e-02,1.199999999999999956e+00
1.284000000000000000e+05,1.200000000000000025e-02,1.199999999999999956e+00
1.284600000000000000e+05,1.200000000000000025e-02,1.199999999999999956e+00
1.285200000000000000e+05,1.200000000000000025e-02,1.199999999999999956e+00
1.285800000000000000e+05,1.200000000000000025e-02,1.199999999999999956e+00
1.286400000000000000e+05,1.200000000000000025e-02,1.199999999999999956e+00
1.287000000000000000e+05,1.200000000000000025e-02,1.199999999999999956e+00
1.287600000000000000e+05,1.200000000000000025e-02,1.199999999999999956e+00
1.288200000000000000e+05,1.200000000000000025e-02,1.199999999999999956e+00
1.288800000000000000e+05,1.200000000000000025e-02,1.199999999999999956e+00
1.289400000000000000e+05,1.200000000000000025e-02,1.199999999999999956e+00
1.290000000000000000e+05,1.200000000000000025e-02,1.199999999999999956e+00
1.290600000000000000e+05,1.200000000000000025e-02,1.199999999999999956e+00
1.291200000000000000e+05,1.200000000000000025e-02,1.199999999999999956e+00
1.291800000000000000e+05,1.200000000000000025e-02,1.199999999999999956e+00
1.292400000000000000e+05,1.200000000000000025e-02,1.199999999999999956e+00
1.293000000000000000e+05,1.200000000000000025e-02,1.199999999999999956e+00
1.293600000000000000e+05,1.200000000000000025e-02,1.199999999999999956e+00
1.294200000000000000e+05,1.200000000000000025e-02,1.199999999999999956e+00
1.294800000000000000e+05,1.200000000000000025e-02,1.199999999999999956e+00
1.295400000000000000e+05,1.200000000000000025e-02,1.199999999999999956e+00
1.296000000000000000e+05,1.200000000000000025e-02,1.199999999999999956e+00
1.296600000000000000e+05,1.200000000000000025e-02,1.199999999999999956e+00
1.297200000000000000e+05,1.200000000000000025e-02,1.199999999999999956e+00
1.297800000000000000e+05,1.200000000000000025e-02,1.199999999999999956e+00
1.298400000000000000e+05,1.200000000000000025e-02,1.199999999999999956e+00
1.299000000000000000e+05,1.200000000000000025e-02,1.199999999999999956e+00
1.299600000000000000e+05,1.200000000000000025e-02,1.199999999999999956e+00
1.300200000000000000e+05,1.200000000000000025e-02,1.199999999999999956e+00
1.300800000000000000e+05,1.200000000000000025e-02,1.199999999999999956e+00
1.301400000000000000e+05,1.200000000000000025e-02,1.199999999999999956e+00
1.302000000000000000e+05,1.200000000000000025e-02,1.199999999999999956e+00
1.302600000000000000e+05,1.200000000000000025e-02,1.199999999999999956e+00
1.303200000000000000e+05,1.200000000000000025e-02,1.199999999999999956e+00
1.303800000000000000e+05,1.200000000000000025e-02,1.199999999999999956e+00
1.304400000000000000e+05,1.200000000000000025e-02,1.199999999999999956e+00
1.305000000000000000e+05,1.200000000000000025e-02,1.199999999999999956e+00
1.305600000000000000e+05,1.200000000000000025e-02,1.199999999999999956e+00
1.306200000000000000e+05,1.200000000000000025e-02,1.199999999999999956e+00
1.306800000000000000e+05,1.200000000000000025e-02,1.199999999999999956e+00
1.307400000000000000e+05,1.200000000000000025e-02,1.199999999999999956e+00
1.308000000000000000e+05,1.200000000000000025e-02,1.199999999999999956e+00
1.308600000000000000e+05,1.200000000000000025e-02,1.199999999999999956e+00
1.309200000000000000e+05,1.200000000000000025e-02,1.199999999999999956e+00
1.309800000000000000e+05,1.200000000000000025e-02,1.199999999999999956e+00
1.310400000000000000e+05,1.200000000000000025e-02,1.199999999999999956e+00
1.311000000000000000e+05,1.200000000000000025e-02,1.199999999999999956e+00
1.311600000000000000e+05,1.200000000000000025e-02,1.199999999999999956e+00
1.312200000000000000e+05,1.200000000000000025e-02,1.199999999999999956e+00
1.312800000000000000e+05,1.200000000000000025e-02,1.199999999999999956e+00
1.313400000000000000e+05,1.200000000000000025e-02,1.199999999999999956e+00
1.314000000000000000e+05,1.200000000000000025e-02,1.199999999999999956e+00
1.314600000000000000e+05,1.200000000000000025e-02,1.199999999999999956e+00
1.315200000000000000e+05,1.200000000000000025e-02,1.199999999999999956e+00
1.315800000000000000e+05,1.200000000000000025e-02,1.199999999999999956e+00
1.316400000000000000e+05,1.200000000000000025e-02,1.199999999999999956e+00
1.317000000000000000e+05,1.200000000000000025e-02,1.199999999999999956e+00
1.317600000000000000e+05,1.200000000000000025e-02,1.199999999999999956e+00
1.318200000000000000e+05,1.200000000000000025e-02,1.199999999999999956e+00
1.318800000000000000e+05,1.200000000000000025e-02,1.199999999999999956e+00
1.319400000000000000e+05,1.200000000000000025e-02,1.199999999999999956e+00
1.320000000000000000e+05,1.200000000000000025e-02,1.199999999999999956e+00
1.320600000000000000e+05,1.200000000000000025e-02,1.199999999999999956e+00
1.321200000000000000e+05,1.200000000000000025e-02,1.199999999999999956e+00
1.321800000000000000e+05,1.200000000000000025e-02,1.199999999999999956e+00
1.322400000000000000e+05,1.200000000000000025e-02,1.199999999999999956e+00
1.323000000000000000e+05,1.200000000000000025e-02,1.199999999999999956e+00
1.323600000000000000e+05,1.200000000000000025e-02,1.199999999999999956e+00
1.324200000000000000e+05,1.200000000000000025e-02,1.199999999999999956e+00
1.324800000000000000e+05,1.200000000000000025e-02,1.199999999999999956e+00
1.325400000000000000e+05,1.200000000000000025e-02,1.199999999999999956e+00
1.326000000000000000e+05,1.200000000000000025e-02,1.199999999999999956e+00
1.326600000000000000e+05,1.200000000000000025e-02,1.199999999999999956e+00
1.327200000000000000e+05,1.200000000000000025e-02,1.199999999999999956e+00
1.327800000000000000e+05,1.200000000000000025e-02,1.199999999999999956e+00
1.328400000000000000e+05,1.200000000000000025e-02,1.199999999999999956e+00
1.329000000000000000e+05,1.200000000000000025e-02,1.199999999999999956e+00
1.329600000000000000e+05,1.200000000000000025e-02,1.199999999999999956e+00
1.330200000000000000e+05,1.200000000000000025e-02,1.199999999999999956e+00
1.330800000000000000e+05,1.200000000000000025e-02,1.199999999999999956e+00
1.331400000000000000e+05,1.200000000000000025e-02,1.199999999999999956e+00
1.332000000000000000e+05,1.200000000000000025e-02,1.199999999999999956e+00
1.332600000000000000e+05,1.200000000000000025e-02,1.199999999999999956e+00
1.333200000000000000e+05,1.200000000000000025e-02,1.199999999999999956e+00
1.333800000000000000e+05,1.200000000000000025e-02,1.199999999999999956e+00
1.334400000000000000e+05,1.200000000000000025e-02,1.199999999999999956e+00
1.335000000000000000e+05,1.200000000000000025e-02,1.199999999999999956e+00
1.335600000000000000e+05,1.200000000000000025e-02,1.199999999999999956e+00
1.336200000000000000e+05,1.200000000000000025e-02,1.199999999999999956e+00
1.336800000000000000e+05,1.200000000000000025e-02,1.199999999999999956e+00
1.337400000000000000e+05,1.200000000000000025e-02,1.199999999999999956e+00
1.338000000000000000e+05,1.200000000000000025e-02,1.199999999999999956e+00
1.338600000000000000e+05,1.200000000000000025e-02,1.199999999999999956e+00
1.339200000000000000e+05,1.200000000000000025e-02,1.199999999999999956e+00
1.339800000000000000e+05,1.200000000000000025e-02,1.199999999999999956e+00
1.340400000000000000e+05,1.200000000000000025e-02,1.199999999999999956e+00
1.341000000000000000e+05,1.200000000000000025e-02,1.199999999999999956e+00
1.341600000000000000e+05,1.200000000000000025e-02,1.199999999999999956e+00
1.342200000000000000e+05,1.200000000000000025e-02,1.199999999999999956e+00
1.342800000000000000e+05,1.200000000000000025e-02,1.199999999999999956e+00
1.343400000000000000e+05,1.200000000000000025e-02,1.199999999999999956e+00
1.344000000000000000e+05,1.200000000000000025e-02,1.199999999999999956e+00
1.344600000000000000e+05,1.200000000000000025e-02,1.199999999999999956e+00
1.345200000000000000e+05,1.200000000000000025e-02,1.199999999999999956e+00
1.345800000000000000e+05,1.200000000000000025e-02,1.199999999999999956e+00
1.346400000000000000e+05,1.200000000000000025e-02,1.199999999999999956e+00
1.347000000000000000e+05,1.200000000000000025e-02,1.199999999999999956e+00
1.347600000000000000e+05,1.200000000000000025e-02,1.199999999999999956e+00
1.348200000000000000e+05,1.200000000000000025e-02,1.199999999999999956e+00
1.348800000000000000e+05,1.200000000000000025e-02,1.199999999999999956e+00
1.349400000000000000e+05,1.200000000000000025e-02,1.199999999999999956e+00
1.350000000000000000e+05,1.200000000000000025e-02,1.199999999999999956e+00
1.350600000000000000e+05,1.200000000000000025e-02,1.199999999999999956e+00
1.351200000000000000e+05,1.200000000000000025e-02,1.199999999999999956e+00
1.351800000000000000e+05,1.200000000000000025e-02,1.199999999999999956e+00
1.352400000000000000e+05,1.200000000000000025e-02,1.199999999999999956e+00
1.353000000000000000e+05,1.200000000000000025e-02,1.199999999999999956e+00
1.353600000000000000e+05,1.200000000000000025e-02,1.199999999999999956e+00
1.354200000000000000e+05,1.200000000000000025e-02,1.199999999999999956e+00
1.354800000000000000e+05,1.200000000000000025e-02,1.199999999999999956e+00
1.355400000000000000e+05,1.200000000000000025e-02,1.199999999999999956e+00
1.356000000000000000e+05,1.200000000000000025e-02,1.199999999999999956e+00
1.356600000000000000e+05,1.200000000000000025e-02,1.199999999999999956e+00
1.357200000000000000e+05,1.200000000000000025e-02,1.199999999999999956e+00
1.357800000000000000e+05,1.200000000000000025e-02,1.199999999999999956e+00
1.358400000000000000e+05,1.200000000000000025e-02,1.199999999999999956e+00
1.359000000000000000e+05,1.200000000000000025e-02,1.199999999999999956e+00
1.359600000000000000e+05,1.200000000000000025e-02,1.199999999999999956e+00
1.360200000000000000e+05,1.200000000000000025e-02,1.199999999999999956e+00
1.360800000000000000e+05,1.200000000000000025e-02,1.199999999999999956e+00
1.361400000000000000e+05,1.200000000000000025e-02,1.199999999999999956e+00
1.362000000000000000e+05,1.200000000000000025e-02,1.199999999999999956e+00
1.362600000000000000e+05,1.200000000000000025e-02,1.199999999999999956e+00
1.363200000000000000e+05,1.200000000000000025e-02,1.199999999999999956e+00
1.363800000000000000e+05,1.200000000000000025e-02,1.199999999999999956e+00
1.364400000000000000e+05,1.200000000000000025e-02,1.199999999999999956e+00
1.365000000000000000e+05,1.200000000000000025e-02,1.199999999999999956e+00
1.365600000000000000e+05,1.200000000000000025e-02,1.199999999999999956e+00
1.366200000000000000e+05,1.200000000000000025e-02,1.199999999999999956e+00
1.366800000000000000e+05,1.200000000000000025e-02,1.199999999999999956e+00
1.367400000000000000e+05,1.200000000000000025e-02,1.199999999999999956e+00
1.368000000000000000e+05,1.200000000000000025e-02,1.199999999999999956e+00
1.368600000000000000e+05,1.200000000000000025e-02,1.199999999999999956e+00
1.369200000000000000e+05,1.200000000000000025e-02,1.199999999999999956e+00
1.369800000000000000e+05,1.200000000000000025e-02,1.199999999999999956e+00
1.370400000000000000e+05,1.200000000000000025e-02,1.199999999999999956e+00
1.371000000000000000e+05,1.200000000000000025e-02,1.199999999999999956e+00
1.371600000000000000e+05,1.200000000000000025e-02,1.199999999999999956e+00
1.372200000000000000e+05,1.200000000000000025e-02,1.199999999999999956e+00
1.372800000000000000e+05,1.200000000000000025e-02,1.199999999999999956e+00
1.373400000000000000e+05,1.200000000000000025e-02,1.199999999999999956e+00
1.374000000000000000e+05,1.200000000000000025e-02,1.199999999999999956e+00
1.374600000000000000e+05,1.200000000000000025e-02,1.199999999999999956e+00
1.375200000000000000e+05,1.200000000000000025e-02,1.199999999999999956e+00
1.375800000000000000e+05,1.200000000000000025e-02,1.199999999999999956e+00
1.376400000000000000e+05,1.200000000000000025e-02,1.199999999999999956e+00
1.377000000000000000e+05,1.200000000000000025e-02,1.199999999999999956e+00
1.377600000000000000e+05,1.200000000000000025e-02,1.199999999999999956e+00
1.378200000000000000e+05,1.200000000000000025e-02,1.199999999999999956e+00
1.378800000000000000e+05,1.200000000000000025e-02,1.199999999999999956e+00
1.379400000000000000e+05,1.200000000000000025e-02,1.199999999999999956e+00
1.380000000000000000e+05,1.200000000000000025e-02,1.199999999999999956e+00
1.380600000000000000e+05,1.200000000000000025e-02,1.199999999999999956e+00
1.381200000000000000e+05,1.200000000000000025e-02,1.199999999999999956e+00
1.381800000000000000e+05,1.200000000000000025e-02,1.199999999999999956e+00
1.382400000000000000e+05,1.200000000000000025e-02,1.199999999999999956e+00
1.383000000000000000e+05,1.200000000000000025e-02,1.199999999999999956e+00
1.383600000000000000e+05,1.200000000000000025e-02,1.199999999999999956e+00
1.384200000000000000e+05,1.200000000000000025e-02,1.199999999999999956e+00
1.384800000000000000e+05,1.200000000000000025e-02,1.199999999999999956e+00
1.385400000000000000e+05,1.200000000000000025e-02,1.199999999999999956e+00
1.386000000000000000e+05,1.200000000000000025e-02,1.199999999999999956e+00
1.386600000000000000e+05,1.200000000000000025e-02,1.199999999999999956e+00
1.387200000000000000e+05,1.200000000000000025e-02,1.199999999999999956e+00
1.387800000000000000e+05,1.200000000000000025e-02,1.199999999999999956e+00
1.388400000000000000e+05,1.200000000000000025e-02,1.199999999999999956e+00
1.389000000000000000e+05,1.200000000000000025e-02,1.199999999999999956e+00
1.389600000000000000e+05,1.200000000000000025e-02,1.199999999999999956e+00
1.390200000000000000e+05,1.200000000000000025e-02,1.199999999999999956e+00
1.390800000000000000e+05,1.200000000000000025e-02,1.199999999999999956e+00
1.391400000000000000e+05,1.200000000000000025e-02,1.199999999999999956e+00
1.392000000000000000e+05,1.200000000000000025e-02,1.199999999999999956e+00
1.392600000000000000e+05,1.200000000000000025e-02,1.199999999999999956e+00
1.393200000000000000e+05,1.200000000000000025e-02,1.199999999999999956e+00
1.393800000000000000e+05,1.200000000000000025e-02,1.199999999999999956e+00
1.394400000000000000e+05,1.200000000000000025e-02,1.199999999999999956e+00
1.395000000000000000e+05,1.200000000000000025e-02,1.199999999999999956e+00
1.395600000000000000e+05,1.200000000000000025e-02,1.199999999999999956e+00
1.396200000000000000e+05,1.200000000000000025e-02,1.199999999999999956e+00
1.396800000000000000e+05,1.200000000000000025e-02,1.199999999999999956e+00
1.397400000000000000e+05,1.200000000000000025e-02,1.199999999999999956e+00
1.398000000000000000e+05,1.200000000000000025e-02,1.199999999999999956e+00
1.398600000000000000e+05,1.200000000000000025e-02,1.199999999999999956e+00
1.399200000000000000e+05,1.200000000000000025e-02,1.199999999999999956e+00
1.399800000000000000e+05,1.200000000000000025e-02,1.199999999999999956e+00
1.400400000000000000e+05,1.200000000000000025e-02,1.199999999999999956e+00
1.401000000000000000e+05,1.200000000000000025e-02,1.199999999999999956e+00
1.401600000000000000e+05,1.200000000000000025e-02,1.199999999999999956e+00
1.402200000000000000e+05,1.200000000000000025e-02,1.199999999999999956e+00
1.402800000000000000e+05,1.200000000000000025e-02,1.199999999999999956e+00
1.403400000000000000e+05,1.200000000000000025e-02,1.199999999999999956e+00
1.404000000000000000e+05,1.200000000000000025e-02,1.199999999999999956e+00
1.404600000000000000e+05,1.200000000000000025e-02,1.199999999999999956e+00
1.405200000000000000e+05,1.200000000000000025e-02,1.199999999999999956e+00
1.405800000000000000e+05,1.200000000000000025e-02,1.199999999999999956e+00
1.406400000000000000e+05,1.200000000000000025e-02,1.199999999999999956e+00
1.407000000000000000e+05,1.200000000000000025e-02,1.199999999999999956e+00
1.407600000000000000e+05,1.200000000000000025e-02,1.199999999999999956e+00
1.408200000000000000e+05,1.200000000000000025e-02,1.199999999999999956e+00
1.408800000000000000e+05,1.200000000000000025e-02,1.199999999999999956e+00
1.409400000000000000e+05,1.200000000000000025e-02,1.199999999999999956e+00
1.410000000000000000e+05,1.200000000000000025e-02,1.199999999999999956e+00
1.410600000000000000e+05,1.200000000000000025e-02,1.199999999999999956e+00
1.411200000000000000e+05,1.200000000000000025e-02,1.199999999999999956e+00
1.411800000000000000e+05,1.200000000000000025e-02,1.199999999999999956e+00
1.412400000000000000e+05,1.200000000000000025e-02,1.199999999999999956e+00
1.413000000000000000e+05,1.200000000000000025e-02,1.199999999999999956e+00
1.413600000000000000e+05,1.200000000000000025e-02,1.199999999999999956e+00
1.414200000000000000e+05,1.200000000000000025e-02,1.199999999999999956e+00
1.414800000000000000e+05,1.200000000000000025e-02,1.199999999999999956e+00
1.415400000000000000e+05,1.200000000000000025e-02,1.199999999999999956e+00
1.416000000000000000e+05,1.200000000000000025e-02,1.199999999999999956e+00
1.416600000000000000e+05,1.200000000000000025e-02,1.199999999999999956e+00
1.417200000000000000e+05,1.200000000000000025e-02,1.199999999999999956e+00
1.417800000000000000e+05,1.200000000000000025e-02,1.199999999999999956e+00
1.418400000000000000e+05,1.200000000000000025e-02,1.199999999999999956e+00
1.419000000000000000e+05,1.200000000000000025e-02,1.199999999999999956e+00
1.419600000000000000e+05,1.200000000000000025e-02,1.199999999999999956e+00
1.420200000000000000e+05,1.200000000000000025e-02,1.199999999999999956e+00
1.420800000000000000e+05,1.200000000000000025e-02,1.199999999999999956e+00
1.421400000000000000e+05,1.200000000000000025e-02,1.199999999999999956e+00
1.422000000000000000e+05,1.200000000000000025e-02,1.199999999999999956e+00
1.422600000000000000e+05,1.200000000000000025e-02,1.199999999999999956e+00
1.423200000000000000e+05,1.200000000000000025e-02,1.199999999999999956e+00
1.423800000000000000e+05,1.200000000000000025e-02,1.199999999999999956e+00
1.424400000000000000e+05,1.200000000000000025e-02,1.199999999999999956e+00
1.425000000000000000e+05,1.200000000000000025e-02,1.199999999999999956e+00
1.425600000000000000e+05,1.200000000000000025e-02,1.199999999999999956e+00
1.426200000000000000e+05,1.200000000000000025e-02,1.199999999999999956e+00
1.426800000000000000e+05,1.200000000000000025e-02,1.199999999999999956e+00
1.427400000000000000e+05,1.200000000000000025e-02,1.199999999999999956e+00
1.428000000000000000e+05,1.200000000000000025e-02,1.199999999999999956e+00
1.428600000000000000e+05,1.200000000000000025e-02,1.199999999999999956e+00
1.429200000000000000e+05,1.200000000000000025e-02,1.199999999999999956e+00
1.429800000000000000e+05,1.200000000000000025e-02,1.199999999999999956e+00
1.430400000000000000e+05,1.200000000000000025e-02,1.199999999999999956e+00
1.431000000000000000e+05,1.200000000000000025e-02,1.199999999999999956e+00
1.431600000000000000e+05,1.200000000000000025e-02,1.199999999999999956e+00
1.432200000000000000e+05,1.200000000000000025e-02,1.199999999999999956e+00
1.432800000000000000e+05,1.200000000000000025e-02,1.199999999999999956e+00
1.433400000000000000e+05,1.200000000000000025e-02,1.199999999999999956e+00
1.434000000000000000e+05,1.200000000000000025e-02,1.199999999999999956e+00
1.434600000000000000e+05,1.200000000000000025e-02,1.199999999999999956e+00
1.435200000000000000e+05,1.200000000000000025e-02,1.199999999999999956e+00
1.435800000000000000e+05,1.200000000000000025e-02,1.199999999999999956e+00
1.436400000000000000e+05,1.200000000000000025e-02,1.199999999999999956e+00
1.437000000000000000e+05,1.200000000000000025e-02,1.199999999999999956e+00
1.437600000000000000e+05,1.200000000000000025e-02,1.199999999999999956e+00
1.438200000000000000e+05,1.200000000000000025e-02,1.199999999999999956e+00
1.438800000000000000e+05,1.200000000000000025e-02,1.199999999999999956e+00
1.439400000000000000e+05,1.200000000000000025e-02,1.199999999999999956e+00
1.440000000000000000e+05,1.200000000000000025e-02,1.199999999999999956e+00
1.440600000000000000e+05,1.200000000000000025e-02,1.199999999999999956e+00
1.441200000000000000e+05,1.200000000000000025e-02,1.199999999999999956e+00
1.441800000000000000e+05,1.200000000000000025e-02,1.199999999999999956e+00
1.442400000000000000e+05,1.200000000000000025e-02,1.199999999999999956e+00
1.443000000000000000e+05,1.200000000000000025e-02,1.199999999999999956e+00
1.443600000000000000e+05,1.200000000000000025e-02,1.199999999999999956e+00
1.444200000000000000e+05,1.200000000000000025e-02,1.199999999999999956e+00
1.444800000000000000e+05,1.200000000000000025e-02,1.199999999999999956e+00
1.445400000000000000e+05,1.200000000000000025e-02,1.199999999999999956e+00
1.446000000000000000e+05,1.200000000000000025e-02,1.199999999999999956e+00
1.446600000000000000e+05,1.200000000000000025e-02,1.199999999999999956e+00
1.447200000000000000e+05,1.200000000000000025e-02,1.199999999999999956e+00
1.447800000000000000e+05,1.200000000000000025e-02,1.199999999999999956e+00
1.448400000000000000e+05,1.200000000000000025e-02,1.199999999999999956e+00
1.449000000000000000e+05,1.200000000000000025e-02,1.199999999999999956e+00
1.449600000000000000e+05,1.200000000000000025e-02,1.199999999999999956e+00
1.450200000000000000e+05,1.200000000000000025e-02,1.199999999999999956e+00
1.450800000000000000e+05,1.200000000000000025e-02,1.199999999999999956e+00
1.451400000000000000e+05,1.200000000000000025e-02,1.199999999999999956e+00
1.452000000000000000e+05,1.200000000000000025e-02,1.199999999999999956e+00
1.452600000000000000e+05,1.200000000000000025e-02,1.199999999999999956e+00
1.453200000000000000e+05,1.200000000000000025e-02,1.199999999999999956e+00
1.453800000000000000e+05,1.200000000000000025e-02,1.199999999999999956e+00
1.454400000000000000e+05,1.200000000000000025e-02,1.199999999999999956e+00
1.455000000000000000e+05,1.200000000000000025e-02,1.199999999999999956e+00
1.455600000000000000e+05,1.200000000000000025e-02,1.199999999999999956e+00
1.456200000000000000e+05,1.200000000000000025e-02,1.199999999999999956e+00
1.456800000000000000e+05,1.200000000000000025e-02,1.199999999999999956e+00
1.457400000000000000e+05,1.200000000000000025e-02,1.199999999999999956e+00
1.458000000000000000e+05,1.200000000000000025e-02,1.199999999999999956e+00
1.458600000000000000e+05,1.200000000000000025e-02,1.199999999999999956e+00
1.459200000000000000e+05,1.200000000000000025e-02,1.199999999999999956e+00
1.459800000000000000e+05,1.200000000000000025e-02,1.199999999999999956e+00
1.460400000000000000e+05,1.200000000000000025e-02,1.199999999999999956e+00
1.461000000000000000e+05,1.200000000000000025e-02,1.199999999999999956e+00
1.461600000000000000e+05,1.200000000000000025e-02,1.199999999999999956e+00
1.462200000000000000e+05,1.200000000000000025e-02,1.199999999999999956e+00
1.462800000000000000e+05,1.200000000000000025e-02,1.199999999999999956e+00
1.463400000000000000e+05,1.200000000000000025e-02,1.199999999999999956e+00
1.464000000000000000e+05,1.200000000000000025e-02,1.199999999999999956e+00
1.464600000000000000e+05,1.200000000000000025e-02,1.199999999999999956e+00
1.465200000000000000e+05,1.200000000000000025e-02,1.199999999999999956e+00
1.465800000000000000e+05,1.200000000000000025e-02,1.199999999999999956e+00
1.466400000000000000e+05,1.200000000000000025e-02,1.199999999999999956e+00
1.467000000000000000e+05,1.200000000000000025e-02,1.199999999999999956e+00
1.467600000000000000e+05,1.200000000000000025e-02,1.199999999999999956e+00
1.468200000000000000e+05,1.200000000000000025e-02,1.199999999999999956e+00
1.468800000000000000e+05,1.200000000000000025e-02,1.199999999999999956e+00
1.469400000000000000e+05,1.200000000000000025e-02,1.199999999999999956e+00
1.470000000000000000e+05,1.200000000000000025e-02,1.199999999999999956e+00
1.470600000000000000e+05,1.200000000000000025e-02,1.199999999999999956e+00
1.471200000000000000e+05,1.200000000000000025e-02,1.199999999999999956e+00
1.471800000000000000e+05,1.200000000000000025e-02,1.199999999999999956e+00
1.472400000000000000e+05,1.200000000000000025e-02,1.199999999999999956e+00
1.473000000000000000e+05,1.200000000000000025e-02,1.199999999999999956e+00
1.473600000000000000e+05,1.200000000000000025e-02,1.199999999999999956e+00
1.474200000000000000e+05,1.200000000000000025e-02,1.199999999999999956e+00
1.474800000000000000e+05,1.200000000000000025e-02,1.199999999999999956e+00
1.475400000000000000e+05,1.200000000000000025e-02,1.199999999999999956e+00
1.476000000000000000e+05,1.200000000000000025e-02,1.199999999999999956e+00
1.476600000000000000e+05,1.200000000000000025e-02,1.199999999999999956e+00
1.477200000000000000e+05,1.200000000000000025e-02,1.199999999999999956e+00
1.477800000000000000e+05,1.200000000000000025e-02,1.199999999999999956e+00
1.478400000000000000e+05,1.200000000000000025e-02,1.199999999999999956e+00
1.479000000000000000e+05,1.200000000000000025e-02,1.199999999999999956e+00
1.479600000000000000e+05,1.200000000000000025e-02,1.199999999999999956e+00
1.480200000000000000e+05,1.200000000000000025e-02,1.199999999999999956e+00
1.480800000000000000e+05,1.200000000000000025e-02,1.199999999999999956e+00
1.481400000000000000e+05,1.200000000000000025e-02,1.199999999999999956e+00
1.482000000000000000e+05,1.200000000000000025e-02,1.199999999999999956e+00
1.482600000000000000e+05,1.200000000000000025e-02,1.199999999999999956e+00
1.483200000000000000e+05,1.200000000000000025e-02,1.199999999999999956e+00
1.483800000000000000e+05,1.200000000000000025e-02,1.199999999999999956e+00
1.484400000000000000e+05,1.200000000000000025e-02,1.199999999999999956e+00
1.485000000000000000e+05,1.200000000000000025e-02,1.199999999999999956e+00
1.485600000000000000e+05,1.200000000000000025e-02,1.199999999999999956e+00
1.486200000000000000e+05,1.200000000000000025e-02,1.199999999999999956e+00
1.486800000000000000e+05,1.200000000000000025e-02,1.199999999999999956e+00
1.487400000000000000e+05,1.200000000000000025e-02,1.199999999999999956e+00
1.488000000000000000e+05,1.200000000000000025e-02,1.199999999999999956e+00
1.488600000000000000e+05,1.200000000000000025e-02,1.199999999999999956e+00
1.489200000000000000e+05,1.200000000000000025e-02,1.199999999999999956e+00
1.489800000000000000e+05,1.200000000000000025e-02,1.199999999999999956e+00
1.490400000000000000e+05,1.200000000000000025e-02,1.199999999999999956e+00
1.491000000000000000e+05,1.200000000000000025e-02,1.199999999999999956e+00
1.491600000000000000e+05,1.200000000000000025e-02,1.199999999999999956e+00
1.492200000000000000e+05,1.200000000000000025e-02,1.199999999999999956e+00
1.492800000000000000e+05,1.200000000000000025e-02,1.199999999999999956e+00
1.493400000000000000e+05,1.200000000000000025e-02,1.199999999999999956e+00
1.494000000000000000e+05,1.200000000000000025e-02,1.199999999999999956e+00
1.494600000000000000e+05,1.200000000000000025e-02,1.199999999999999956e+00
1.495200000000000000e+05,1.200000000000000025e-02,1.199999999999999956e+00
1.495800000000000000e+05,1.200000000000000025e-02,1.199999999999999956e+00
1.496400000000000000e+05,1.200000000000000025e-02,1.199999999999999956e+00
1.497000000000000000e+05,1.200000000000000025e-02,1.199999999999999956e+00
1.497600000000000000e+05,1.200000000000000025e-02,1.199999999999999956e+00
1.498200000000000000e+05,1.200000000000000025e-02,1.199999999999999956e+00
1.498800000000000000e+05,1.200000000000000025e-02,1.199999999999999956e+00
1.499400000000000000e+05,1.200000000000000025e-02,1.199999999999999956e+00
1.500000000000000000e+05,1.200000000000000025e-02,1.199999999999999956e+00
1.500600000000000000e+05,1.200000000000000025e-02,1.199999999999999956e+00
1.501200000000000000e+05,1.200000000000000025e-02,1.199999999999999956e+00
1.501800000000000000e+05,1.200000000000000025e-02,1.199999999999999956e+00
1.502400000000000000e+05,1.200000000000000025e-02,1.199999999999999956e+00
1.503000000000000000e+05,1.200000000000000025e-02,1.199999999999999956e+00
1.503600000000000000e+05,1.200000000000000025e-02,1.199999999999999956e+00
1.504200000000000000e+05,1.200000000000000025e-02,1.199999999999999956e+00
1.504800000000000000e+05,1.200000000000000025e-02,1.199999999999999956e+00
1.505400000000000000e+05,1.200000000000000025e-02,1.199999999999999956e+00
1.506000000000000000e+05,1.200000000000000025e-02,1.199999999999999956e+00
1.506600000000000000e+05,1.200000000000000025e-02,1.199999999999999956e+00
1.507200000000000000e+05,1.200000000000000025e-02,1.199999999999999956e+00
1.507800000000000000e+05,1.200000000000000025e-02,1.199999999999999956e+00
1.508400000000000000e+05,1.200000000000000025e-02,1.199999999999999956e+00
1.509000000000000000e+05,1.200000000000000025e-02,1.199999999999999956e+00
1.509600000000000000e+05,1.200000000000000025e-02,1.199999999999999956e+00
1.510200000000000000e+05,1.200000000000000025e-02,1.199999999999999956e+00
1.510800000000000000e+05,1.200000000000000025e-02,1.199999999999999956e+00
1.511400000000000000e+05,1.200000000000000025e-02,1.199999999999999956e+00
1.512000000000000000e+05,1.200000000000000025e-02,1.199999999999999956e+00
1.512600000000000000e+05,1.200000000000000025e-02,1.199999999999999956e+00
1.513200000000000000e+05,1.200000000000000025e-02,1.199999999999999956e+00
1.513800000000000000e+05,1.200000000000000025e-02,1.199999999999999956e+00
1.514400000000000000e+05,1.200000000000000025e-02,1.199999999999999956e+00
1.515000000000000000e+05,1.200000000000000025e-02,1.199999999999999956e+00
1.515600000000000000e+05,1.200000000000000025e-02,1.199999999999999956e+00
1.516200000000000000e+05,1.200000000000000025e-02,1.199999999999999956e+00
1.516800000000000000e+05,1.200000000000000025e-02,1.199999999999999956e+00
1.517400000000000000e+05,1.200000000000000025e-02,1.199999999999999956e+00
1.518000000000000000e+05,1.200000000000000025e-02,1.199999999999999956e+00
1.518600000000000000e+05,1.200000000000000025e-02,1.199999999999999956e+00
1.519200000000000000e+05,1.200000000000000025e-02,1.199999999999999956e+00
1.519800000000000000e+05,1.200000000000000025e-02,1.199999999999999956e+00
1.520400000000000000e+05,1.200000000000000025e-02,1.199999999999999956e+00
1.521000000000000000e+05,1.200000000000000025e-02,1.199999999999999956e+00
1.521600000000000000e+05,1.200000000000000025e-02,1.199999999999999956e+00
1.522200000000000000e+05,1.200000000000000025e-02,1.199999999999999956e+00
1.522800000000000000e+05,1.200000000000000025e-02,1.199999999999999956e+00
1.523400000000000000e+05,1.200000000000000025e-02,1.199999999999999956e+00
1.524000000000000000e+05,1.200000000000000025e-02,1.199999999999999956e+00
1.524600000000000000e+05,1.200000000000000025e-02,1.199999999999999956e+00
1.525200000000000000e+05,1.200000000000000025e-02,1.199999999999999956e+00
1.525800000000000000e+05,1.200000000000000025e-02,1.199999999999999956e+00
1.526400000000000000e+05,1.200000000000000025e-02,1.199999999999999956e+00
1.527000000000000000e+05,1.200000000000000025e-02,1.199999999999999956e+00
1.527600000000000000e+05,1.200000000000000025e-02,1.199999999999999956e+00
1.528200000000000000e+05,1.200000000000000025e-02,1.199999999999999956e+00
1.528800000000000000e+05,1.200000000000000025e-02,1.199999999999999956e+00
1.529400000000000000e+05,1.200000000000000025e-02,1.199999999999999956e+00
1.530000000000000000e+05,1.200000000000000025e-02,1.199999999999999956e+00
1.530600000000000000e+05,1.200000000000000025e-02,1.199999999999999956e+00
1.531200000000000000e+05,1.200000000000000025e-02,1.199999999999999956e+00
1.531800000000000000e+05,1.200000000000000025e-02,1.199999999999999956e+00
1.532400000000000000e+05,1.200000000000000025e-02,1.199999999999999956e+00
1.533000000000000000e+05,1.200000000000000025e-02,1.199999999999999956e+00
1.533600000000000000e+05,1.200000000000000025e-02,1.199999999999999956e+00
1.534200000000000000e+05,1.200000000000000025e-02,1.199999999999999956e+00
1.534800000000000000e+05,1.200000000000000025e-02,1.199999999999999956e+00
1.535400000000000000e+05,1.200000000000000025e-02,1.199999999999999956e+00
1.536000000000000000e+05,1.200000000000000025e-02,1.199999999999999956e+00
1.536600000000000000e+05,1.200000000000000025e-02,1.199999999999999956e+00
1.537200000000000000e+05,1.200000000000000025e-02,1.199999999999999956e+00
1.537800000000000000e+05,1.200000000000000025e-02,1.199999999999999956e+00
1.538400000000000000e+05,1.200000000000000025e-02,1.199999999999999956e+00
1.539000000000000000e+05,1.200000000000000025e-02,1.199999999999999956e+00
1.539600000000000000e+05,1.200000000000000025e-02,1.199999999999999956e+00
1.540200000000000000e+05,1.200000000000000025e-02,1.199999999999999956e+00
1.540800000000000000e+05,1.200000000000000025e-02,1.199999999999999956e+00
1.541400000000000000e+05,1.200000000000000025e-02,1.199999999999999956e+00
1.542000000000000000e+05,1.200000000000000025e-02,1.199999999999999956e+00
1.542600000000000000e+05,1.200000000000000025e-02,1.199999999999999956e+00
1.543200000000000000e+05,1.200000000000000025e-02,1.199999999999999956e+00
1.543800000000000000e+05,1.200000000000000025e-02,1.199999999999999956e+00
1.544400000000000000e+05,1.200000000000000025e-02,1.199999999999999956e+00
1.545000000000000000e+05,1.200000000000000025e-02,1.199999999999999956e+00
1.545600000000000000e+05,1.200000000000000025e-02,1.199999999999999956e+00
1.546200000000000000e+05,1.200000000000000025e-02,1.199999999999999956e+00
1.546800000000000000e+05,1.200000000000000025e-02,1.199999999999999956e+00
1.547400000000000000e+05,1.200000000000000025e-02,1.199999999999999956e+00
1.548000000000000000e+05,1.200000000000000025e-02,1.199999999999999956e+00
1.548600000000000000e+05,1.200000000000000025e-02,1.199999999999999956e+00
1.549200000000000000e+05,1.200000000000000025e-02,1.199999999999999956e+00
1.549800000000000000e+05,1.200000000000000025e-02,1.199999999999999956e+00
1.550400000000000000e+05,1.200000000000000025e-02,1.199999999999999956e+00
1.551000000000000000e+05,1.200000000000000025e-02,1.199999999999999956e+00
1.551600000000000000e+05,1.200000000000000025e-02,1.199999999999999956e+00
1.552200000000000000e+05,1.200000000000000025e-02,1.199999999999999956e+00
1.552800000000000000e+05,1.200000000000000025e-02,1.199999999999999956e+00
1.553400000000000000e+05,1.200000000000000025e-02,1.199999999999999956e+00
1.554000000000000000e+05,1.200000000000000025e-02,1.199999999999999956e+00
1.554600000000000000e+05,1.200000000000000025e-02,1.199999999999999956e+00
1.555200000000000000e+05,1.200000000000000025e-02,1.199999999999999956e+00
1.555800000000000000e+05,1.200000000000000025e-02,1.199999999999999956e+00
1.556400000000000000e+05,1.200000000000000025e-02,1.199999999999999956e+00
1.557000000000000000e+05,1.200000000000000025e-02,1.199999999999999956e+00
1.557600000000000000e+05,1.200000000000000025e-02,1.199999999999999956e+00
1.558200000000000000e+05,1.200000000000000025e-02,1.199999999999999956e+00
1.558800000000000000e+05,1.200000000000000025e-02,1.199999999999999956e+00
1.559400000000000000e+05,1.200000000000000025e-02,1.199999999999999956e+00
1.560000000000000000e+05,1.200000000000000025e-02,1.199999999999999956e+00
1.560600000000000000e+05,1.200000000000000025e-02,1.199999999999999956e+00
1.561200000000000000e+05,1.200000000000000025e-02,1.199999999999999956e+00
1.561800000000000000e+05,1.200000000000000025e-02,1.199999999999999956e+00
1.562400000000000000e+05,1.200000000000000025e-02,1.199999999999999956e+00
1.563000000000000000e+05,1.200000000000000025e-02,1.199999999999999956e+00
1.563600000000000000e+05,1.200000000000000025e-02,1.199999999999999956e+00
1.564200000000000000e+05,1.200000000000000025e-02,1.199999999999999956e+00
1.564800000000000000e+05,1.200000000000000025e-02,1.199999999999999956e+00
1.565400000000000000e+05,1.200000000000000025e-02,1.199999999999999956e+00
1.566000000000000000e+05,1.200000000000000025e-02,1.199999999999999956e+00
1.566600000000000000e+05,1.200000000000000025e-02,1.199999999999999956e+00
1.567200000000000000e+05,1.200000000000000025e-02,1.199999999999999956e+00
1.567800000000000000e+05,1.200000000000000025e-02,1.199999999999999956e+00
1.568400000000000000e+05,1.200000000000000025e-02,1.199999999999999956e+00
1.569000000000000000e+05,1.200000000000000025e-02,1.199999999999999956e+00
1.569600000000000000e+05,1.200000000000000025e-02,1.199999999999999956e+00
1.570200000000000000e+05,1.200000000000000025e-02,1.199999999999999956e+00
1.570800000000000000e+05,1.200000000000000025e-02,1.199999999999999956e+00
1.571400000000000000e+05,1.200000000000000025e-02,1.199999999999999956e+00
1.572000000000000000e+05,1.200000000000000025e-02,1.199999999999999956e+00
1.572600000000000000e+05,1.200000000000000025e-02,1.199999999999999956e+00
1.573200000000000000e+05,1.200000000000000025e-02,1.199999999999999956e+00
1.573800000000000000e+05,1.200000000000000025e-02,1.199999999999999956e+00
1.574400000000000000e+05,1.200000000000000025e-02,1.199999999999999956e+00
1.575000000000000000e+05,1.200000000000000025e-02,1.199999999999999956e+00
1.575600000000000000e+05,1.200000000000000025e-02,1.199999999999999956e+00
1.576200000000000000e+05,1.200000000000000025e-02,1.199999999999999956e+00
1.576800000000000000e+05,1.200000000000000025e-02,1.199999999999999956e+00
1.577400000000000000e+05,1.200000000000000025e-02,1.199999999999999956e+00
1.578000000000000000e+05,1.200000000000000025e-02,1.199999999999999956e+00
1.578600000000000000e+05,1.200000000000000025e-02,1.199999999999999956e+00
1.579200000000000000e+05,1.200000000000000025e-02,1.199999999999999956e+00
1.579800000000000000e+05,1.200000000000000025e-02,1.199999999999999956e+00
1.580400000000000000e+05,1.200000000000000025e-02,1.199999999999999956e+00
1.581000000000000000e+05,1.200000000000000025e-02,1.199999999999999956e+00
1.581600000000000000e+05,1.200000000000000025e-02,1.199999999999999956e+00
1.582200000000000000e+05,1.200000000000000025e-02,1.199999999999999956e+00
1.582800000000000000e+05,1.200000000000000025e-02,1.199999999999999956e+00
1.583400000000000000e+05,1.200000000000000025e-02,1.199999999999999956e+00
1.584000000000000000e+05,1.200000000000000025e-02,1.199999999999999956e+00
1.584600000000000000e+05,1.200000000000000025e-02,1.199999999999999956e+00
1.585200000000000000e+05,1.200000000000000025e-02,1.199999999999999956e+00
1.585800000000000000e+05,1.200000000000000025e-02,1.199999999999999956e+00
1.586400000000000000e+05,1.200000000000000025e-02,1.199999999999999956e+00
1.587000000000000000e+05,1.200000000000000025e-02,1.199999999999999956e+00
1.587600000000000000e+05,1.200000000000000025e-02,1.199999999999999956e+00
1.588200000000000000e+05,1.200000000000000025e-02,1.199999999999999956e+00
1.588800000000000000e+05,1.200000000000000025e-02,1.199999999999999956e+00
1.589400000000000000e+05,1.200000000000000025e-02,1.199999999999999956e+00
1.590000000000000000e+05,1.200000000000000025e-02,1.199999999999999956e+00
1.590600000000000000e+05,1.200000000000000025e-02,1.199999999999999956e+00
1.591200000000000000e+05,1.200000000000000025e-02,1.199999999999999956e+00
1.591800000000000000e+05,1.200000000000000025e-02,1.199999999999999956e+00
1.592400000000000000e+05,1.200000000000000025e-02,1.199999999999999956e+00
1.593000000000000000e+05,1.200000000000000025e-02,1.199999999999999956e+00
1.593600000000000000e+05,1.200000000000000025e-02,1.199999999999999956e+00
1.594200000000000000e+05,1.200000000000000025e-02,1.199999999999999956e+00
1.594800000000000000e+05,1.200000000000000025e-02,1.199999999999999956e+00
1.595400000000000000e+05,1.200000000000000025e-02,1.199999999999999956e+00
1.596000000000000000e+05,1.200000000000000025e-02,1.199999999999999956e+00
1.596600000000000000e+05,1.200000000000000025e-02,1.199999999999999956e+00
1.597200000000000000e+05,1.200000000000000025e-02,1.199999999999999956e+00
1.597800000000000000e+05,1.200000000000000025e-02,1.199999999999999956e+00
1.598400000000000000e+05,1.200000000000000025e-02,1.199999999999999956e+00
1.599000000000000000e+05,1.200000000000000025e-02,1.199999999999999956e+00
1.599600000000000000e+05,1.200000000000000025e-02,1.199999999999999956e+00
1.600200000000000000e+05,1.200000000000000025e-02,1.199999999999999956e+00
1.600800000000000000e+05,1.200000000000000025e-02,1.199999999999999956e+00
1.601400000000000000e+05,1.200000000000000025e-02,1.199999999999999956e+00
1.602000000000000000e+05,1.200000000000000025e-02,1.199999999999999956e+00
1.602600000000000000e+05,1.200000000000000025e-02,1.199999999999999956e+00
1.603200000000000000e+05,1.200000000000000025e-02,1.199999999999999956e+00
1.603800000000000000e+05,1.200000000000000025e-02,1.199999999999999956e+00
1.604400000000000000e+05,1.200000000000000025e-02,1.199999999999999956e+00
1.605000000000000000e+05,1.200000000000000025e-02,1.199999999999999956e+00
1.605600000000000000e+05,1.200000000000000025e-02,1.199999999999999956e+00
1.606200000000000000e+05,1.200000000000000025e-02,1.199999999999999956e+00
1.606800000000000000e+05,1.200000000000000025e-02,1.199999999999999956e+00
1.607400000000000000e+05,1.200000000000000025e-02,1.199999999999999956e+00
1.608000000000000000e+05,1.200000000000000025e-02,1.199999999999999956e+00
1.608600000000000000e+05,1.200000000000000025e-02,1.199999999999999956e+00
1.609200000000000000e+05,1.200000000000000025e-02,1.199999999999999956e+00
1.609800000000000000e+05,1.200000000000000025e-02,1.199999999999999956e+00
1.610400000000000000e+05,1.200000000000000025e-02,1.199999999999999956e+00
1.611000000000000000e+05,1.200000000000000025e-02,1.199999999999999956e+00
1.611600000000000000e+05,1.200000000000000025e-02,1.199999999999999956e+00
1.612200000000000000e+05,1.200000000000000025e-02,1.199999999999999956e+00
1.612800000000000000e+05,1.200000000000000025e-02,1.199999999999999956e+00
1.613400000000000000e+05,1.200000000000000025e-02,1.199999999999999956e+00
1.614000000000000000e+05,1.200000000000000025e-02,1.199999999999999956e+00
1.614600000000000000e+05,1.200000000000000025e-02,1.199999999999999956e+00
1.615200000000000000e+05,1.200000000000000025e-02,1.199999999999999956e+00
1.615800000000000000e+05,1.200000000000000025e-02,1.199999999999999956e+00
1.616400000000000000e+05,1.200000000000000025e-02,1.199999999999999956e+00
1.617000000000000000e+05,1.200000000000000025e-02,1.199999999999999956e+00
1.617600000000000000e+05,1.200000000000000025e-02,1.199999999999999956e+00
1.618200000000000000e+05,1.200000000000000025e-02,1.199999999999999956e+00
1.618800000000000000e+05,1.200000000000000025e-02,1.199999999999999956e+00
1.619400000000000000e+05,1.200000000000000025e-02,1.199999999999999956e+00
1.620000000000000000e+05,1.200000000000000025e-02,1.199999999999999956e+00
1.620600000000000000e+05,1.200000000000000025e-02,1.199999999999999956e+00
1.621200000000000000e+05,1.200000000000000025e-02,1.199999999999999956e+00
1.621800000000000000e+05,1.200000000000000025e-02,1.199999999999999956e+00
1.622400000000000000e+05,1.200000000000000025e-02,1.199999999999999956e+00
1.623000000000000000e+05,1.200000000000000025e-02,1.199999999999999956e+00
1.623600000000000000e+05,1.200000000000000025e-02,1.199999999999999956e+00
1.624200000000000000e+05,1.200000000000000025e-02,1.199999999999999956e+00
1.624800000000000000e+05,1.200000000000000025e-02,1.199999999999999956e+00
1.625400000000000000e+05,1.200000000000000025e-02,1.199999999999999956e+00
1.626000000000000000e+05,1.200000000000000025e-02,1.199999999999999956e+00
1.626600000000000000e+05,1.200000000000000025e-02,1.199999999999999956e+00
1.627200000000000000e+05,1.200000000000000025e-02,1.199999999999999956e+00
1.627800000000000000e+05,1.200000000000000025e-02,1.199999999999999956e+00
1.628400000000000000e+05,1.200000000000000025e-02,1.199999999999999956e+00
1.629000000000000000e+05,1.200000000000000025e-02,1.199999999999999956e+00
1.629600000000000000e+05,1.200000000000000025e-02,1.199999999999999956e+00
1.630200000000000000e+05,1.200000000000000025e-02,1.199999999999999956e+00
1.630800000000000000e+05,1.200000000000000025e-02,1.199999999999999956e+00
1.631400000000000000e+05,1.200000000000000025e-02,1.199999999999999956e+00
1.632000000000000000e+05,1.200000000000000025e-02,1.199999999999999956e+00
1.632600000000000000e+05,1.200000000000000025e-02,1.199999999999999956e+00
1.633200000000000000e+05,1.200000000000000025e-02,1.199999999999999956e+00
1.633800000000000000e+05,1.200000000000000025e-02,1.199999999999999956e+00
1.634400000000000000e+05,1.200000000000000025e-02,1.199999999999999956e+00
1.635000000000000000e+05,1.200000000000000025e-02,1.199999999999999956e+00
1.635600000000000000e+05,1.200000000000000025e-02,1.199999999999999956e+00
1.636200000000000000e+05,1.200000000000000025e-02,1.199999999999999956e+00
1.636800000000000000e+05,1.200000000000000025e-02,1.199999999999999956e+00
1.637400000000000000e+05,1.200000000000000025e-02,1.199999999999999956e+00
1.638000000000000000e+05,1.200000000000000025e-02,1.199999999999999956e+00
1.638600000000000000e+05,1.200000000000000025e-02,1.199999999999999956e+00
1.639200000000000000e+05,1.200000000000000025e-02,1.199999999999999956e+00
1.639800000000000000e+05,1.200000000000000025e-02,1.199999999999999956e+00
1.640400000000000000e+05,1.200000000000000025e-02,1.199999999999999956e+00
1.641000000000000000e+05,1.200000000000000025e-02,1.199999999999999956e+00
1.641600000000000000e+05,1.200000000000000025e-02,1.199999999999999956e+00
1.642200000000000000e+05,1.200000000000000025e-02,1.199999999999999956e+00
1.642800000000000000e+05,1.200000000000000025e-02,1.199999999999999956e+00
1.643400000000000000e+05,1.200000000000000025e-02,1.199999999999999956e+00
1.644000000000000000e+05,1.200000000000000025e-02,1.199999999999999956e+00
1.644600000000000000e+05,1.200000000000000025e-02,1.199999999999999956e+00
1.645200000000000000e+05,1.200000000000000025e-02,1.199999999999999956e+00
1.645800000000000000e+05,1.200000000000000025e-02,1.199999999999999956e+00
1.646400000000000000e+05,1.200000000000000025e-02,1.199999999999999956e+00
1.647000000000000000e+05,1.200000000000000025e-02,1.199999999999999956e+00
1.647600000000000000e+05,1.200000000000000025e-02,1.199999999999999956e+00
1.648200000000000000e+05,1.200000000000000025e-02,1.199999999999999956e+00
1.648800000000000000e+05,1.200000000000000025e-02,1.199999999999999956e+00
1.649400000000000000e+05,1.200000000000000025e-02,1.199999999999999956e+00
1.650000000000000000e+05,1.200000000000000025e-02,1.199999999999999956e+00
1.650600000000000000e+05,1.200000000000000025e-02,1.199999999999999956e+00
1.651200000000000000e+05,1.200000000000000025e-02,1.199999999999999956e+00
1.651800000000000000e+05,1.200000000000000025e-02,1.199999999999999956e+00
1.652400000000000000e+05,1.200000000000000025e-02,1.199999999999999956e+00
1.653000000000000000e+05,1.200000000000000025e-02,1.199999999999999956e+00
1.653600000000000000e+05,1.200000000000000025e-02,1.199999999999999956e+00
1.654200000000000000e+05,1.200000000000000025e-02,1.199999999999999956e+00
1.654800000000000000e+05,1.200000000000000025e-02,1.199999999999999956e+00
1.655400000000000000e+05,1.200000000000000025e-02,1.199999999999999956e+00
1.656000000000000000e+05,1.200000000000000025e-02,1.199999999999999956e+00
1.656600000000000000e+05,1.200000000000000025e-02,1.199999999999999956e+00
1.657200000000000000e+05,1.200000000000000025e-02,1.199999999999999956e+00
1.657800000000000000e+05,1.200000000000000025e-02,1.199999999999999956e+00
1.658400000000000000e+05,1.200000000000000025e-02,1.199999999999999956e+00
1.659000000000000000e+05,1.200000000000000025e-02,1.199999999999999956e+00
1.659600000000000000e+05,1.200000000000000025e-02,1.199999999999999956e+00
1.660200000000000000e+05,1.200000000000000025e-02,1.199999999999999956e+00
1.660800000000000000e+05,1.200000000000000025e-02,1.199999999999999956e+00
1.661400000000000000e+05,1.200000000000000025e-02,1.199999999999999956e+00
1.662000000000000000e+05,1.200000000000000025e-02,1.199999999999999956e+00
1.662600000000000000e+05,1.200000000000000025e-02,1.199999999999999956e+00
1.663200000000000000e+05,1.200000000000000025e-02,1.199999999999999956e+00
1.663800000000000000e+05,1.200000000000000025e-02,1.199999999999999956e+00
1.664400000000000000e+05,1.200000000000000025e-02,1.199999999999999956e+00
1.665000000000000000e+05,1.200000000000000025e-02,1.199999999999999956e+00
1.665600000000000000e+05,1.200000000000000025e-02,1.199999999999999956e+00
1.666200000000000000e+05,1.200000000000000025e-02,1.199999999999999956e+00
1.666800000000000000e+05,1.200000000000000025e-02,1.199999999999999956e+00
1.667400000000000000e+05,1.200000000000000025e-02,1.199999999999999956e+00
1.668000000000000000e+05,1.200000000000000025e-02,1.199999999999999956e+00
1.668600000000000000e+05,1.200000000000000025e-02,1.199999999999999956e+00
1.669200000000000000e+05,1.200000000000000025e-02,1.199999999999999956e+00
1.669800000000000000e+05,1.200000000000000025e-02,1.199999999999999956e+00
1.670400000000000000e+05,1.200000000000000025e-02,1.199999999999999956e+00
1.671000000000000000e+05,1.200000000000000025e-02,1.199999999999999956e+00
1.671600000000000000e+05,1.200000000000000025e-02,1.199999999999999956e+00
1.672200000000000000e+05,1.200000000000000025e-02,1.199999999999999956e+00
1.672800000000000000e+05,1.200000000000000025e-02,1.199999999999999956e+00
1.673400000000000000e+05,1.200000000000000025e-02,1.199999999999999956e+00
1.674000000000000000e+05,1.200000000000000025e-02,1.199999999999999956e+00
1.674600000000000000e+05,1.200000000000000025e-02,1.199999999999999956e+00
1.675200000000000000e+05,1.200000000000000025e-02,1.199999999999999956e+00
1.675800000000000000e+05,1.200000000000000025e-02,1.199999999999999956e+00
1.676400000000000000e+05,1.200000000000000025e-02,1.199999999999999956e+00
1.677000000000000000e+05,1.200000000000000025e-02,1.199999999999999956e+00
1.677600000000000000e+05,1.200000000000000025e-02,1.199999999999999956e+00
1.678200000000000000e+05,1.200000000000000025e-02,1.199999999999999956e+00
1.678800000000000000e+05,1.200000000000000025e-02,1.199999999999999956e+00
1.679400000000000000e+05,1.200000000000000025e-02,1.199999999999999956e+00
1.680000000000000000e+05,1.200000000000000025e-02,1.199999999999999956e+00
1.680600000000000000e+05,1.200000000000000025e-02,1.199999999999999956e+00
1.681200000000000000e+05,1.200000000000000025e-02,1.199999999999999956e+00
1.681800000000000000e+05,1.200000000000000025e-02,1.199999999999999956e+00
1.682400000000000000e+05,1.200000000000000025e-02,1.199999999999999956e+00
1.683000000000000000e+05,1.200000000000000025e-02,1.199999999999999956e+00
1.683600000000000000e+05,1.200000000000000025e-02,1.199999999999999956e+00
1.684200000000000000e+05,1.200000000000000025e-02,1.199999999999999956e+00
1.684800000000000000e+05,1.200000000000000025e-02,1.199999999999999956e+00
1.685400000000000000e+05,1.200000000000000025e-02,1.199999999999999956e+00
1.686000000000000000e+05,1.200000000000000025e-02,1.199999999999999956e+00
1.686600000000000000e+05,1.200000000000000025e-02,1.199999999999999956e+00
1.687200000000000000e+05,1.200000000000000025e-02,1.199999999999999956e+00
1.687800000000000000e+05,1.200000000000000025e-02,1.199999999999999956e+00
1.688400000000000000e+05,1.200000000000000025e-02,1.199999999999999956e+00
1.689000000000000000e+05,1.200000000000000025e-02,1.199999999999999956e+00
1.689600000000000000e+05,1.200000000000000025e-02,1.199999999999999956e+00
1.690200000000000000e+05,1.200000000000000025e-02,1.199999999999999956e+00
1.690800000000000000e+05,1.200000000000000025e-02,1.199999999999999956e+00
1.691400000000000000e+05,1.200000000000000025e-02,1.199999999999999956e+00
1.692000000000000000e+05,1.200000000000000025e-02,1.199999999999999956e+00
1.692600000000000000e+05,1.200000000000000025e-02,1.199999999999999956e+00
1.693200000000000000e+05,1.200000000000000025e-02,1.199999999999999956e+00
1.693800000000000000e+05,1.200000000000000025e-02,1.199999999999999956e+00
1.694400000000000000e+05,1.200000000000000025e-02,1.199999999999999956e+00
1.695000000000000000e+05,1.200000000000000025e-02,1.199999999999999956e+00
1.695600000000000000e+05,1.200000000000000025e-02,1.199999999999999956e+00
1.696200000000000000e+05,1.200000000000000025e-02,1.199999999999999956e+00
1.696800000000000000e+05,1.200000000000000025e-02,1.199999999999999956e+00
1.697400000000000000e+05,1.200000000000000025e-02,1.199999999999999956e+00
1.698000000000000000e+05,1.200000000000000025e-02,1.199999999999999956e+00
1.698600000000000000e+05,1.200000000000000025e-02,1.199999999999999956e+00
1.699200000000000000e+05,1.200000000000000025e-02,1.199999999999999956e+00
1.699800000000000000e+05,1.200000000000000025e-02,1.199999999999999956e+00
1.700400000000000000e+05,1.200000000000000025e-02,1.199999999999999956e+00
1.701000000000000000e+05,1.200000000000000025e-02,1.199999999999999956e+00
1.701600000000000000e+05,1.200000000000000025e-02,1.199999999999999956e+00
1.702200000000000000e+05,1.200000000000000025e-02,1.199999999999999956e+00
1.702800000000000000e+05,1.200000000000000025e-02,1.199999999999999956e+00
1.703400000000000000e+05,1.200000000000000025e-02,1.199999999999999956e+00
1.704000000000000000e+05,1.200000000000000025e-02,1.199999999999999956e+00
1.704600000000000000e+05,1.200000000000000025e-02,1.199999999999999956e+00
1.705200000000000000e+05,1.200000000000000025e-02,1.199999999999999956e+00
1.705800000000000000e+05,1.200000000000000025e-02,1.199999999999999956e+00
1.706400000000000000e+05,1.200000000000000025e-02,1.199999999999999956e+00
1.707000000000000000e+05,1.200000000000000025e-02,1.199999999999999956e+00
1.707600000000000000e+05,1.200000000000000025e-02,1.199999999999999956e+00
1.708200000000000000e+05,1.200000000000000025e-02,1.199999999999999956e+00
1.708800000000000000e+05,1.200000000000000025e-02,1.199999999999999956e+00
1.709400000000000000e+05,1.200000000000000025e-02,1.199999999999999956e+00
1.710000000000000000e+05,1.200000000000000025e-02,1.199999999999999956e+00
1.710600000000000000e+05,1.200000000000000025e-02,1.199999999999999956e+00
1.711200000000000000e+05,1.200000000000000025e-02,1.199999999999999956e+00
1.711800000000000000e+05,1.200000000000000025e-02,1.199999999999999956e+00
1.712400000000000000e+05,1.200000000000000025e-02,1.199999999999999956e+00
1.713000000000000000e+05,1.200000000000000025e-02,1.199999999999999956e+00
1.713600000000000000e+05,1.200000000000000025e-02,1.199999999999999956e+00
1.714200000000000000e+05,1.200000000000000025e-02,1.199999999999999956e+00
1.714800000000000000e+05,1.200000000000000025e-02,1.199999999999999956e+00
1.715400000000000000e+05,1.200000000000000025e-02,1.199999999999999956e+00
1.716000000000000000e+05,1.200000000000000025e-02,1.199999999999999956e+00
1.716600000000000000e+05,1.200000000000000025e-02,1.199999999999999956e+00
1.717200000000000000e+05,1.200000000000000025e-02,1.199999999999999956e+00
1.717800000000000000e+05,1.200000000000000025e-02,1.199999999999999956e+00
1.718400000000000000e+05,1.200000000000000025e-02,1.199999999999999956e+00
1.719000000000000000e+05,1.200000000000000025e-02,1.199999999999999956e+00
1.719600000000000000e+05,1.200000000000000025e-02,1.199999999999999956e+00
1.720200000000000000e+05,1.200000000000000025e-02,1.199999999999999956e+00
1.720800000000000000e+05,1.200000000000000025e-02,1.199999999999999956e+00
1.721400000000000000e+05,1.200000000000000025e-02,1.199999999999999956e+00
1.722000000000000000e+05,1.200000000000000025e-02,1.199999999999999956e+00
1.722600000000000000e+05,1.200000000000000025e-02,1.199999999999999956e+00
1.723200000000000000e+05,1.200000000000000025e-02,1.199999999999999956e+00
1.723800000000000000e+05,1.200000000000000025e-02,1.199999999999999956e+00
1.724400000000000000e+05,1.200000000000000025e-02,1.199999999999999956e+00
1.725000000000000000e+05,1.200000000000000025e-02,1.199999999999999956e+00
1.725600000000000000e+05,1.200000000000000025e-02,1.199999999999999956e+00
1.726200000000000000e+05,1.200000000000000025e-02,1.199999999999999956e+00
1.726800000000000000e+05,1.200000000000000025e-02,1.199999999999999956e+00
1.727400000000000000e+05,1.200000000000000025e-02,1.199999999999999956e+00
1.728000000000000000e+05,1.200000000000000025e-02,1.199999999999999956e+00
1.728600000000000000e+05,1.200000000000000025e-02,1.199999999999999956e+00
1.729200000000000000e+05,1.200000000000000025e-02,1.199999999999999956e+00
1.729800000000000000e+05,1.200000000000000025e-02,1.199999999999999956e+00
1.730400000000000000e+05,1.200000000000000025e-02,1.199999999999999956e+00
1.731000000000000000e+05,1.200000000000000025e-02,1.199999999999999956e+00
1.731600000000000000e+05,1.200000000000000025e-02,1.199999999999999956e+00
1.732200000000000000e+05,1.200000000000000025e-02,1.199999999999999956e+00
1.732800000000000000e+05,1.200000000000000025e-02,1.199999999999999956e+00
1.733400000000000000e+05,1.200000000000000025e-02,1.199999999999999956e+00
1.734000000000000000e+05,1.200000000000000025e-02,1.199999999999999956e+00
1.734600000000000000e+05,1.200000000000000025e-02,1.199999999999999956e+00
1.735200000000000000e+05,1.200000000000000025e-02,1.199999999999999956e+00
1.735800000000000000e+05,1.200000000000000025e-02,1.199999999999999956e+00
1.736400000000000000e+05,1.200000000000000025e-02,1.199999999999999956e+00
1.737000000000000000e+05,1.200000000000000025e-02,1.199999999999999956e+00
1.737600000000000000e+05,1.200000000000000025e-02,1.199999999999999956e+00
1.738200000000000000e+05,1.200000000000000025e-02,1.199999999999999956e+00
1.738800000000000000e+05,1.200000000000000025e-02,1.199999999999999956e+00
1.739400000000000000e+05,1.200000000000000025e-02,1.199999999999999956e+00
1.740000000000000000e+05,1.200000000000000025e-02,1.199999999999999956e+00
1.740600000000000000e+05,1.200000000000000025e-02,1.199999999999999956e+00
1.741200000000000000e+05,1.200000000000000025e-02,1.199999999999999956e+00
1.741800000000000000e+05,1.200000000000000025e-02,1.199999999999999956e+00
1.742400000000000000e+05,1.200000000000000025e-02,1.199999999999999956e+00
1.743000000000000000e+05,1.200000000000000025e-02,1.199999999999999956e+00
1.743600000000000000e+05,1.200000000000000025e-02,1.199999999999999956e+00
1.744200000000000000e+05,1.200000000000000025e-02,1.199999999999999956e+00
1.744800000000000000e+05,1.200000000000000025e-02,1.199999999999999956e+00
1.745400000000000000e+05,1.200000000000000025e-02,1.199999999999999956e+00
1.746000000000000000e+05,1.200000000000000025e-02,1.199999999999999956e+00
1.746600000000000000e+05,1.200000000000000025e-02,1.199999999999999956e+00
1.747200000000000000e+05,1.200000000000000025e-02,1.199999999999999956e+00
1.747800000000000000e+05,1.200000000000000025e-02,1.199999999999999956e+00
1.748400000000000000e+05,1.200000000000000025e-02,1.199999999999999956e+00
1.749000000000000000e+05,1.200000000000000025e-02,1.199999999999999956e+00
1.749600000000000000e+05,1.200000000000000025e-02,1.199999999999999956e+00
1.750200000000000000e+05,1.200000000000000025e-02,1.199999999999999956e+00
1.750800000000000000e+05,1.200000000000000025e-02,1.199999999999999956e+00
1.751400000000000000e+05,1.200000000000000025e-02,1.199999999999999956e+00
1.752000000000000000e+05,1.200000000000000025e-02,1.199999999999999956e+00
1.752600000000000000e+05,1.200000000000000025e-02,1.199999999999999956e+00
1.753200000000000000e+05,1.200000000000000025e-02,1.199999999999999956e+00
1.753800000000000000e+05,1.200000000000000025e-02,1.199999999999999956e+00
1.754400000000000000e+05,1.200000000000000025e-02,1.199999999999999956e+00
1.755000000000000000e+05,1.200000000000000025e-02,1.199999999999999956e+00
1.755600000000000000e+05,1.200000000000000025e-02,1.199999999999999956e+00
1.756200000000000000e+05,1.200000000000000025e-02,1.199999999999999956e+00
1.756800000000000000e+05,1.200000000000000025e-02,1.199999999999999956e+00
1.757400000000000000e+05,1.200000000000000025e-02,1.199999999999999956e+00
1.758000000000000000e+05,1.200000000000000025e-02,1.199999999999999956e+00
1.758600000000000000e+05,1.200000000000000025e-02,1.199999999999999956e+00
1.759200000000000000e+05,1.200000000000000025e-02,1.199999999999999956e+00
1.759800000000000000e+05,1.200000000000000025e-02,1.199999999999999956e+00
1.760400000000000000e+05,1.200000000000000025e-02,1.199999999999999956e+00
1.761000000000000000e+05,1.200000000000000025e-02,1.199999999999999956e+00
1.761600000000000000e+05,1.200000000000000025e-02,1.199999999999999956e+00
1.762200000000000000e+05,1.200000000000000025e-02,1.199999999999999956e+00
1.762800000000000000e+05,1.200000000000000025e-02,1.199999999999999956e+00
1.763400000000000000e+05,1.200000000000000025e-02,1.199999999999999956e+00
1.764000000000000000e+05,1.200000000000000025e-02,1.199999999999999956e+00
1.764600000000000000e+05,1.200000000000000025e-02,1.199999999999999956e+00
1.765200000000000000e+05,1.200000000000000025e-02,1.199999999999999956e+00
1.765800000000000000e+05,1.200000000000000025e-02,1.199999999999999956e+00
1.766400000000000000e+05,1.200000000000000025e-02,1.199999999999999956e+00
1.767000000000000000e+05,1.200000000000000025e-02,1.199999999999999956e+00
1.767600000000000000e+05,1.200000000000000025e-02,1.199999999999999956e+00
1.768200000000000000e+05,1.200000000000000025e-02,1.199999999999999956e+00
1.768800000000000000e+05,1.200000000000000025e-02,1.199999999999999956e+00
1.769400000000000000e+05,1.200000000000000025e-02,1.199999999999999956e+00
1.770000000000000000e+05,1.200000000000000025e-02,1.199999999999999956e+00
1.770600000000000000e+05,1.200000000000000025e-02,1.199999999999999956e+00
1.771200000000000000e+05,1.200000000000000025e-02,1.199999999999999956e+00
1.771800000000000000e+05,1.200000000000000025e-02,1.199999999999999956e+00
1.772400000000000000e+05,1.200000000000000025e-02,1.199999999999999956e+00
1.773000000000000000e+05,1.200000000000000025e-02,1.199999999999999956e+00
1.773600000000000000e+05,1.200000000000000025e-02,1.199999999999999956e+00
1.774200000000000000e+05,1.200000000000000025e-02,1.199999999999999956e+00
1.774800000000000000e+05,1.200000000000000025e-02,1.199999999999999956e+00
1.775400000000000000e+05,1.200000000000000025e-02,1.199999999999999956e+00
1.776000000000000000e+05,1.200000000000000025e-02,1.199999999999999956e+00
1.776600000000000000e+05,1.200000000000000025e-02,1.199999999999999956e+00
1.777200000000000000e+05,1.200000000000000025e-02,1.199999999999999956e+00
1.777800000000000000e+05,1.200000000000000025e-02,1.199999999999999956e+00
1.778400000000000000e+05,1.200000000000000025e-02,1.199999999999999956e+00
1.779000000000000000e+05,1.200000000000000025e-02,1.199999999999999956e+00
1.779600000000000000e+05,1.200000000000000025e-02,1.199999999999999956e+00
1.780200000000000000e+05,1.200000000000000025e-02,1.199999999999999956e+00
1.780800000000000000e+05,1.200000000000000025e-02,1.199999999999999956e+00
1.781400000000000000e+05,1.200000000000000025e-02,1.199999999999999956e+00
1.782000000000000000e+05,1.200000000000000025e-02,1.199999999999999956e+00
1.782600000000000000e+05,1.200000000000000025e-02,1.199999999999999956e+00
1.783200000000000000e+05,1.200000000000000025e-02,1.199999999999999956e+00
1.783800000000000000e+05,1.200000000000000025e-02,1.199999999999999956e+00
1.784400000000000000e+05,1.200000000000000025e-02,1.199999999999999956e+00
1.785000000000000000e+05,1.200000000000000025e-02,1.199999999999999956e+00
1.785600000000000000e+05,1.200000000000000025e-02,1.199999999999999956e+00
1.786200000000000000e+05,1.200000000000000025e-02,1.199999999999999956e+00
1.786800000000000000e+05,1.200000000000000025e-02,1.199999999999999956e+00
1.787400000000000000e+05,1.200000000000000025e-02,1.199999999999999956e+00
1.788000000000000000e+05,1.200000000000000025e-02,1.199999999999999956e+00
1.788600000000000000e+05,1.200000000000000025e-02,1.199999999999999956e+00
1.789200000000000000e+05,1.200000000000000025e-02,1.199999999999999956e+00
1.789800000000000000e+05,1.200000000000000025e-02,1.199999999999999956e+00
1.790400000000000000e+05,1.200000000000000025e-02,1.199999999999999956e+00
1.791000000000000000e+05,1.200000000000000025e-02,1.199999999999999956e+00
1.791600000000000000e+05,1.200000000000000025e-02,1.199999999999999956e+00
1.792200000000000000e+05,1.200000000000000025e-02,1.199999999999999956e+00
1.792800000000000000e+05,1.200000000000000025e-02,1.199999999999999956e+00
1.793400000000000000e+05,1.200000000000000025e-02,1.199999999999999956e+00
1.794000000000000000e+05,1.200000000000000025e-02,1.199999999999999956e+00
1.794600000000000000e+05,1.200000000000000025e-02,1.199999999999999956e+00
1.795200000000000000e+05,1.200000000000000025e-02,1.199999999999999956e+00
1.795800000000000000e+05,1.200000000000000025e-02,1.199999999999999956e+00
1.796400000000000000e+05,1.200000000000000025e-02,1.199999999999999956e+00
1.797000000000000000e+05,1.200000000000000025e-02,1.199999999999999956e+00
1.797600000000000000e+05,1.200000000000000025e-02,1.199999999999999956e+00
1.798200000000000000e+05,1.200000000000000025e-02,1.199999999999999956e+00
1.798800000000000000e+05,1.200000000000000025e-02,1.199999999999999956e+00
1.799400000000000000e+05,1.200000000000000025e-02,1.199999999999999956e+00
1.800000000000000000e+05,1.200000000000000025e-02,1.199999999999999956e+00
1.800600000000000000e+05,1.200000000000000025e-02,1.199999999999999956e+00
1.801200000000000000e+05,1.200000000000000025e-02,1.199999999999999956e+00
1.801800000000000000e+05,1.200000000000000025e-02,1.199999999999999956e+00
1.802400000000000000e+05,1.200000000000000025e-02,1.199999999999999956e+00
1.803000000000000000e+05,1.200000000000000025e-02,1.199999999999999956e+00
1.803600000000000000e+05,1.200000000000000025e-02,1.199999999999999956e+00
1.804200000000000000e+05,1.200000000000000025e-02,1.199999999999999956e+00
1.804800000000000000e+05,1.200000000000000025e-02,1.199999999999999956e+00
1.805400000000000000e+05,1.200000000000000025e-02,1.199999999999999956e+00
1.806000000000000000e+05,1.200000000000000025e-02,1.199999999999999956e+00
1.806600000000000000e+05,1.200000000000000025e-02,1.199999999999999956e+00
1.807200000000000000e+05,1.200000000000000025e-02,1.199999999999999956e+00
1.807800000000000000e+05,1.200000000000000025e-02,1.199999999999999956e+00
1.808400000000000000e+05,1.200000000000000025e-02,1.199999999999999956e+00
1.809000000000000000e+05,1.200000000000000025e-02,1.199999999999999956e+00
1.809600000000000000e+05,1.200000000000000025e-02,1.199999999999999956e+00
1.810200000000000000e+05,1.200000000000000025e-02,1.199999999999999956e+00
1.810800000000000000e+05,1.200000000000000025e-02,1.199999999999999956e+00
1.811400000000000000e+05,1.200000000000000025e-02,1.199999999999999956e+00
1.812000000000000000e+05,1.200000000000000025e-02,1.199999999999999956e+00
1.812600000000000000e+05,1.200000000000000025e-02,1.199999999999999956e+00
1.813200000000000000e+05,1.200000000000000025e-02,1.199999999999999956e+00
1.813800000000000000e+05,1.200000000000000025e-02,1.199999999999999956e+00
1.814400000000000000e+05,1.200000000000000025e-02,1.199999999999999956e+00
1.815000000000000000e+05,1.200000000000000025e-02,1.199999999999999956e+00
1.815600000000000000e+05,1.200000000000000025e-02,1.199999999999999956e+00
1.816200000000000000e+05,1.200000000000000025e-02,1.199999999999999956e+00
1.816800000000000000e+05,1.200000000000000025e-02,1.199999999999999956e+00
1.817400000000000000e+05,1.200000000000000025e-02,1.199999999999999956e+00
1.818000000000000000e+05,1.200000000000000025e-02,1.199999999999999956e+00
1.818600000000000000e+05,1.200000000000000025e-02,1.199999999999999956e+00
1.819200000000000000e+05,1.200000000000000025e-02,1.199999999999999956e+00
1.819800000000000000e+05,1.200000000000000025e-02,1.199999999999999956e+00
1.820400000000000000e+05,1.200000000000000025e-02,1.199999999999999956e+00
1.821000000000000000e+05,1.200000000000000025e-02,1.199999999999999956e+00
1.821600000000000000e+05,1.200000000000000025e-02,1.199999999999999956e+00
1.822200000000000000e+05,1.200000000000000025e-02,1.199999999999999956e+00
1.822800000000000000e+05,1.200000000000000025e-02,1.199999999999999956e+00
1.823400000000000000e+05,1.200000000000000025e-02,1.199999999999999956e+00
1.824000000000000000e+05,1.200000000000000025e-02,1.199999999999999956e+00
1.824600000000000000e+05,1.200000000000000025e-02,1.199999999999999956e+00
1.825200000000000000e+05,1.200000000000000025e-02,1.199999999999999956e+00
1.825800000000000000e+05,1.200000000000000025e-02,1.199999999999999956e+00
1.826400000000000000e+05,1.200000000000000025e-02,1.199999999999999956e+00
1.827000000000000000e+05,1.200000000000000025e-02,1.199999999999999956e+00
1.827600000000000000e+05,1.200000000000000025e-02,1.199999999999999956e+00
1.828200000000000000e+05,1.200000000000000025e-02,1.199999999999999956e+00
1.828800000000000000e+05,1.200000000000000025e-02,1.199999999999999956e+00
1.829400000000000000e+05,1.200000000000000025e-02,1.199999999999999956e+00
1.829671270751953125e+05,1.200000000000000025e-02,1.199999999999999956e+00
