time_s,T_last_degC,C_last_kg_kg,T_mean30_degC,C_mean30_kg_kg
0,28,0.019630000000000002,28,0.019630000000000002
60,28.527999999999999,0.02002,28.527999999999999,0.02002
120,29.192,0.02053,29.192,0.02053
180,29.684000000000001,0.021000000000000001,29.684000000000001,0.021000000000000001
240,30.036999999999999,0.021510000000000001,30.036999999999999,0.021510000000000001
300,30.834,0.021909999999999999,30.834,0.021909999999999999
360,31.292999999999999,0.022329999999999999,31.292999999999999,0.022329999999999999
420,31.82,0.022780000000000002,31.82,0.022780000000000002
480,32.121000000000002,0.02325,32.121000000000002,0.02325
540,32.729999999999997,0.023769999999999999,32.729999999999997,0.023769999999999999
600,33.201999999999998,0.024279999999999999,33.201999999999998,0.024279999999999999
660,33.878999999999998,0.024649999999999998,33.878999999999998,0.024649999999999998
720,34.268000000000001,0.025059999999999999,34.268000000000001,0.025059999999999999
780,34.805999999999997,0.025520000000000001,34.805999999999997,0.025520000000000001
840,35.142000000000003,0.026120000000000001,35.142000000000003,0.026120000000000001
900,35.524000000000001,0.026599999999999999,35.524000000000001,0.026599999999999999
960,36.091000000000001,0.026870000000000002,36.091000000000001,0.026870000000000002
1020,36.353999999999999,0.027320000000000001,36.353999999999999,0.027320000000000001
1080,37.067,0.02793,37.067,0.02793
1140,37.418999999999997,0.02826,37.418999999999997,0.02826
1200,37.881999999999998,0.028910000000000002,37.881999999999998,0.028910000000000002
1260,38.134,0.02921,38.134,0.02921
1320,38.767000000000003,0.029610000000000001,38.767000000000003,0.029610000000000001
1380,39.125,0.030290000000000001,39.125,0.030290000000000001
1440,39.457999999999998,0.030509999999999999,39.457999999999998,0.030509999999999999
1500,39.594999999999999,0.030980000000000001,39.594999999999999,0.030980000000000001
1560,40.061,0.031370000000000002,40.061,0.031370000000000002
1620,40.238,0.031789999999999999,40.238,0.031789999999999999
1680,40.621000000000002,0.032190000000000003,40.621000000000002,0.032190000000000003
1740,41.165999999999997,0.032620000000000003,41.165999999999997,0.032620000000000003
1800,41.512999999999998,0.033070000000000002,41.512999999999998,0.033070000000000002
1860,41.917999999999999,0.033450000000000001,41.917999999999999,0.033450000000000001
1920,41.951999999999998,0.034029999999999998,41.951999999999998,0.034029999999999998
1980,42.262999999999998,0.034470000000000001,42.262999999999998,0.034470000000000001
2040,42.588999999999999,0.034759999999999999,42.588999999999999,0.034759999999999999
2100,42.744999999999997,0.035130000000000002,42.744999999999997,0.035130000000000002
2160,42.984999999999999,0.035580000000000001,42.984999999999999,0.035580000000000001
2220,43.393000000000001,0.036089999999999997,43.393000000000001,0.036089999999999997
2280,43.533999999999999,0.036459999999999999,43.533999999999999,0.036459999999999999
2340,43.969999999999999,0.03653,43.969999999999999,0.03653
2400,44.101999999999997,0.036940000000000001,44.101999999999997,0.036940000000000001
2460,44.503,0.037310000000000003,44.503,0.037310000000000003
2520,44.662999999999997,0.037659999999999999,44.662999999999997,0.037659999999999999
2580,44.701000000000001,0.038120000000000001,44.701000000000001,0.038120000000000001
2640,45.137999999999998,0.038399999999999997,45.137999999999998,0.038399999999999997
2700,45.323,0.038580000000000003,45.323,0.038580000000000003
2760,45.323999999999998,0.039030000000000002,45.323999999999998,0.039030000000000002
2820,45.462000000000003,0.039399999999999998,45.462000000000003,0.039399999999999998
2880,45.817999999999998,0.039539999999999999,45.817999999999998,0.039539999999999999
2940,45.738999999999997,0.040129999999999999,45.738999999999997,0.040129999999999999
3000,45.93,0.04011,45.93,0.04011
3060,45.999000000000002,0.040759999999999998,45.999000000000002,0.040759999999999998
3120,46.512,0.0407,46.512,0.0407
3180,46.601999999999997,0.041279999999999997,46.601999999999997,0.041279999999999997
3240,46.761000000000003,0.041570000000000003,46.761000000000003,0.041570000000000003
3300,46.933,0.041869999999999997,46.933,0.041869999999999997
3360,46.911999999999999,0.042049999999999997,46.911999999999999,0.042049999999999997
3420,47.088999999999999,0.042290000000000001,47.088999999999999,0.042290000000000001
3480,47.008000000000003,0.042470000000000001,47.008000000000003,0.042470000000000001
3540,47.110999999999997,0.042770000000000002,47.110999999999997,0.042770000000000002
3600,47.484999999999999,0.042720000000000001,47.484999999999999,0.042720000000000001
3660,47.497999999999998,0.043119999999999999,47.497999999999998,0.043119999999999999
3720,47.646000000000001,0.04333,47.646000000000001,0.04333
3780,47.840000000000003,0.04369,47.840000000000003,0.04369
3840,47.872999999999998,0.043729999999999998,47.872999999999998,0.043729999999999998
3900,47.926000000000002,0.043889999999999998,47.926000000000002,0.043889999999999998
3960,48.015999999999998,0.044200000000000003,48.015999999999998,0.044200000000000003
4020,47.976999999999997,0.044220000000000002,47.976999999999997,0.044220000000000002
4080,47.926000000000002,0.044350000000000001,47.926000000000002,0.044350000000000001
4140,48.198999999999998,0.044679999999999997,48.198999999999998,0.044679999999999997
4200,48.165999999999997,0.044830000000000002,48.165999999999997,0.044830000000000002
4260,48.331000000000003,0.044909999999999999,48.331000000000003,0.044909999999999999
4320,48.615000000000002,0.04514,48.615000000000002,0.04514
4380,48.380000000000003,0.0453,48.380000000000003,0.0453
4440,48.356999999999999,0.045429999999999998,48.356999999999999,0.045429999999999998
4500,48.526000000000003,0.045609999999999998,48.526000000000003,0.045609999999999998
4560,48.590000000000003,0.04589,48.590000000000003,0.04589
4620,48.825000000000003,0.045850000000000002,48.825000000000003,0.045850000000000002
4680,48.826999999999998,0.046289999999999998,48.826999999999998,0.046289999999999998
4740,48.988,0.04641,48.988,0.04641
4800,48.978999999999999,0.046330000000000003,48.978999999999999,0.046330000000000003
4860,48.899999999999999,0.046390000000000001,48.899999999999999,0.046390000000000001
4920,49.143999999999998,0.046600000000000003,49.143999999999998,0.046600000000000003
4980,48.869999999999997,0.046870000000000002,48.869999999999997,0.046870000000000002
5040,48.840000000000003,0.046890000000000001,48.840000000000003,0.046890000000000001
5100,48.912999999999997,0.047070000000000001,48.912999999999997,0.047070000000000001
5160,49.261000000000003,0.047050000000000002,49.261000000000003,0.047050000000000002
5220,49.168999999999997,0.047199999999999999,49.168999999999997,0.047199999999999999
5280,49.055999999999997,0.047129999999999998,49.055999999999997,0.047129999999999998
5340,49.256999999999998,0.047440000000000003,49.256999999999998,0.047440000000000003
5400,49.116,0.047280000000000003,49.116,0.047280000000000003
5460,49.414999999999999,0.047600000000000003,49.414999999999999,0.047600000000000003
5520,49.320999999999998,0.04777,49.320999999999998,0.04777
5580,49.317,0.047509999999999997,49.317,0.047509999999999997
5640,49.304000000000002,0.047820000000000001,49.304000000000002,0.047820000000000001
5700,49.491999999999997,0.047649999999999998,49.491999999999997,0.047649999999999998
5760,49.384,0.04802,49.384,0.04802
5820,49.271999999999998,0.047789999999999999,49.271999999999998,0.047789999999999999
5880,49.310000000000002,0.04827,49.310000000000002,0.04827
5940,49.749000000000002,0.04795,49.749000000000002,0.04795
6000,49.743000000000002,0.048410000000000002,49.743000000000002,0.048410000000000002
6060,49.659999999999997,0.048399999999999999,49.659999999999997,0.048399999999999999
6120,49.463000000000001,0.04836,49.463000000000001,0.04836
6180,49.829999999999998,0.048509999999999998,49.829999999999998,0.048509999999999998
6240,49.753,0.048579999999999998,49.753,0.048579999999999998
6300,49.738999999999997,0.048710000000000003,49.738999999999997,0.048710000000000003
6360,49.622,0.048419999999999998,49.622,0.048419999999999998
6420,49.549999999999997,0.048640000000000003,49.549999999999997,0.048640000000000003
6480,49.476999999999997,0.04845,49.476999999999997,0.04845
6540,49.890999999999998,0.048750000000000002,49.890999999999998,0.048750000000000002
6600,49.683,0.048579999999999998,49.683,0.048579999999999998
6660,49.569000000000003,0.048820000000000002,49.569000000000003,0.048820000000000002
6720,49.633000000000003,0.048860000000000001,49.633000000000003,0.048860000000000001
6780,49.780999999999999,0.048849999999999998,49.780999999999999,0.048849999999999998
6840,49.591999999999999,0.048919999999999998,49.591999999999999,0.048919999999999998
6900,49.941000000000003,0.049079999999999999,49.941000000000003,0.049079999999999999
6960,49.902000000000001,0.04913,49.902000000000001,0.04913
7020,49.892000000000003,0.049020000000000001,49.892000000000003,0.049020000000000001
7080,49.759,0.049110000000000001,49.759,0.049110000000000001
7140,49.865000000000002,0.049299999999999997,49.865000000000002,0.049299999999999997
7200,49.851999999999997,0.048939999999999997,49.851999999999997,0.048939999999999997
7260,49.893000000000001,0.04897,49.893000000000001,0.04897
7320,49.619,0.048980000000000003,49.619,0.048980000000000003
7380,49.792000000000002,0.04929,49.792000000000002,0.04929
7440,49.612000000000002,0.049200000000000001,49.612000000000002,0.049200000000000001
7500,49.844999999999999,0.049410000000000003,49.844999999999999,0.049410000000000003
7560,49.770000000000003,0.04938,49.770000000000003,0.04938
7620,49.683,0.049239999999999999,49.683,0.049239999999999999
7680,49.668999999999997,0.049540000000000001,49.668999999999997,0.049540000000000001
7740,49.915999999999997,0.049500000000000002,49.915999999999997,0.049500000000000002
7800,49.713999999999999,0.049279999999999997,49.713999999999999,0.049279999999999997
7860,50.094999999999999,0.049349999999999998,50.094999999999999,0.049349999999999998
7920,49.929000000000002,0.049340000000000002,49.929000000000002,0.049340000000000002
7980,49.817,0.04929,49.817,0.04929
8040,49.942999999999998,0.049299999999999997,49.942999999999998,0.049299999999999997
8100,49.664000000000001,0.049709999999999997,49.664000000000001,0.049709999999999997
8160,50.134999999999998,0.049480000000000003,50.134999999999998,0.049480000000000003
8220,49.902000000000001,0.04947,49.902000000000001,0.04947
8280,50.055999999999997,0.049660000000000003,50.055999999999997,0.049660000000000003
8340,49.710000000000001,0.049590000000000002,49.710000000000001,0.049590000000000002
8400,49.914999999999999,0.049799999999999997,49.914999999999999,0.049799999999999997
8460,49.920000000000002,0.049730000000000003,49.920000000000002,0.049730000000000003
8520,50.146999999999998,0.049599999999999998,50.146999999999998,0.049599999999999998
8580,49.966999999999999,0.04956,49.966999999999999,0.04956
8640,49.920999999999999,0.049880000000000001,49.920999999999999,0.049880000000000001
8700,49.820999999999998,0.049759999999999999,49.820999999999998,0.049759999999999999
8760,49.856000000000002,0.049889999999999997,49.856000000000002,0.049889999999999997
8820,49.953000000000003,0.049489999999999999,49.953000000000003,0.049489999999999999
8880,49.914999999999999,0.049860000000000002,49.914999999999999,0.049860000000000002
8940,49.707999999999998,0.049770000000000002,49.707999999999998,0.049770000000000002
9000,50.162999999999997,0.04981,50.162999999999997,0.04981
9060,50.198,0.050040000000000001,50.198,0.050040000000000001
9120,49.82,0.050090000000000003,49.82,0.050090000000000003
9180,50.027000000000001,0.049759999999999999,50.027000000000001,0.049759999999999999
9240,49.804000000000002,0.049979999999999997,49.804000000000002,0.049979999999999997
9300,50.085999999999999,0.050160000000000003,50.085999999999999,0.050160000000000003
9360,49.890999999999998,0.0499,49.890999999999998,0.0499
9420,50.079999999999998,0.049979999999999997,50.079999999999998,0.049979999999999997
9480,50.113,0.049970000000000001,50.113,0.049970000000000001
9540,50.134,0.0499,50.134,0.0499
9600,49.804000000000002,0.050209999999999998,49.804000000000002,0.050209999999999998
9660,50.207999999999998,0.050139999999999997,50.207999999999998,0.050139999999999997
9720,49.865000000000002,0.04981,49.865000000000002,0.04981
9780,49.768999999999998,0.050250000000000003,49.768999999999998,0.050250000000000003
9840,50.027000000000001,0.050189999999999999,50.027000000000001,0.050189999999999999
9900,49.935000000000002,0.049889999999999997,49.935000000000002,0.049889999999999997
9960,50.164999999999999,0.050169999999999999,50.164999999999999,0.050169999999999999
10020,50.154000000000003,0.049799999999999997,50.154000000000003,0.049799999999999997
10080,49.908999999999999,0.050250000000000003,49.908999999999999,0.050250000000000003
10140,50.225999999999999,0.05008,50.225999999999999,0.05008
10200,49.895000000000003,0.05008,49.895000000000003,0.05008
10260,50.008000000000003,0.049799999999999997,50.008000000000003,0.049799999999999997
10320,49.878,0.050200000000000002,49.878,0.050200000000000002
10380,50.218000000000004,0.049759999999999999,50.218000000000004,0.049759999999999999
10440,49.832000000000001,0.049869999999999998,49.832000000000001,0.049869999999999998
10500,49.771999999999998,0.049820000000000003,49.771999999999998,0.049820000000000003
10560,49.968000000000004,0.050139999999999997,49.968000000000004,0.050139999999999997
10620,50.246000000000002,0.049849999999999998,50.246000000000002,0.049849999999999998
10680,50.195999999999998,0.050209999999999998,50.195999999999998,0.050209999999999998
10740,50.124000000000002,0.05008,50.124000000000002,0.05008
10800,50.195,0.049770000000000002,50.195,0.049770000000000002
10860,50.197000000000003,0.049750000000000003,50.197000000000003,0.049750000000000003
10920,50.009,0.049779999999999998,50.009,0.049779999999999998
10980,49.908000000000001,0.050049999999999997,49.908000000000001,0.050049999999999997
11040,50.136000000000003,0.05015,50.136000000000003,0.05015
11100,50.081000000000003,0.049869999999999998,50.081000000000003,0.049869999999999998
11160,49.936999999999998,0.050169999999999999,49.936999999999998,0.050169999999999999
11220,49.796999999999997,0.049779999999999998,49.796999999999997,0.049779999999999998
11280,50.122999999999998,0.05015,50.122999999999998,0.05015
11340,49.881,0.050209999999999998,49.881,0.050209999999999998
11400,50.218000000000004,0.050139999999999997,50.218000000000004,0.050139999999999997
11460,49.869999999999997,0.050099999999999999,49.869999999999997,0.050099999999999999
11520,49.811,0.050169999999999999,49.811,0.050169999999999999
11580,50.165999999999997,0.049770000000000002,50.165999999999997,0.049770000000000002
11640,49.826999999999998,0.049849999999999998,49.826999999999998,0.049849999999999998
11700,49.840000000000003,0.04981,49.840000000000003,0.04981
11760,50.049999999999997,0.050000000000000003,50.049999999999997,0.050000000000000003
11820,50.186999999999998,0.050119999999999998,50.186999999999998,0.050119999999999998
11880,49.847999999999999,0.050070000000000003,49.847999999999999,0.050070000000000003
11940,49.905000000000001,0.050180000000000002,49.905000000000001,0.050180000000000002
12000,50.139000000000003,0.049829999999999999,50.139000000000003,0.049829999999999999
12060,50.235999999999997,0.050119999999999998,50.235999999999997,0.050119999999999998
12120,50,0.049849999999999998,50,0.049849999999999998
12180,49.822000000000003,0.049889999999999997,49.822000000000003,0.049889999999999997
12240,49.756999999999998,0.050099999999999999,49.756999999999998,0.050099999999999999
12300,49.865000000000002,0.05024,49.865000000000002,0.05024
12360,49.816000000000003,0.05006,49.816000000000003,0.05006
12420,50.088999999999999,0.049779999999999998,50.088999999999999,0.049779999999999998
12480,49.811,0.05006,49.811,0.05006
12540,50.003,0.049770000000000002,50.003,0.049770000000000002
12600,50.097000000000001,0.050189999999999999,50.097000000000001,0.050189999999999999
12660,50.040999999999997,0.050099999999999999,50.040999999999997,0.050099999999999999
12720,49.850000000000001,0.049840000000000002,49.850000000000001,0.049840000000000002
12780,50.152000000000001,0.049799999999999997,50.152000000000001,0.049799999999999997
12840,50.107999999999997,0.049840000000000002,50.107999999999997,0.049840000000000002
12900,50.119,0.05024,50.119,0.05024
12960,49.816000000000003,0.049979999999999997,49.816000000000003,0.049979999999999997
13020,49.811999999999998,0.050139999999999997,49.811999999999998,0.050139999999999997
13080,50.213999999999999,0.050070000000000003,50.213999999999999,0.050070000000000003
13140,49.948999999999998,0.050040000000000001,49.948999999999998,0.050040000000000001
13200,49.899999999999999,0.049820000000000003,49.899999999999999,0.049820000000000003
13260,49.994,0.050220000000000001,49.994,0.050220000000000001
13320,50.081000000000003,0.0499,50.081000000000003,0.0499
13380,50.228000000000002,0.050040000000000001,50.228000000000002,0.050040000000000001
13440,49.893000000000001,0.050099999999999999,49.893000000000001,0.050099999999999999
13500,50.212000000000003,0.050070000000000003,50.212000000000003,0.050070000000000003
13560,49.762,0.050220000000000001,49.762,0.050220000000000001
13620,50.027999999999999,0.049820000000000003,50.027999999999999,0.049820000000000003
13680,50.067,0.050000000000000003,50.067,0.050000000000000003
13740,49.802999999999997,0.049950000000000001,49.802999999999997,0.049950000000000001
13800,49.82,0.04999,49.82,0.04999
13860,49.960000000000001,0.04981,49.960000000000001,0.04981
13920,50.232999999999997,0.049820000000000003,50.232999999999997,0.049820000000000003
13980,50.048000000000002,0.049889999999999997,50.048000000000002,0.049889999999999997
14040,50.216999999999999,0.0499,50.216999999999999,0.0499
14100,50.152000000000001,0.049959999999999997,50.152000000000001,0.049959999999999997
14160,49.984000000000002,0.05006,49.984000000000002,0.05006
14220,50.142000000000003,0.050070000000000003,50.142000000000003,0.050070000000000003
14280,49.759,0.049959999999999997,49.759,0.049959999999999997
14340,49.805,0.049950000000000001,49.805,0.049950000000000001
14400,50.164999999999999,0.049860000000000002,50.164999999999999,0.049860000000000002
14460,50.164999999999999,0.049860000000000002,50.013258064516137,0.049988709677419356
14520,50.164999999999999,0.049860000000000002,50.013258064516137,0.049988709677419356
14580,50.164999999999999,0.049860000000000002,50.013258064516137,0.049988709677419356
14640,50.164999999999999,0.049860000000000002,50.013258064516137,0.049988709677419356
14700,50.164999999999999,0.049860000000000002,50.013258064516137,0.049988709677419356
14760,50.164999999999999,0.049860000000000002,50.013258064516137,0.049988709677419356
14820,50.164999999999999,0.049860000000000002,50.013258064516137,0.049988709677419356
14880,50.164999999999999,0.049860000000000002,50.013258064516137,0.049988709677419356
14940,50.164999999999999,0.049860000000000002,50.013258064516137,0.049988709677419356
15000,50.164999999999999,0.049860000000000002,50.013258064516137,0.049988709677419356
15060,50.164999999999999,0.049860000000000002,50.013258064516137,0.049988709677419356
15120,50.164999999999999,0.049860000000000002,50.013258064516137,0.049988709677419356
15180,50.164999999999999,0.049860000000000002,50.013258064516137,0.049988709677419356
15240,50.164999999999999,0.049860000000000002,50.013258064516137,0.049988709677419356
15300,50.164999999999999,0.049860000000000002,50.013258064516137,0.049988709677419356
15360,50.164999999999999,0.049860000000000002,50.013258064516137,0.049988709677419356
15420,50.164999999999999,0.049860000000000002,50.013258064516137,0.049988709677419356
15480,50.164999999999999,0.049860000000000002,50.013258064516137,0.049988709677419356
15540,50.164999999999999,0.049860000000000002,50.013258064516137,0.049988709677419356
15600,50.164999999999999,0.049860000000000002,50.013258064516137,0.049988709677419356
15660,50.164999999999999,0.049860000000000002,50.013258064516137,0.049988709677419356
15720,50.164999999999999,0.049860000000000002,50.013258064516137,0.049988709677419356
15780,50.164999999999999,0.049860000000000002,50.013258064516137,0.049988709677419356
15840,50.164999999999999,0.049860000000000002,50.013258064516137,0.049988709677419356
15900,50.164999999999999,0.049860000000000002,50.013258064516137,0.049988709677419356
15960,50.164999999999999,0.049860000000000002,50.013258064516137,0.049988709677419356
16020,50.164999999999999,0.049860000000000002,50.013258064516137,0.049988709677419356
16080,50.164999999999999,0.049860000000000002,50.013258064516137,0.049988709677419356
16140,50.164999999999999,0.049860000000000002,50.013258064516137,0.049988709677419356
16200,50.164999999999999,0.049860000000000002,50.013258064516137,0.049988709677419356
16260,50.164999999999999,0.049860000000000002,50.013258064516137,0.049988709677419356
16320,50.164999999999999,0.049860000000000002,50.013258064516137,0.049988709677419356
16380,50.164999999999999,0.049860000000000002,50.013258064516137,0.049988709677419356
16440,50.164999999999999,0.049860000000000002,50.013258064516137,0.049988709677419356
16500,50.164999999999999,0.049860000000000002,50.013258064516137,0.049988709677419356
16560,50.164999999999999,0.049860000000000002,50.013258064516137,0.049988709677419356
16620,50.164999999999999,0.049860000000000002,50.013258064516137,0.049988709677419356
16680,50.164999999999999,0.049860000000000002,50.013258064516137,0.049988709677419356
16740,50.164999999999999,0.049860000000000002,50.013258064516137,0.049988709677419356
16800,50.164999999999999,0.049860000000000002,50.013258064516137,0.049988709677419356
16860,50.164999999999999,0.049860000000000002,50.013258064516137,0.049988709677419356
16920,50.164999999999999,0.049860000000000002,50.013258064516137,0.049988709677419356
16980,50.164999999999999,0.049860000000000002,50.013258064516137,0.049988709677419356
17040,50.164999999999999,0.049860000000000002,50.013258064516137,0.049988709677419356
17100,50.164999999999999,0.049860000000000002,50.013258064516137,0.049988709677419356
17160,50.164999999999999,0.049860000000000002,50.013258064516137,0.049988709677419356
17220,50.164999999999999,0.049860000000000002,50.013258064516137,0.049988709677419356
17280,50.164999999999999,0.049860000000000002,50.013258064516137,0.049988709677419356
17340,50.164999999999999,0.049860000000000002,50.013258064516137,0.049988709677419356
17400,50.164999999999999,0.049860000000000002,50.013258064516137,0.049988709677419356
17460,50.164999999999999,0.049860000000000002,50.013258064516137,0.049988709677419356
17520,50.164999999999999,0.049860000000000002,50.013258064516137,0.049988709677419356
17580,50.164999999999999,0.049860000000000002,50.013258064516137,0.049988709677419356
17640,50.164999999999999,0.049860000000000002,50.013258064516137,0.049988709677419356
17700,50.164999999999999,0.049860000000000002,50.013258064516137,0.049988709677419356
17760,50.164999999999999,0.049860000000000002,50.013258064516137,0.049988709677419356
17820,50.164999999999999,0.049860000000000002,50.013258064516137,0.049988709677419356
17880,50.164999999999999,0.049860000000000002,50.013258064516137,0.049988709677419356
17940,50.164999999999999,0.049860000000000002,50.013258064516137,0.049988709677419356
18000,50.164999999999999,0.049860000000000002,50.013258064516137,0.049988709677419356
18060,50.164999999999999,0.049860000000000002,50.013258064516137,0.049988709677419356
18120,50.164999999999999,0.049860000000000002,50.013258064516137,0.049988709677419356
18180,50.164999999999999,0.049860000000000002,50.013258064516137,0.049988709677419356
18240,50.164999999999999,0.049860000000000002,50.013258064516137,0.049988709677419356
18300,50.164999999999999,0.049860000000000002,50.013258064516137,0.049988709677419356
18360,50.164999999999999,0.049860000000000002,50.013258064516137,0.049988709677419356
18420,50.164999999999999,0.049860000000000002,50.013258064516137,0.049988709677419356
18480,50.164999999999999,0.049860000000000002,50.013258064516137,0.049988709677419356
18540,50.164999999999999,0.049860000000000002,50.013258064516137,0.049988709677419356
18600,50.164999999999999,0.049860000000000002,50.013258064516137,0.049988709677419356
18660,50.164999999999999,0.049860000000000002,50.013258064516137,0.049988709677419356
18720,50.164999999999999,0.049860000000000002,50.013258064516137,0.049988709677419356
18780,50.164999999999999,0.049860000000000002,50.013258064516137,0.049988709677419356
18840,50.164999999999999,0.049860000000000002,50.013258064516137,0.049988709677419356
18900,50.164999999999999,0.049860000000000002,50.013258064516137,0.049988709677419356
18960,50.164999999999999,0.049860000000000002,50.013258064516137,0.049988709677419356
19020,50.164999999999999,0.049860000000000002,50.013258064516137,0.049988709677419356
19080,50.164999999999999,0.049860000000000002,50.013258064516137,0.049988709677419356
19140,50.164999999999999,0.049860000000000002,50.013258064516137,0.049988709677419356
19200,50.164999999999999,0.049860000000000002,50.013258064516137,0.049988709677419356
19260,50.164999999999999,0.049860000000000002,50.013258064516137,0.049988709677419356
19320,50.164999999999999,0.049860000000000002,50.013258064516137,0.049988709677419356
19380,50.164999999999999,0.049860000000000002,50.013258064516137,0.049988709677419356
19440,50.164999999999999,0.049860000000000002,50.013258064516137,0.049988709677419356
19500,50.164999999999999,0.049860000000000002,50.013258064516137,0.049988709677419356
19560,50.164999999999999,0.049860000000000002,50.013258064516137,0.049988709677419356
19620,50.164999999999999,0.049860000000000002,50.013258064516137,0.049988709677419356
19680,50.164999999999999,0.049860000000000002,50.013258064516137,0.049988709677419356
19740,50.164999999999999,0.049860000000000002,50.013258064516137,0.049988709677419356
19800,50.164999999999999,0.049860000000000002,50.013258064516137,0.049988709677419356
19860,50.164999999999999,0.049860000000000002,50.013258064516137,0.049988709677419356
19920,50.164999999999999,0.049860000000000002,50.013258064516137,0.049988709677419356
19980,50.164999999999999,0.049860000000000002,50.013258064516137,0.049988709677419356
20040,50.164999999999999,0.049860000000000002,50.013258064516137,0.049988709677419356
20100,50.164999999999999,0.049860000000000002,50.013258064516137,0.049988709677419356
20160,50.164999999999999,0.049860000000000002,50.013258064516137,0.049988709677419356
20220,50.164999999999999,0.049860000000000002,50.013258064516137,0.049988709677419356
20280,50.164999999999999,0.049860000000000002,50.013258064516137,0.049988709677419356
20340,50.164999999999999,0.049860000000000002,50.013258064516137,0.049988709677419356
20400,50.164999999999999,0.049860000000000002,50.013258064516137,0.049988709677419356
20460,50.164999999999999,0.049860000000000002,50.013258064516137,0.049988709677419356
20520,50.164999999999999,0.049860000000000002,50.013258064516137,0.049988709677419356
20580,50.164999999999999,0.049860000000000002,50.013258064516137,0.049988709677419356
20640,50.164999999999999,0.049860000000000002,50.013258064516137,0.049988709677419356
20700,50.164999999999999,0.049860000000000002,50.013258064516137,0.049988709677419356
20760,50.164999999999999,0.049860000000000002,50.013258064516137,0.049988709677419356
20820,50.164999999999999,0.049860000000000002,50.013258064516137,0.049988709677419356
20880,50.164999999999999,0.049860000000000002,50.013258064516137,0.049988709677419356
20940,50.164999999999999,0.049860000000000002,50.013258064516137,0.049988709677419356
21000,50.164999999999999,0.049860000000000002,50.013258064516137,0.049988709677419356
21060,50.164999999999999,0.049860000000000002,50.013258064516137,0.049988709677419356
21120,50.164999999999999,0.049860000000000002,50.013258064516137,0.049988709677419356
21180,50.164999999999999,0.049860000000000002,50.013258064516137,0.049988709677419356
21240,50.164999999999999,0.049860000000000002,50.013258064516137,0.049988709677419356
21300,50.164999999999999,0.049860000000000002,50.013258064516137,0.049988709677419356
21360,50.164999999999999,0.049860000000000002,50.013258064516137,0.049988709677419356
21420,50.164999999999999,0.049860000000000002,50.013258064516137,0.049988709677419356
21480,50.164999999999999,0.049860000000000002,50.013258064516137,0.049988709677419356
21540,50.164999999999999,0.049860000000000002,50.013258064516137,0.049988709677419356
21600,50.164999999999999,0.049860000000000002,50.013258064516137,0.049988709677419356
21660,50.164999999999999,0.049860000000000002,50.013258064516137,0.049988709677419356
21720,50.164999999999999,0.049860000000000002,50.013258064516137,0.049988709677419356
21780,50.164999999999999,0.049860000000000002,50.013258064516137,0.049988709677419356
21840,50.164999999999999,0.049860000000000002,50.013258064516137,0.049988709677419356
21900,50.164999999999999,0.049860000000000002,50.013258064516137,0.049988709677419356
21960,50.164999999999999,0.049860000000000002,50.013258064516137,0.049988709677419356
22020,50.164999999999999,0.049860000000000002,50.013258064516137,0.049988709677419356
22080,50.164999999999999,0.049860000000000002,50.013258064516137,0.049988709677419356
22140,50.164999999999999,0.049860000000000002,50.013258064516137,0.049988709677419356
22200,50.164999999999999,0.049860000000000002,50.013258064516137,0.049988709677419356
22260,50.164999999999999,0.049860000000000002,50.013258064516137,0.049988709677419356
22320,50.164999999999999,0.049860000000000002,50.013258064516137,0.049988709677419356
22380,50.164999999999999,0.049860000000000002,50.013258064516137,0.049988709677419356
22440,50.164999999999999,0.049860000000000002,50.013258064516137,0.049988709677419356
22500,50.164999999999999,0.049860000000000002,50.013258064516137,0.049988709677419356
22560,50.164999999999999,0.049860000000000002,50.013258064516137,0.049988709677419356
22620,50.164999999999999,0.049860000000000002,50.013258064516137,0.049988709677419356
22680,50.164999999999999,0.049860000000000002,50.013258064516137,0.049988709677419356
22740,50.164999999999999,0.049860000000000002,50.013258064516137,0.049988709677419356
22800,50.164999999999999,0.049860000000000002,50.013258064516137,0.049988709677419356
22860,50.164999999999999,0.049860000000000002,50.013258064516137,0.049988709677419356
22920,50.164999999999999,0.049860000000000002,50.013258064516137,0.049988709677419356
22980,50.164999999999999,0.049860000000000002,50.013258064516137,0.049988709677419356
23040,50.164999999999999,0.049860000000000002,50.013258064516137,0.049988709677419356
23100,50.164999999999999,0.049860000000000002,50.013258064516137,0.049988709677419356
23160,50.164999999999999,0.049860000000000002,50.013258064516137,0.049988709677419356
23220,50.164999999999999,0.049860000000000002,50.013258064516137,0.049988709677419356
23280,50.164999999999999,0.049860000000000002,50.013258064516137,0.049988709677419356
23340,50.164999999999999,0.049860000000000002,50.013258064516137,0.049988709677419356
23400,50.164999999999999,0.049860000000000002,50.013258064516137,0.049988709677419356
23460,50.164999999999999,0.049860000000000002,50.013258064516137,0.049988709677419356
23520,50.164999999999999,0.049860000000000002,50.013258064516137,0.049988709677419356
23580,50.164999999999999,0.049860000000000002,50.013258064516137,0.049988709677419356
23640,50.164999999999999,0.049860000000000002,50.013258064516137,0.049988709677419356
23700,50.164999999999999,0.049860000000000002,50.013258064516137,0.049988709677419356
23760,50.164999999999999,0.049860000000000002,50.013258064516137,0.049988709677419356
23820,50.164999999999999,0.049860000000000002,50.013258064516137,0.049988709677419356
23880,50.164999999999999,0.049860000000000002,50.013258064516137,0.049988709677419356
23940,50.164999999999999,0.049860000000000002,50.013258064516137,0.049988709677419356
24000,50.164999999999999,0.049860000000000002,50.013258064516137,0.049988709677419356
24060,50.164999999999999,0.049860000000000002,50.013258064516137,0.049988709677419356
24120,50.164999999999999,0.049860000000000002,50.013258064516137,0.049988709677419356
24180,50.164999999999999,0.049860000000000002,50.013258064516137,0.049988709677419356
24240,50.164999999999999,0.049860000000000002,50.013258064516137,0.049988709677419356
24300,50.164999999999999,0.049860000000000002,50.013258064516137,0.049988709677419356
24360,50.164999999999999,0.049860000000000002,50.013258064516137,0.049988709677419356
24420,50.164999999999999,0.049860000000000002,50.013258064516137,0.049988709677419356
24480,50.164999999999999,0.049860000000000002,50.013258064516137,0.049988709677419356
24540,50.164999999999999,0.049860000000000002,50.013258064516137,0.049988709677419356
24600,50.164999999999999,0.049860000000000002,50.013258064516137,0.049988709677419356
24660,50.164999999999999,0.049860000000000002,50.013258064516137,0.049988709677419356
24720,50.164999999999999,0.049860000000000002,50.013258064516137,0.049988709677419356
24780,50.164999999999999,0.049860000000000002,50.013258064516137,0.049988709677419356
24840,50.164999999999999,0.049860000000000002,50.013258064516137,0.049988709677419356
24900,50.164999999999999,0.049860000000000002,50.013258064516137,0.049988709677419356
24960,50.164999999999999,0.049860000000000002,50.013258064516137,0.049988709677419356
25020,50.164999999999999,0.049860000000000002,50.013258064516137,0.049988709677419356
25080,50.164999999999999,0.049860000000000002,50.013258064516137,0.049988709677419356
25140,50.164999999999999,0.049860000000000002,50.013258064516137,0.049988709677419356
25200,50.164999999999999,0.049860000000000002,50.013258064516137,0.049988709677419356
25260,50.164999999999999,0.049860000000000002,50.013258064516137,0.049988709677419356
25320,50.164999999999999,0.049860000000000002,50.013258064516137,0.049988709677419356
25380,50.164999999999999,0.049860000000000002,50.013258064516137,0.049988709677419356
25440,50.164999999999999,0.049860000000000002,50.013258064516137,0.049988709677419356
25500,50.164999999999999,0.049860000000000002,50.013258064516137,0.049988709677419356
25560,50.164999999999999,0.049860000000000002,50.013258064516137,0.049988709677419356
25620,50.164999999999999,0.049860000000000002,50.013258064516137,0.049988709677419356
25680,50.164999999999999,0.049860000000000002,50.013258064516137,0.049988709677419356
25740,50.164999999999999,0.049860000000000002,50.013258064516137,0.049988709677419356
25800,50.164999999999999,0.049860000000000002,50.013258064516137,0.049988709677419356
25860,50.164999999999999,0.049860000000000002,50.013258064516137,0.049988709677419356
25920,50.164999999999999,0.049860000000000002,50.013258064516137,0.049988709677419356
25980,50.164999999999999,0.049860000000000002,50.013258064516137,0.049988709677419356
26040,50.164999999999999,0.049860000000000002,50.013258064516137,0.049988709677419356
26100,50.164999999999999,0.049860000000000002,50.013258064516137,0.049988709677419356
26160,50.164999999999999,0.049860000000000002,50.013258064516137,0.049988709677419356
26220,50.164999999999999,0.049860000000000002,50.013258064516137,0.049988709677419356
26280,50.164999999999999,0.049860000000000002,50.013258064516137,0.049988709677419356
26340,50.164999999999999,0.049860000000000002,50.013258064516137,0.049988709677419356
26400,50.164999999999999,0.049860000000000002,50.013258064516137,0.049988709677419356
26460,50.164999999999999,0.049860000000000002,50.013258064516137,0.049988709677419356
26520,50.164999999999999,0.049860000000000002,50.013258064516137,0.049988709677419356
26580,50.164999999999999,0.049860000000000002,50.013258064516137,0.049988709677419356
26640,50.164999999999999,0.049860000000000002,50.013258064516137,0.049988709677419356
26700,50.164999999999999,0.049860000000000002,50.013258064516137,0.049988709677419356
26760,50.164999999999999,0.049860000000000002,50.013258064516137,0.049988709677419356
26820,50.164999999999999,0.049860000000000002,50.013258064516137,0.049988709677419356
26880,50.164999999999999,0.049860000000000002,50.013258064516137,0.049988709677419356
26940,50.164999999999999,0.049860000000000002,50.013258064516137,0.049988709677419356
27000,50.164999999999999,0.049860000000000002,50.013258064516137,0.049988709677419356
27060,50.164999999999999,0.049860000000000002,50.013258064516137,0.049988709677419356
27120,50.164999999999999,0.049860000000000002,50.013258064516137,0.049988709677419356
27180,50.164999999999999,0.049860000000000002,50.013258064516137,0.049988709677419356
27240,50.164999999999999,0.049860000000000002,50.013258064516137,0.049988709677419356
27300,50.164999999999999,0.049860000000000002,50.013258064516137,0.049988709677419356
27360,50.164999999999999,0.049860000000000002,50.013258064516137,0.049988709677419356
27420,50.164999999999999,0.049860000000000002,50.013258064516137,0.049988709677419356
27480,50.164999999999999,0.049860000000000002,50.013258064516137,0.049988709677419356
27540,50.164999999999999,0.049860000000000002,50.013258064516137,0.049988709677419356
27600,50.164999999999999,0.049860000000000002,50.013258064516137,0.049988709677419356
27660,50.164999999999999,0.049860000000000002,50.013258064516137,0.049988709677419356
27720,50.164999999999999,0.049860000000000002,50.013258064516137,0.049988709677419356
27780,50.164999999999999,0.049860000000000002,50.013258064516137,0.049988709677419356
27840,50.164999999999999,0.049860000000000002,50.013258064516137,0.049988709677419356
27900,50.164999999999999,0.049860000000000002,50.013258064516137,0.049988709677419356
27960,50.164999999999999,0.049860000000000002,50.013258064516137,0.049988709677419356
28020,50.164999999999999,0.049860000000000002,50.013258064516137,0.049988709677419356
28080,50.164999999999999,0.049860000000000002,50.013258064516137,0.049988709677419356
28140,50.164999999999999,0.049860000000000002,50.013258064516137,0.049988709677419356
28200,50.164999999999999,0.049860000000000002,50.013258064516137,0.049988709677419356
28260,50.164999999999999,0.049860000000000002,50.013258064516137,0.049988709677419356
28320,50.164999999999999,0.049860000000000002,50.013258064516137,0.049988709677419356
28380,50.164999999999999,0.049860000000000002,50.013258064516137,0.049988709677419356
28440,50.164999999999999,0.049860000000000002,50.013258064516137,0.049988709677419356
28500,50.164999999999999,0.049860000000000002,50.013258064516137,0.049988709677419356
28560,50.164999999999999,0.049860000000000002,50.013258064516137,0.049988709677419356
28620,50.164999999999999,0.049860000000000002,50.013258064516137,0.049988709677419356
28680,50.164999999999999,0.049860000000000002,50.013258064516137,0.049988709677419356
28740,50.164999999999999,0.049860000000000002,50.013258064516137,0.049988709677419356
28800,50.164999999999999,0.049860000000000002,50.013258064516137,0.049988709677419356
28860,50.164999999999999,0.049860000000000002,50.013258064516137,0.049988709677419356
28920,50.164999999999999,0.049860000000000002,50.013258064516137,0.049988709677419356
28980,50.164999999999999,0.049860000000000002,50.013258064516137,0.049988709677419356
29040,50.164999999999999,0.049860000000000002,50.013258064516137,0.049988709677419356
29100,50.164999999999999,0.049860000000000002,50.013258064516137,0.049988709677419356
29160,50.164999999999999,0.049860000000000002,50.013258064516137,0.049988709677419356
29220,50.164999999999999,0.049860000000000002,50.013258064516137,0.049988709677419356
29280,50.164999999999999,0.049860000000000002,50.013258064516137,0.049988709677419356
29340,50.164999999999999,0.049860000000000002,50.013258064516137,0.049988709677419356
29400,50.164999999999999,0.049860000000000002,50.013258064516137,0.049988709677419356
29460,50.164999999999999,0.049860000000000002,50.013258064516137,0.049988709677419356
29520,50.164999999999999,0.049860000000000002,50.013258064516137,0.049988709677419356
29580,50.164999999999999,0.049860000000000002,50.013258064516137,0.049988709677419356
29640,50.164999999999999,0.049860000000000002,50.013258064516137,0.049988709677419356
29700,50.164999999999999,0.049860000000000002,50.013258064516137,0.049988709677419356
29760,50.164999999999999,0.049860000000000002,50.013258064516137,0.049988709677419356
29820,50.164999999999999,0.049860000000000002,50.013258064516137,0.049988709677419356
29880,50.164999999999999,0.049860000000000002,50.013258064516137,0.049988709677419356
29940,50.164999999999999,0.049860000000000002,50.013258064516137,0.049988709677419356
30000,50.164999999999999,0.049860000000000002,50.013258064516137,0.049988709677419356
30060,50.164999999999999,0.049860000000000002,50.013258064516137,0.049988709677419356
30120,50.164999999999999,0.049860000000000002,50.013258064516137,0.049988709677419356
30180,50.164999999999999,0.049860000000000002,50.013258064516137,0.049988709677419356
30240,50.164999999999999,0.049860000000000002,50.013258064516137,0.049988709677419356
30300,50.164999999999999,0.049860000000000002,50.013258064516137,0.049988709677419356
30360,50.164999999999999,0.049860000000000002,50.013258064516137,0.049988709677419356
30420,50.164999999999999,0.049860000000000002,50.013258064516137,0.049988709677419356
30480,50.164999999999999,0.049860000000000002,50.013258064516137,0.049988709677419356
30540,50.164999999999999,0.049860000000000002,50.013258064516137,0.049988709677419356
30600,50.164999999999999,0.049860000000000002,50.013258064516137,0.049988709677419356
30660,50.164999999999999,0.049860000000000002,50.013258064516137,0.049988709677419356
30720,50.164999999999999,0.049860000000000002,50.013258064516137,0.049988709677419356
30780,50.164999999999999,0.049860000000000002,50.013258064516137,0.049988709677419356
30840,50.164999999999999,0.049860000000000002,50.013258064516137,0.049988709677419356
30900,50.164999999999999,0.049860000000000002,50.013258064516137,0.049988709677419356
30960,50.164999999999999,0.049860000000000002,50.013258064516137,0.049988709677419356
31020,50.164999999999999,0.049860000000000002,50.013258064516137,0.049988709677419356
31080,50.164999999999999,0.049860000000000002,50.013258064516137,0.049988709677419356
31140,50.164999999999999,0.049860000000000002,50.013258064516137,0.049988709677419356
31200,50.164999999999999,0.049860000000000002,50.013258064516137,0.049988709677419356
31260,50.164999999999999,0.049860000000000002,50.013258064516137,0.049988709677419356
31320,50.164999999999999,0.049860000000000002,50.013258064516137,0.049988709677419356
31380,50.164999999999999,0.049860000000000002,50.013258064516137,0.049988709677419356
31440,50.164999999999999,0.049860000000000002,50.013258064516137,0.049988709677419356
31500,50.164999999999999,0.049860000000000002,50.013258064516137,0.049988709677419356
31560,50.164999999999999,0.049860000000000002,50.013258064516137,0.049988709677419356
31620,50.164999999999999,0.049860000000000002,50.013258064516137,0.049988709677419356
31680,50.164999999999999,0.049860000000000002,50.013258064516137,0.049988709677419356
31740,50.164999999999999,0.049860000000000002,50.013258064516137,0.049988709677419356
31800,50.164999999999999,0.049860000000000002,50.013258064516137,0.049988709677419356
31860,50.164999999999999,0.049860000000000002,50.013258064516137,0.049988709677419356
31920,50.164999999999999,0.049860000000000002,50.013258064516137,0.049988709677419356
31980,50.164999999999999,0.049860000000000002,50.013258064516137,0.049988709677419356
32040,50.164999999999999,0.049860000000000002,50.013258064516137,0.049988709677419356
32100,50.164999999999999,0.049860000000000002,50.013258064516137,0.049988709677419356
32160,50.164999999999999,0.049860000000000002,50.013258064516137,0.049988709677419356
32220,50.164999999999999,0.049860000000000002,50.013258064516137,0.049988709677419356
32280,50.164999999999999,0.049860000000000002,50.013258064516137,0.049988709677419356
32340,50.164999999999999,0.049860000000000002,50.013258064516137,0.049988709677419356
32400,50.164999999999999,0.049860000000000002,50.013258064516137,0.049988709677419356
32460,50.164999999999999,0.049860000000000002,50.013258064516137,0.049988709677419356
32520,50.164999999999999,0.049860000000000002,50.013258064516137,0.049988709677419356
32580,50.164999999999999,0.049860000000000002,50.013258064516137,0.049988709677419356
32640,50.164999999999999,0.049860000000000002,50.013258064516137,0.049988709677419356
32700,50.164999999999999,0.049860000000000002,50.013258064516137,0.049988709677419356
32760,50.164999999999999,0.049860000000000002,50.013258064516137,0.049988709677419356
32820,50.164999999999999,0.049860000000000002,50.013258064516137,0.049988709677419356
32880,50.164999999999999,0.049860000000000002,50.013258064516137,0.049988709677419356
32940,50.164999999999999,0.049860000000000002,50.013258064516137,0.049988709677419356
33000,50.164999999999999,0.049860000000000002,50.013258064516137,0.049988709677419356
33060,50.164999999999999,0.049860000000000002,50.013258064516137,0.049988709677419356
33120,50.164999999999999,0.049860000000000002,50.013258064516137,0.049988709677419356
33180,50.164999999999999,0.049860000000000002,50.013258064516137,0.049988709677419356
33240,50.164999999999999,0.049860000000000002,50.013258064516137,0.049988709677419356
33300,50.164999999999999,0.049860000000000002,50.013258064516137,0.049988709677419356
33360,50.164999999999999,0.049860000000000002,50.013258064516137,0.049988709677419356
33420,50.164999999999999,0.049860000000000002,50.013258064516137,0.049988709677419356
33480,50.164999999999999,0.049860000000000002,50.013258064516137,0.049988709677419356
33540,50.164999999999999,0.049860000000000002,50.013258064516137,0.049988709677419356
33600,50.164999999999999,0.049860000000000002,50.013258064516137,0.049988709677419356
33660,50.164999999999999,0.049860000000000002,50.013258064516137,0.049988709677419356
33720,50.164999999999999,0.049860000000000002,50.013258064516137,0.049988709677419356
33780,50.164999999999999,0.049860000000000002,50.013258064516137,0.049988709677419356
33840,50.164999999999999,0.049860000000000002,50.013258064516137,0.049988709677419356
33900,50.164999999999999,0.049860000000000002,50.013258064516137,0.049988709677419356
33960,50.164999999999999,0.049860000000000002,50.013258064516137,0.049988709677419356
34020,50.164999999999999,0.049860000000000002,50.013258064516137,0.049988709677419356
34080,50.164999999999999,0.049860000000000002,50.013258064516137,0.049988709677419356
34140,50.164999999999999,0.049860000000000002,50.013258064516137,0.049988709677419356
34200,50.164999999999999,0.049860000000000002,50.013258064516137,0.049988709677419356
34260,50.164999999999999,0.049860000000000002,50.013258064516137,0.049988709677419356
34320,50.164999999999999,0.049860000000000002,50.013258064516137,0.049988709677419356
34380,50.164999999999999,0.049860000000000002,50.013258064516137,0.049988709677419356
34440,50.164999999999999,0.049860000000000002,50.013258064516137,0.049988709677419356
34500,50.164999999999999,0.049860000000000002,50.013258064516137,0.049988709677419356
34560,50.164999999999999,0.049860000000000002,50.013258064516137,0.049988709677419356
34620,50.164999999999999,0.049860000000000002,50.013258064516137,0.049988709677419356
34680,50.164999999999999,0.049860000000000002,50.013258064516137,0.049988709677419356
34740,50.164999999999999,0.049860000000000002,50.013258064516137,0.049988709677419356
34800,50.164999999999999,0.049860000000000002,50.013258064516137,0.049988709677419356
34860,50.164999999999999,0.049860000000000002,50.013258064516137,0.049988709677419356
34920,50.164999999999999,0.049860000000000002,50.013258064516137,0.049988709677419356
34980,50.164999999999999,0.049860000000000002,50.013258064516137,0.049988709677419356
35040,50.164999999999999,0.049860000000000002,50.013258064516137,0.049988709677419356
35100,50.164999999999999,0.049860000000000002,50.013258064516137,0.049988709677419356
35160,50.164999999999999,0.049860000000000002,50.013258064516137,0.049988709677419356
35220,50.164999999999999,0.049860000000000002,50.013258064516137,0.049988709677419356
35280,50.164999999999999,0.049860000000000002,50.013258064516137,0.049988709677419356
35340,50.164999999999999,0.049860000000000002,50.013258064516137,0.049988709677419356
35400,50.164999999999999,0.049860000000000002,50.013258064516137,0.049988709677419356
35460,50.164999999999999,0.049860000000000002,50.013258064516137,0.049988709677419356
35520,50.164999999999999,0.049860000000000002,50.013258064516137,0.049988709677419356
35580,50.164999999999999,0.049860000000000002,50.013258064516137,0.049988709677419356
35640,50.164999999999999,0.049860000000000002,50.013258064516137,0.049988709677419356
35700,50.164999999999999,0.049860000000000002,50.013258064516137,0.049988709677419356
35760,50.164999999999999,0.049860000000000002,50.013258064516137,0.049988709677419356
35820,50.164999999999999,0.049860000000000002,50.013258064516137,0.049988709677419356
35880,50.164999999999999,0.049860000000000002,50.013258064516137,0.049988709677419356
35940,50.164999999999999,0.049860000000000002,50.013258064516137,0.049988709677419356
36000,50.164999999999999,0.049860000000000002,50.013258064516137,0.049988709677419356
36060,50.164999999999999,0.049860000000000002,50.013258064516137,0.049988709677419356
36120,50.164999999999999,0.049860000000000002,50.013258064516137,0.049988709677419356
36180,50.164999999999999,0.049860000000000002,50.013258064516137,0.049988709677419356
36240,50.164999999999999,0.049860000000000002,50.013258064516137,0.049988709677419356
36300,50.164999999999999,0.049860000000000002,50.013258064516137,0.049988709677419356
36360,50.164999999999999,0.049860000000000002,50.013258064516137,0.049988709677419356
36420,50.164999999999999,0.049860000000000002,50.013258064516137,0.049988709677419356
36480,50.164999999999999,0.049860000000000002,50.013258064516137,0.049988709677419356
36540,50.164999999999999,0.049860000000000002,50.013258064516137,0.049988709677419356
36600,50.164999999999999,0.049860000000000002,50.013258064516137,0.049988709677419356
36660,50.164999999999999,0.049860000000000002,50.013258064516137,0.049988709677419356
36720,50.164999999999999,0.049860000000000002,50.013258064516137,0.049988709677419356
36780,50.164999999999999,0.049860000000000002,50.013258064516137,0.049988709677419356
36840,50.164999999999999,0.049860000000000002,50.013258064516137,0.049988709677419356
36900,50.164999999999999,0.049860000000000002,50.013258064516137,0.049988709677419356
36960,50.164999999999999,0.049860000000000002,50.013258064516137,0.049988709677419356
37020,50.164999999999999,0.049860000000000002,50.013258064516137,0.049988709677419356
37080,50.164999999999999,0.049860000000000002,50.013258064516137,0.049988709677419356
37140,50.164999999999999,0.049860000000000002,50.013258064516137,0.049988709677419356
37200,50.164999999999999,0.049860000000000002,50.013258064516137,0.049988709677419356
37260,50.164999999999999,0.049860000000000002,50.013258064516137,0.049988709677419356
37320,50.164999999999999,0.049860000000000002,50.013258064516137,0.049988709677419356
37380,50.164999999999999,0.049860000000000002,50.013258064516137,0.049988709677419356
37440,50.164999999999999,0.049860000000000002,50.013258064516137,0.049988709677419356
37500,50.164999999999999,0.049860000000000002,50.013258064516137,0.049988709677419356
37560,50.164999999999999,0.049860000000000002,50.013258064516137,0.049988709677419356
37620,50.164999999999999,0.049860000000000002,50.013258064516137,0.049988709677419356
37680,50.164999999999999,0.049860000000000002,50.013258064516137,0.049988709677419356
37740,50.164999999999999,0.049860000000000002,50.013258064516137,0.049988709677419356
37800,50.164999999999999,0.049860000000000002,50.013258064516137,0.049988709677419356
37860,50.164999999999999,0.049860000000000002,50.013258064516137,0.049988709677419356
37920,50.164999999999999,0.049860000000000002,50.013258064516137,0.049988709677419356
37980,50.164999999999999,0.049860000000000002,50.013258064516137,0.049988709677419356
38040,50.164999999999999,0.049860000000000002,50.013258064516137,0.049988709677419356
38100,50.164999999999999,0.049860000000000002,50.013258064516137,0.049988709677419356
38160,50.164999999999999,0.049860000000000002,50.013258064516137,0.049988709677419356
38220,50.164999999999999,0.049860000000000002,50.013258064516137,0.049988709677419356
38280,50.164999999999999,0.049860000000000002,50.013258064516137,0.049988709677419356
38340,50.164999999999999,0.049860000000000002,50.013258064516137,0.049988709677419356
38400,50.164999999999999,0.049860000000000002,50.013258064516137,0.049988709677419356
38460,50.164999999999999,0.049860000000000002,50.013258064516137,0.049988709677419356
38520,50.164999999999999,0.049860000000000002,50.013258064516137,0.049988709677419356
38580,50.164999999999999,0.049860000000000002,50.013258064516137,0.049988709677419356
38640,50.164999999999999,0.049860000000000002,50.013258064516137,0.049988709677419356
38700,50.164999999999999,0.049860000000000002,50.013258064516137,0.049988709677419356
38760,50.164999999999999,0.049860000000000002,50.013258064516137,0.049988709677419356
38820,50.164999999999999,0.049860000000000002,50.013258064516137,0.049988709677419356
38880,50.164999999999999,0.049860000000000002,50.013258064516137,0.049988709677419356
38940,50.164999999999999,0.049860000000000002,50.013258064516137,0.049988709677419356
39000,50.164999999999999,0.049860000000000002,50.013258064516137,0.049988709677419356
39060,50.164999999999999,0.049860000000000002,50.013258064516137,0.049988709677419356
39120,50.164999999999999,0.049860000000000002,50.013258064516137,0.049988709677419356
39180,50.164999999999999,0.049860000000000002,50.013258064516137,0.049988709677419356
39240,50.164999999999999,0.049860000000000002,50.013258064516137,0.049988709677419356
39300,50.164999999999999,0.049860000000000002,50.013258064516137,0.049988709677419356
39360,50.164999999999999,0.049860000000000002,50.013258064516137,0.049988709677419356
39420,50.164999999999999,0.049860000000000002,50.013258064516137,0.049988709677419356
39480,50.164999999999999,0.049860000000000002,50.013258064516137,0.049988709677419356
39540,50.164999999999999,0.049860000000000002,50.013258064516137,0.049988709677419356
39600,50.164999999999999,0.049860000000000002,50.013258064516137,0.049988709677419356
39660,50.164999999999999,0.049860000000000002,50.013258064516137,0.049988709677419356
39720,50.164999999999999,0.049860000000000002,50.013258064516137,0.049988709677419356
39780,50.164999999999999,0.049860000000000002,50.013258064516137,0.049988709677419356
39840,50.164999999999999,0.049860000000000002,50.013258064516137,0.049988709677419356
39900,50.164999999999999,0.049860000000000002,50.013258064516137,0.049988709677419356
39960,50.164999999999999,0.049860000000000002,50.013258064516137,0.049988709677419356
40020,50.164999999999999,0.049860000000000002,50.013258064516137,0.049988709677419356
40080,50.164999999999999,0.049860000000000002,50.013258064516137,0.049988709677419356
40140,50.164999999999999,0.049860000000000002,50.013258064516137,0.049988709677419356
40200,50.164999999999999,0.049860000000000002,50.013258064516137,0.049988709677419356
40260,50.164999999999999,0.049860000000000002,50.013258064516137,0.049988709677419356
40320,50.164999999999999,0.049860000000000002,50.013258064516137,0.049988709677419356
40380,50.164999999999999,0.049860000000000002,50.013258064516137,0.049988709677419356
40440,50.164999999999999,0.049860000000000002,50.013258064516137,0.049988709677419356
40500,50.164999999999999,0.049860000000000002,50.013258064516137,0.049988709677419356
40560,50.164999999999999,0.049860000000000002,50.013258064516137,0.049988709677419356
40620,50.164999999999999,0.049860000000000002,50.013258064516137,0.049988709677419356
40680,50.164999999999999,0.049860000000000002,50.013258064516137,0.049988709677419356
40740,50.164999999999999,0.049860000000000002,50.013258064516137,0.049988709677419356
40800,50.164999999999999,0.049860000000000002,50.013258064516137,0.049988709677419356
40860,50.164999999999999,0.049860000000000002,50.013258064516137,0.049988709677419356
40920,50.164999999999999,0.049860000000000002,50.013258064516137,0.049988709677419356
40980,50.164999999999999,0.049860000000000002,50.013258064516137,0.049988709677419356
41040,50.164999999999999,0.049860000000000002,50.013258064516137,0.049988709677419356
41100,50.164999999999999,0.049860000000000002,50.013258064516137,0.049988709677419356
41160,50.164999999999999,0.049860000000000002,50.013258064516137,0.049988709677419356
41220,50.164999999999999,0.049860000000000002,50.013258064516137,0.049988709677419356
41280,50.164999999999999,0.049860000000000002,50.013258064516137,0.049988709677419356
41340,50.164999999999999,0.049860000000000002,50.013258064516137,0.049988709677419356
41400,50.164999999999999,0.049860000000000002,50.013258064516137,0.049988709677419356
41460,50.164999999999999,0.049860000000000002,50.013258064516137,0.049988709677419356
41520,50.164999999999999,0.049860000000000002,50.013258064516137,0.049988709677419356
41580,50.164999999999999,0.049860000000000002,50.013258064516137,0.049988709677419356
41640,50.164999999999999,0.049860000000000002,50.013258064516137,0.049988709677419356
41700,50.164999999999999,0.049860000000000002,50.013258064516137,0.049988709677419356
41760,50.164999999999999,0.049860000000000002,50.013258064516137,0.049988709677419356
41820,50.164999999999999,0.049860000000000002,50.013258064516137,0.049988709677419356
41880,50.164999999999999,0.049860000000000002,50.013258064516137,0.049988709677419356
41940,50.164999999999999,0.049860000000000002,50.013258064516137,0.049988709677419356
42000,50.164999999999999,0.049860000000000002,50.013258064516137,0.049988709677419356
42060,50.164999999999999,0.049860000000000002,50.013258064516137,0.049988709677419356
42120,50.164999999999999,0.049860000000000002,50.013258064516137,0.049988709677419356
42180,50.164999999999999,0.049860000000000002,50.013258064516137,0.049988709677419356
42240,50.164999999999999,0.049860000000000002,50.013258064516137,0.049988709677419356
42300,50.164999999999999,0.049860000000000002,50.013258064516137,0.049988709677419356
42360,50.164999999999999,0.049860000000000002,50.013258064516137,0.049988709677419356
42420,50.164999999999999,0.049860000000000002,50.013258064516137,0.049988709677419356
42480,50.164999999999999,0.049860000000000002,50.013258064516137,0.049988709677419356
42540,50.164999999999999,0.049860000000000002,50.013258064516137,0.049988709677419356
42600,50.164999999999999,0.049860000000000002,50.013258064516137,0.049988709677419356
42660,50.164999999999999,0.049860000000000002,50.013258064516137,0.049988709677419356
42720,50.164999999999999,0.049860000000000002,50.013258064516137,0.049988709677419356
42780,50.164999999999999,0.049860000000000002,50.013258064516137,0.049988709677419356
42840,50.164999999999999,0.049860000000000002,50.013258064516137,0.049988709677419356
42900,50.164999999999999,0.049860000000000002,50.013258064516137,0.049988709677419356
42960,50.164999999999999,0.049860000000000002,50.013258064516137,0.049988709677419356
43020,50.164999999999999,0.049860000000000002,50.013258064516137,0.049988709677419356
43080,50.164999999999999,0.049860000000000002,50.013258064516137,0.049988709677419356
43140,50.164999999999999,0.049860000000000002,50.013258064516137,0.049988709677419356
43200,50.164999999999999,0.049860000000000002,50.013258064516137,0.049988709677419356
43260,50.164999999999999,0.049860000000000002,50.013258064516137,0.049988709677419356
43320,50.164999999999999,0.049860000000000002,50.013258064516137,0.049988709677419356
43380,50.164999999999999,0.049860000000000002,50.013258064516137,0.049988709677419356
43440,50.164999999999999,0.049860000000000002,50.013258064516137,0.049988709677419356
43500,50.164999999999999,0.049860000000000002,50.013258064516137,0.049988709677419356
43560,50.164999999999999,0.049860000000000002,50.013258064516137,0.049988709677419356
43620,50.164999999999999,0.049860000000000002,50.013258064516137,0.049988709677419356
43680,50.164999999999999,0.049860000000000002,50.013258064516137,0.049988709677419356
43740,50.164999999999999,0.049860000000000002,50.013258064516137,0.049988709677419356
43800,50.164999999999999,0.049860000000000002,50.013258064516137,0.049988709677419356
43860,50.164999999999999,0.049860000000000002,50.013258064516137,0.049988709677419356
43920,50.164999999999999,0.049860000000000002,50.013258064516137,0.049988709677419356
43980,50.164999999999999,0.049860000000000002,50.013258064516137,0.049988709677419356
44040,50.164999999999999,0.049860000000000002,50.013258064516137,0.049988709677419356
44100,50.164999999999999,0.049860000000000002,50.013258064516137,0.049988709677419356
44160,50.164999999999999,0.049860000000000002,50.013258064516137,0.049988709677419356
44220,50.164999999999999,0.049860000000000002,50.013258064516137,0.049988709677419356
44280,50.164999999999999,0.049860000000000002,50.013258064516137,0.049988709677419356
44340,50.164999999999999,0.049860000000000002,50.013258064516137,0.049988709677419356
44400,50.164999999999999,0.049860000000000002,50.013258064516137,0.049988709677419356
44460,50.164999999999999,0.049860000000000002,50.013258064516137,0.049988709677419356
44520,50.164999999999999,0.049860000000000002,50.013258064516137,0.049988709677419356
44580,50.164999999999999,0.049860000000000002,50.013258064516137,0.049988709677419356
44640,50.164999999999999,0.049860000000000002,50.013258064516137,0.049988709677419356
44700,50.164999999999999,0.049860000000000002,50.013258064516137,0.049988709677419356
44760,50.164999999999999,0.049860000000000002,50.013258064516137,0.049988709677419356
44820,50.164999999999999,0.049860000000000002,50.013258064516137,0.049988709677419356
44880,50.164999999999999,0.049860000000000002,50.013258064516137,0.049988709677419356
44940,50.164999999999999,0.049860000000000002,50.013258064516137,0.049988709677419356
45000,50.164999999999999,0.049860000000000002,50.013258064516137,0.049988709677419356
45060,50.164999999999999,0.049860000000000002,50.013258064516137,0.049988709677419356
45120,50.164999999999999,0.049860000000000002,50.013258064516137,0.049988709677419356
45180,50.164999999999999,0.049860000000000002,50.013258064516137,0.049988709677419356
45240,50.164999999999999,0.049860000000000002,50.013258064516137,0.049988709677419356
45300,50.164999999999999,0.049860000000000002,50.013258064516137,0.049988709677419356
45360,50.164999999999999,0.049860000000000002,50.013258064516137,0.049988709677419356
45420,50.164999999999999,0.049860000000000002,50.013258064516137,0.049988709677419356
45480,50.164999999999999,0.049860000000000002,50.013258064516137,0.049988709677419356
45540,50.164999999999999,0.049860000000000002,50.013258064516137,0.049988709677419356
45600,50.164999999999999,0.049860000000000002,50.013258064516137,0.049988709677419356
45660,50.164999999999999,0.049860000000000002,50.013258064516137,0.049988709677419356
45720,50.164999999999999,0.049860000000000002,50.013258064516137,0.049988709677419356
45780,50.164999999999999,0.049860000000000002,50.013258064516137,0.049988709677419356
45840,50.164999999999999,0.049860000000000002,50.013258064516137,0.049988709677419356
45900,50.164999999999999,0.049860000000000002,50.013258064516137,0.049988709677419356
45960,50.164999999999999,0.049860000000000002,50.013258064516137,0.049988709677419356
46020,50.164999999999999,0.049860000000000002,50.013258064516137,0.049988709677419356
46080,50.164999999999999,0.049860000000000002,50.013258064516137,0.049988709677419356
46140,50.164999999999999,0.049860000000000002,50.013258064516137,0.049988709677419356
46200,50.164999999999999,0.049860000000000002,50.013258064516137,0.049988709677419356
46260,50.164999999999999,0.049860000000000002,50.013258064516137,0.049988709677419356
46320,50.164999999999999,0.049860000000000002,50.013258064516137,0.049988709677419356
46380,50.164999999999999,0.049860000000000002,50.013258064516137,0.049988709677419356
46440,50.164999999999999,0.049860000000000002,50.013258064516137,0.049988709677419356
46500,50.164999999999999,0.049860000000000002,50.013258064516137,0.049988709677419356
46560,50.164999999999999,0.049860000000000002,50.013258064516137,0.049988709677419356
46620,50.164999999999999,0.049860000000000002,50.013258064516137,0.049988709677419356
46680,50.164999999999999,0.049860000000000002,50.013258064516137,0.049988709677419356
46740,50.164999999999999,0.049860000000000002,50.013258064516137,0.049988709677419356
46800,50.164999999999999,0.049860000000000002,50.013258064516137,0.049988709677419356
46860,50.164999999999999,0.049860000000000002,50.013258064516137,0.049988709677419356
46920,50.164999999999999,0.049860000000000002,50.013258064516137,0.049988709677419356
46980,50.164999999999999,0.049860000000000002,50.013258064516137,0.049988709677419356
47040,50.164999999999999,0.049860000000000002,50.013258064516137,0.049988709677419356
47100,50.164999999999999,0.049860000000000002,50.013258064516137,0.049988709677419356
47160,50.164999999999999,0.049860000000000002,50.013258064516137,0.049988709677419356
47220,50.164999999999999,0.049860000000000002,50.013258064516137,0.049988709677419356
47280,50.164999999999999,0.049860000000000002,50.013258064516137,0.049988709677419356
47340,50.164999999999999,0.049860000000000002,50.013258064516137,0.049988709677419356
47400,50.164999999999999,0.049860000000000002,50.013258064516137,0.049988709677419356
47460,50.164999999999999,0.049860000000000002,50.013258064516137,0.049988709677419356
47520,50.164999999999999,0.049860000000000002,50.013258064516137,0.049988709677419356
47580,50.164999999999999,0.049860000000000002,50.013258064516137,0.049988709677419356
47640,50.164999999999999,0.049860000000000002,50.013258064516137,0.049988709677419356
47700,50.164999999999999,0.049860000000000002,50.013258064516137,0.049988709677419356
47760,50.164999999999999,0.049860000000000002,50.013258064516137,0.049988709677419356
47820,50.164999999999999,0.049860000000000002,50.013258064516137,0.049988709677419356
47880,50.164999999999999,0.049860000000000002,50.013258064516137,0.049988709677419356
47940,50.164999999999999,0.049860000000000002,50.013258064516137,0.049988709677419356
48000,50.164999999999999,0.049860000000000002,50.013258064516137,0.049988709677419356
48060,50.164999999999999,0.049860000000000002,50.013258064516137,0.049988709677419356
48120,50.164999999999999,0.049860000000000002,50.013258064516137,0.049988709677419356
48180,50.164999999999999,0.049860000000000002,50.013258064516137,0.049988709677419356
48240,50.164999999999999,0.049860000000000002,50.013258064516137,0.049988709677419356
48300,50.164999999999999,0.049860000000000002,50.013258064516137,0.049988709677419356
48360,50.164999999999999,0.049860000000000002,50.013258064516137,0.049988709677419356
48420,50.164999999999999,0.049860000000000002,50.013258064516137,0.049988709677419356
48480,50.164999999999999,0.049860000000000002,50.013258064516137,0.049988709677419356
48540,50.164999999999999,0.049860000000000002,50.013258064516137,0.049988709677419356
48600,50.164999999999999,0.049860000000000002,50.013258064516137,0.049988709677419356
48660,50.164999999999999,0.049860000000000002,50.013258064516137,0.049988709677419356
48720,50.164999999999999,0.049860000000000002,50.013258064516137,0.049988709677419356
48780,50.164999999999999,0.049860000000000002,50.013258064516137,0.049988709677419356
48840,50.164999999999999,0.049860000000000002,50.013258064516137,0.049988709677419356
48900,50.164999999999999,0.049860000000000002,50.013258064516137,0.049988709677419356
48960,50.164999999999999,0.049860000000000002,50.013258064516137,0.049988709677419356
49020,50.164999999999999,0.049860000000000002,50.013258064516137,0.049988709677419356
49080,50.164999999999999,0.049860000000000002,50.013258064516137,0.049988709677419356
49140,50.164999999999999,0.049860000000000002,50.013258064516137,0.049988709677419356
49200,50.164999999999999,0.049860000000000002,50.013258064516137,0.049988709677419356
49260,50.164999999999999,0.049860000000000002,50.013258064516137,0.049988709677419356
49320,50.164999999999999,0.049860000000000002,50.013258064516137,0.049988709677419356
49380,50.164999999999999,0.049860000000000002,50.013258064516137,0.049988709677419356
49440,50.164999999999999,0.049860000000000002,50.013258064516137,0.049988709677419356
49500,50.164999999999999,0.049860000000000002,50.013258064516137,0.049988709677419356
49560,50.164999999999999,0.049860000000000002,50.013258064516137,0.049988709677419356
49620,50.164999999999999,0.049860000000000002,50.013258064516137,0.049988709677419356
49680,50.164999999999999,0.049860000000000002,50.013258064516137,0.049988709677419356
49740,50.164999999999999,0.049860000000000002,50.013258064516137,0.049988709677419356
49800,50.164999999999999,0.049860000000000002,50.013258064516137,0.049988709677419356
49860,50.164999999999999,0.049860000000000002,50.013258064516137,0.049988709677419356
49920,50.164999999999999,0.049860000000000002,50.013258064516137,0.049988709677419356
49980,50.164999999999999,0.049860000000000002,50.013258064516137,0.049988709677419356
50040,50.164999999999999,0.049860000000000002,50.013258064516137,0.049988709677419356
50100,50.164999999999999,0.049860000000000002,50.013258064516137,0.049988709677419356
50160,50.164999999999999,0.049860000000000002,50.013258064516137,0.049988709677419356
50220,50.164999999999999,0.049860000000000002,50.013258064516137,0.049988709677419356
50280,50.164999999999999,0.049860000000000002,50.013258064516137,0.049988709677419356
50340,50.164999999999999,0.049860000000000002,50.013258064516137,0.049988709677419356
50400,50.164999999999999,0.049860000000000002,50.013258064516137,0.049988709677419356
50460,50.164999999999999,0.049860000000000002,50.013258064516137,0.049988709677419356
50520,50.164999999999999,0.049860000000000002,50.013258064516137,0.049988709677419356
50580,50.164999999999999,0.049860000000000002,50.013258064516137,0.049988709677419356
50640,50.164999999999999,0.049860000000000002,50.013258064516137,0.049988709677419356
50700,50.164999999999999,0.049860000000000002,50.013258064516137,0.049988709677419356
50760,50.164999999999999,0.049860000000000002,50.013258064516137,0.049988709677419356
50820,50.164999999999999,0.049860000000000002,50.013258064516137,0.049988709677419356
50880,50.164999999999999,0.049860000000000002,50.013258064516137,0.049988709677419356
50940,50.164999999999999,0.049860000000000002,50.013258064516137,0.049988709677419356
51000,50.164999999999999,0.049860000000000002,50.013258064516137,0.049988709677419356
51060,50.164999999999999,0.049860000000000002,50.013258064516137,0.049988709677419356
51120,50.164999999999999,0.049860000000000002,50.013258064516137,0.049988709677419356
51180,50.164999999999999,0.049860000000000002,50.013258064516137,0.049988709677419356
51240,50.164999999999999,0.049860000000000002,50.013258064516137,0.049988709677419356
51300,50.164999999999999,0.049860000000000002,50.013258064516137,0.049988709677419356
51360,50.164999999999999,0.049860000000000002,50.013258064516137,0.049988709677419356
51420,50.164999999999999,0.049860000000000002,50.013258064516137,0.049988709677419356
51480,50.164999999999999,0.049860000000000002,50.013258064516137,0.049988709677419356
51540,50.164999999999999,0.049860000000000002,50.013258064516137,0.049988709677419356
51600,50.164999999999999,0.049860000000000002,50.013258064516137,0.049988709677419356
51660,50.164999999999999,0.049860000000000002,50.013258064516137,0.049988709677419356
51720,50.164999999999999,0.049860000000000002,50.013258064516137,0.049988709677419356
51780,50.164999999999999,0.049860000000000002,50.013258064516137,0.049988709677419356
51840,50.164999999999999,0.049860000000000002,50.013258064516137,0.049988709677419356
51900,50.164999999999999,0.049860000000000002,50.013258064516137,0.049988709677419356
51960,50.164999999999999,0.049860000000000002,50.013258064516137,0.049988709677419356
52020,50.164999999999999,0.049860000000000002,50.013258064516137,0.049988709677419356
52080,50.164999999999999,0.049860000000000002,50.013258064516137,0.049988709677419356
52140,50.164999999999999,0.049860000000000002,50.013258064516137,0.049988709677419356
52200,50.164999999999999,0.049860000000000002,50.013258064516137,0.049988709677419356
52260,50.164999999999999,0.049860000000000002,50.013258064516137,0.049988709677419356
52320,50.164999999999999,0.049860000000000002,50.013258064516137,0.049988709677419356
52380,50.164999999999999,0.049860000000000002,50.013258064516137,0.049988709677419356
52440,50.164999999999999,0.049860000000000002,50.013258064516137,0.049988709677419356
52500,50.164999999999999,0.049860000000000002,50.013258064516137,0.049988709677419356
52560,50.164999999999999,0.049860000000000002,50.013258064516137,0.049988709677419356
52620,50.164999999999999,0.049860000000000002,50.013258064516137,0.049988709677419356
52680,50.164999999999999,0.049860000000000002,50.013258064516137,0.049988709677419356
52740,50.164999999999999,0.049860000000000002,50.013258064516137,0.049988709677419356
52800,50.164999999999999,0.049860000000000002,50.013258064516137,0.049988709677419356
52860,50.164999999999999,0.049860000000000002,50.013258064516137,0.049988709677419356
52920,50.164999999999999,0.049860000000000002,50.013258064516137,0.049988709677419356
52980,50.164999999999999,0.049860000000000002,50.013258064516137,0.049988709677419356
53040,50.164999999999999,0.049860000000000002,50.013258064516137,0.049988709677419356
53100,50.164999999999999,0.049860000000000002,50.013258064516137,0.049988709677419356
53160,50.164999999999999,0.049860000000000002,50.013258064516137,0.049988709677419356
53220,50.164999999999999,0.049860000000000002,50.013258064516137,0.049988709677419356
53280,50.164999999999999,0.049860000000000002,50.013258064516137,0.049988709677419356
53340,50.164999999999999,0.049860000000000002,50.013258064516137,0.049988709677419356
53400,50.164999999999999,0.049860000000000002,50.013258064516137,0.049988709677419356
53460,50.164999999999999,0.049860000000000002,50.013258064516137,0.049988709677419356
53520,50.164999999999999,0.049860000000000002,50.013258064516137,0.049988709677419356
53580,50.164999999999999,0.049860000000000002,50.013258064516137,0.049988709677419356
53640,50.164999999999999,0.049860000000000002,50.013258064516137,0.049988709677419356
53700,50.164999999999999,0.049860000000000002,50.013258064516137,0.049988709677419356
53760,50.164999999999999,0.049860000000000002,50.013258064516137,0.049988709677419356
53820,50.164999999999999,0.049860000000000002,50.013258064516137,0.049988709677419356
53880,50.164999999999999,0.049860000000000002,50.013258064516137,0.049988709677419356
53940,50.164999999999999,0.049860000000000002,50.013258064516137,0.049988709677419356
54000,50.164999999999999,0.049860000000000002,50.013258064516137,0.049988709677419356
54060,50.164999999999999,0.049860000000000002,50.013258064516137,0.049988709677419356
54120,50.164999999999999,0.049860000000000002,50.013258064516137,0.049988709677419356
54180,50.164999999999999,0.049860000000000002,50.013258064516137,0.049988709677419356
54240,50.164999999999999,0.049860000000000002,50.013258064516137,0.049988709677419356
54300,50.164999999999999,0.049860000000000002,50.013258064516137,0.049988709677419356
54360,50.164999999999999,0.049860000000000002,50.013258064516137,0.049988709677419356
54420,50.164999999999999,0.049860000000000002,50.013258064516137,0.049988709677419356
54480,50.164999999999999,0.049860000000000002,50.013258064516137,0.049988709677419356
54540,50.164999999999999,0.049860000000000002,50.013258064516137,0.049988709677419356
54600,50.164999999999999,0.049860000000000002,50.013258064516137,0.049988709677419356
54660,50.164999999999999,0.049860000000000002,50.013258064516137,0.049988709677419356
54720,50.164999999999999,0.049860000000000002,50.013258064516137,0.049988709677419356
54780,50.164999999999999,0.049860000000000002,50.013258064516137,0.049988709677419356
54840,50.164999999999999,0.049860000000000002,50.013258064516137,0.049988709677419356
54900,50.164999999999999,0.049860000000000002,50.013258064516137,0.049988709677419356
54960,50.164999999999999,0.049860000000000002,50.013258064516137,0.049988709677419356
55020,50.164999999999999,0.049860000000000002,50.013258064516137,0.049988709677419356
55080,50.164999999999999,0.049860000000000002,50.013258064516137,0.049988709677419356
55140,50.164999999999999,0.049860000000000002,50.013258064516137,0.049988709677419356
55200,50.164999999999999,0.049860000000000002,50.013258064516137,0.049988709677419356
55260,50.164999999999999,0.049860000000000002,50.013258064516137,0.049988709677419356
55320,50.164999999999999,0.049860000000000002,50.013258064516137,0.049988709677419356
55380,50.164999999999999,0.049860000000000002,50.013258064516137,0.049988709677419356
55440,50.164999999999999,0.049860000000000002,50.013258064516137,0.049988709677419356
55500,50.164999999999999,0.049860000000000002,50.013258064516137,0.049988709677419356
55560,50.164999999999999,0.049860000000000002,50.013258064516137,0.049988709677419356
55620,50.164999999999999,0.049860000000000002,50.013258064516137,0.049988709677419356
55680,50.164999999999999,0.049860000000000002,50.013258064516137,0.049988709677419356
55740,50.164999999999999,0.049860000000000002,50.013258064516137,0.049988709677419356
55800,50.164999999999999,0.049860000000000002,50.013258064516137,0.049988709677419356
55860,50.164999999999999,0.049860000000000002,50.013258064516137,0.049988709677419356
55920,50.164999999999999,0.049860000000000002,50.013258064516137,0.049988709677419356
55980,50.164999999999999,0.049860000000000002,50.013258064516137,0.049988709677419356
56040,50.164999999999999,0.049860000000000002,50.013258064516137,0.049988709677419356
56100,50.164999999999999,0.049860000000000002,50.013258064516137,0.049988709677419356
56160,50.164999999999999,0.049860000000000002,50.013258064516137,0.049988709677419356
56220,50.164999999999999,0.049860000000000002,50.013258064516137,0.049988709677419356
56280,50.164999999999999,0.049860000000000002,50.013258064516137,0.049988709677419356
56340,50.164999999999999,0.049860000000000002,50.013258064516137,0.049988709677419356
56400,50.164999999999999,0.049860000000000002,50.013258064516137,0.049988709677419356
56460,50.164999999999999,0.049860000000000002,50.013258064516137,0.049988709677419356
56520,50.164999999999999,0.049860000000000002,50.013258064516137,0.049988709677419356
56580,50.164999999999999,0.049860000000000002,50.013258064516137,0.049988709677419356
56640,50.164999999999999,0.049860000000000002,50.013258064516137,0.049988709677419356
56700,50.164999999999999,0.049860000000000002,50.013258064516137,0.049988709677419356
56760,50.164999999999999,0.049860000000000002,50.013258064516137,0.049988709677419356
56820,50.164999999999999,0.049860000000000002,50.013258064516137,0.049988709677419356
56880,50.164999999999999,0.049860000000000002,50.013258064516137,0.049988709677419356
56940,50.164999999999999,0.049860000000000002,50.013258064516137,0.049988709677419356
57000,50.164999999999999,0.049860000000000002,50.013258064516137,0.049988709677419356
57060,50.164999999999999,0.049860000000000002,50.013258064516137,0.049988709677419356
57120,50.164999999999999,0.049860000000000002,50.013258064516137,0.049988709677419356
57180,50.164999999999999,0.049860000000000002,50.013258064516137,0.049988709677419356
57240,50.164999999999999,0.049860000000000002,50.013258064516137,0.049988709677419356
57300,50.164999999999999,0.049860000000000002,50.013258064516137,0.049988709677419356
57360,50.164999999999999,0.049860000000000002,50.013258064516137,0.049988709677419356
57420,50.164999999999999,0.049860000000000002,50.013258064516137,0.049988709677419356
57480,50.164999999999999,0.049860000000000002,50.013258064516137,0.049988709677419356
57540,50.164999999999999,0.049860000000000002,50.013258064516137,0.049988709677419356
57600,50.164999999999999,0.049860000000000002,50.013258064516137,0.049988709677419356
57660,50.164999999999999,0.049860000000000002,50.013258064516137,0.049988709677419356
57720,50.164999999999999,0.049860000000000002,50.013258064516137,0.049988709677419356
57780,50.164999999999999,0.049860000000000002,50.013258064516137,0.049988709677419356
57840,50.164999999999999,0.049860000000000002,50.013258064516137,0.049988709677419356
57900,50.164999999999999,0.049860000000000002,50.013258064516137,0.049988709677419356
57960,50.164999999999999,0.049860000000000002,50.013258064516137,0.049988709677419356
58020,50.164999999999999,0.049860000000000002,50.013258064516137,0.049988709677419356
58080,50.164999999999999,0.049860000000000002,50.013258064516137,0.049988709677419356
58140,50.164999999999999,0.049860000000000002,50.013258064516137,0.049988709677419356
58200,50.164999999999999,0.049860000000000002,50.013258064516137,0.049988709677419356
58260,50.164999999999999,0.049860000000000002,50.013258064516137,0.049988709677419356
58320,50.164999999999999,0.049860000000000002,50.013258064516137,0.049988709677419356
58380,50.164999999999999,0.049860000000000002,50.013258064516137,0.049988709677419356
58440,50.164999999999999,0.049860000000000002,50.013258064516137,0.049988709677419356
58500,50.164999999999999,0.049860000000000002,50.013258064516137,0.049988709677419356
58560,50.164999999999999,0.049860000000000002,50.013258064516137,0.049988709677419356
58620,50.164999999999999,0.049860000000000002,50.013258064516137,0.049988709677419356
58680,50.164999999999999,0.049860000000000002,50.013258064516137,0.049988709677419356
58740,50.164999999999999,0.049860000000000002,50.013258064516137,0.049988709677419356
58800,50.164999999999999,0.049860000000000002,50.013258064516137,0.049988709677419356
58860,50.164999999999999,0.049860000000000002,50.013258064516137,0.049988709677419356
58920,50.164999999999999,0.049860000000000002,50.013258064516137,0.049988709677419356
58980,50.164999999999999,0.049860000000000002,50.013258064516137,0.049988709677419356
59040,50.164999999999999,0.049860000000000002,50.013258064516137,0.049988709677419356
59100,50.164999999999999,0.049860000000000002,50.013258064516137,0.049988709677419356
59160,50.164999999999999,0.049860000000000002,50.013258064516137,0.049988709677419356
59220,50.164999999999999,0.049860000000000002,50.013258064516137,0.049988709677419356
59280,50.164999999999999,0.049860000000000002,50.013258064516137,0.049988709677419356
59340,50.164999999999999,0.049860000000000002,50.013258064516137,0.049988709677419356
59400,50.164999999999999,0.049860000000000002,50.013258064516137,0.049988709677419356
59460,50.164999999999999,0.049860000000000002,50.013258064516137,0.049988709677419356
59520,50.164999999999999,0.049860000000000002,50.013258064516137,0.049988709677419356
59580,50.164999999999999,0.049860000000000002,50.013258064516137,0.049988709677419356
59640,50.164999999999999,0.049860000000000002,50.013258064516137,0.049988709677419356
59700,50.164999999999999,0.049860000000000002,50.013258064516137,0.049988709677419356
59760,50.164999999999999,0.049860000000000002,50.013258064516137,0.049988709677419356
59820,50.164999999999999,0.049860000000000002,50.013258064516137,0.049988709677419356
59880,50.164999999999999,0.049860000000000002,50.013258064516137,0.049988709677419356
59940,50.164999999999999,0.049860000000000002,50.013258064516137,0.049988709677419356
60000,50.164999999999999,0.049860000000000002,50.013258064516137,0.049988709677419356
60060,50.164999999999999,0.049860000000000002,50.013258064516137,0.049988709677419356
60120,50.164999999999999,0.049860000000000002,50.013258064516137,0.049988709677419356
60180,50.164999999999999,0.049860000000000002,50.013258064516137,0.049988709677419356
60240,50.164999999999999,0.049860000000000002,50.013258064516137,0.049988709677419356
60300,50.164999999999999,0.049860000000000002,50.013258064516137,0.049988709677419356
60360,50.164999999999999,0.049860000000000002,50.013258064516137,0.049988709677419356
60420,50.164999999999999,0.049860000000000002,50.013258064516137,0.049988709677419356
60480,50.164999999999999,0.049860000000000002,50.013258064516137,0.049988709677419356
60540,50.164999999999999,0.049860000000000002,50.013258064516137,0.049988709677419356
60600,50.164999999999999,0.049860000000000002,50.013258064516137,0.049988709677419356
60660,50.164999999999999,0.049860000000000002,50.013258064516137,0.049988709677419356
60720,50.164999999999999,0.049860000000000002,50.013258064516137,0.049988709677419356
60780,50.164999999999999,0.049860000000000002,50.013258064516137,0.049988709677419356
60840,50.164999999999999,0.049860000000000002,50.013258064516137,0.049988709677419356
60900,50.164999999999999,0.049860000000000002,50.013258064516137,0.049988709677419356
60960,50.164999999999999,0.049860000000000002,50.013258064516137,0.049988709677419356
61020,50.164999999999999,0.049860000000000002,50.013258064516137,0.049988709677419356
61080,50.164999999999999,0.049860000000000002,50.013258064516137,0.049988709677419356
61140,50.164999999999999,0.049860000000000002,50.013258064516137,0.049988709677419356
61200,50.164999999999999,0.049860000000000002,50.013258064516137,0.049988709677419356
61260,50.164999999999999,0.049860000000000002,50.013258064516137,0.049988709677419356
61320,50.164999999999999,0.049860000000000002,50.013258064516137,0.049988709677419356
61380,50.164999999999999,0.049860000000000002,50.013258064516137,0.049988709677419356
61440,50.164999999999999,0.049860000000000002,50.013258064516137,0.049988709677419356
61500,50.164999999999999,0.049860000000000002,50.013258064516137,0.049988709677419356
61560,50.164999999999999,0.049860000000000002,50.013258064516137,0.049988709677419356
61620,50.164999999999999,0.049860000000000002,50.013258064516137,0.049988709677419356
61680,50.164999999999999,0.049860000000000002,50.013258064516137,0.049988709677419356
61740,50.164999999999999,0.049860000000000002,50.013258064516137,0.049988709677419356
61800,50.164999999999999,0.049860000000000002,50.013258064516137,0.049988709677419356
61860,50.164999999999999,0.049860000000000002,50.013258064516137,0.049988709677419356
61920,50.164999999999999,0.049860000000000002,50.013258064516137,0.049988709677419356
61980,50.164999999999999,0.049860000000000002,50.013258064516137,0.049988709677419356
62040,50.164999999999999,0.049860000000000002,50.013258064516137,0.049988709677419356
62100,50.164999999999999,0.049860000000000002,50.013258064516137,0.049988709677419356
62160,50.164999999999999,0.049860000000000002,50.013258064516137,0.049988709677419356
62220,50.164999999999999,0.049860000000000002,50.013258064516137,0.049988709677419356
62280,50.164999999999999,0.049860000000000002,50.013258064516137,0.049988709677419356
62340,50.164999999999999,0.049860000000000002,50.013258064516137,0.049988709677419356
62400,50.164999999999999,0.049860000000000002,50.013258064516137,0.049988709677419356
62460,50.164999999999999,0.049860000000000002,50.013258064516137,0.049988709677419356
62520,50.164999999999999,0.049860000000000002,50.013258064516137,0.049988709677419356
62580,50.164999999999999,0.049860000000000002,50.013258064516137,0.049988709677419356
62640,50.164999999999999,0.049860000000000002,50.013258064516137,0.049988709677419356
62700,50.164999999999999,0.049860000000000002,50.013258064516137,0.049988709677419356
62760,50.164999999999999,0.049860000000000002,50.013258064516137,0.049988709677419356
62820,50.164999999999999,0.049860000000000002,50.013258064516137,0.049988709677419356
62880,50.164999999999999,0.049860000000000002,50.013258064516137,0.049988709677419356
62940,50.164999999999999,0.049860000000000002,50.013258064516137,0.049988709677419356
63000,50.164999999999999,0.049860000000000002,50.013258064516137,0.049988709677419356
63060,50.164999999999999,0.049860000000000002,50.013258064516137,0.049988709677419356
63120,50.164999999999999,0.049860000000000002,50.013258064516137,0.049988709677419356
63180,50.164999999999999,0.049860000000000002,50.013258064516137,0.049988709677419356
63240,50.164999999999999,0.049860000000000002,50.013258064516137,0.049988709677419356
63300,50.164999999999999,0.049860000000000002,50.013258064516137,0.049988709677419356
63360,50.164999999999999,0.049860000000000002,50.013258064516137,0.049988709677419356
63420,50.164999999999999,0.049860000000000002,50.013258064516137,0.049988709677419356
63480,50.164999999999999,0.049860000000000002,50.013258064516137,0.049988709677419356
63540,50.164999999999999,0.049860000000000002,50.013258064516137,0.049988709677419356
63600,50.164999999999999,0.049860000000000002,50.013258064516137,0.049988709677419356
63660,50.164999999999999,0.049860000000000002,50.013258064516137,0.049988709677419356
63720,50.164999999999999,0.049860000000000002,50.013258064516137,0.049988709677419356
63780,50.164999999999999,0.049860000000000002,50.013258064516137,0.049988709677419356
63840,50.164999999999999,0.049860000000000002,50.013258064516137,0.049988709677419356
63900,50.164999999999999,0.049860000000000002,50.013258064516137,0.049988709677419356
63960,50.164999999999999,0.049860000000000002,50.013258064516137,0.049988709677419356
64020,50.164999999999999,0.049860000000000002,50.013258064516137,0.049988709677419356
64080,50.164999999999999,0.049860000000000002,50.013258064516137,0.049988709677419356
64140,50.164999999999999,0.049860000000000002,50.013258064516137,0.049988709677419356
64200,50.164999999999999,0.049860000000000002,50.013258064516137,0.049988709677419356
64260,50.164999999999999,0.049860000000000002,50.013258064516137,0.049988709677419356
64320,50.164999999999999,0.049860000000000002,50.013258064516137,0.049988709677419356
64380,50.164999999999999,0.049860000000000002,50.013258064516137,0.049988709677419356
64440,50.164999999999999,0.049860000000000002,50.013258064516137,0.049988709677419356
64500,50.164999999999999,0.049860000000000002,50.013258064516137,0.049988709677419356
64560,50.164999999999999,0.049860000000000002,50.013258064516137,0.049988709677419356
64620,50.164999999999999,0.049860000000000002,50.013258064516137,0.049988709677419356
64680,50.164999999999999,0.049860000000000002,50.013258064516137,0.049988709677419356
64740,50.164999999999999,0.049860000000000002,50.013258064516137,0.049988709677419356
64800,50.164999999999999,0.049860000000000002,50.013258064516137,0.049988709677419356
64860,50.164999999999999,0.049860000000000002,50.013258064516137,0.049988709677419356
64920,50.164999999999999,0.049860000000000002,50.013258064516137,0.049988709677419356
64980,50.164999999999999,0.049860000000000002,50.013258064516137,0.049988709677419356
65040,50.164999999999999,0.049860000000000002,50.013258064516137,0.049988709677419356
65100,50.164999999999999,0.049860000000000002,50.013258064516137,0.049988709677419356
65160,50.164999999999999,0.049860000000000002,50.013258064516137,0.049988709677419356
65220,50.164999999999999,0.049860000000000002,50.013258064516137,0.049988709677419356
65280,50.164999999999999,0.049860000000000002,50.013258064516137,0.049988709677419356
65340,50.164999999999999,0.049860000000000002,50.013258064516137,0.049988709677419356
65400,50.164999999999999,0.049860000000000002,50.013258064516137,0.049988709677419356
65460,50.164999999999999,0.049860000000000002,50.013258064516137,0.049988709677419356
65520,50.164999999999999,0.049860000000000002,50.013258064516137,0.049988709677419356
65580,50.164999999999999,0.049860000000000002,50.013258064516137,0.049988709677419356
65640,50.164999999999999,0.049860000000000002,50.013258064516137,0.049988709677419356
65700,50.164999999999999,0.049860000000000002,50.013258064516137,0.049988709677419356
65760,50.164999999999999,0.049860000000000002,50.013258064516137,0.049988709677419356
65820,50.164999999999999,0.049860000000000002,50.013258064516137,0.049988709677419356
65880,50.164999999999999,0.049860000000000002,50.013258064516137,0.049988709677419356
65940,50.164999999999999,0.049860000000000002,50.013258064516137,0.049988709677419356
66000,50.164999999999999,0.049860000000000002,50.013258064516137,0.049988709677419356
66060,50.164999999999999,0.049860000000000002,50.013258064516137,0.049988709677419356
66120,50.164999999999999,0.049860000000000002,50.013258064516137,0.049988709677419356
66180,50.164999999999999,0.049860000000000002,50.013258064516137,0.049988709677419356
66240,50.164999999999999,0.049860000000000002,50.013258064516137,0.049988709677419356
66300,50.164999999999999,0.049860000000000002,50.013258064516137,0.049988709677419356
66360,50.164999999999999,0.049860000000000002,50.013258064516137,0.049988709677419356
66420,50.164999999999999,0.049860000000000002,50.013258064516137,0.049988709677419356
66480,50.164999999999999,0.049860000000000002,50.013258064516137,0.049988709677419356
66540,50.164999999999999,0.049860000000000002,50.013258064516137,0.049988709677419356
66600,50.164999999999999,0.049860000000000002,50.013258064516137,0.049988709677419356
66660,50.164999999999999,0.049860000000000002,50.013258064516137,0.049988709677419356
66720,50.164999999999999,0.049860000000000002,50.013258064516137,0.049988709677419356
66780,50.164999999999999,0.049860000000000002,50.013258064516137,0.049988709677419356
66840,50.164999999999999,0.049860000000000002,50.013258064516137,0.049988709677419356
66900,50.164999999999999,0.049860000000000002,50.013258064516137,0.049988709677419356
66960,50.164999999999999,0.049860000000000002,50.013258064516137,0.049988709677419356
67020,50.164999999999999,0.049860000000000002,50.013258064516137,0.049988709677419356
67080,50.164999999999999,0.049860000000000002,50.013258064516137,0.049988709677419356
67140,50.164999999999999,0.049860000000000002,50.013258064516137,0.049988709677419356
67200,50.164999999999999,0.049860000000000002,50.013258064516137,0.049988709677419356
67260,50.164999999999999,0.049860000000000002,50.013258064516137,0.049988709677419356
67320,50.164999999999999,0.049860000000000002,50.013258064516137,0.049988709677419356
67380,50.164999999999999,0.049860000000000002,50.013258064516137,0.049988709677419356
67440,50.164999999999999,0.049860000000000002,50.013258064516137,0.049988709677419356
67500,50.164999999999999,0.049860000000000002,50.013258064516137,0.049988709677419356
67560,50.164999999999999,0.049860000000000002,50.013258064516137,0.049988709677419356
67620,50.164999999999999,0.049860000000000002,50.013258064516137,0.049988709677419356
67680,50.164999999999999,0.049860000000000002,50.013258064516137,0.049988709677419356
67740,50.164999999999999,0.049860000000000002,50.013258064516137,0.049988709677419356
67800,50.164999999999999,0.049860000000000002,50.013258064516137,0.049988709677419356
67860,50.164999999999999,0.049860000000000002,50.013258064516137,0.049988709677419356
67920,50.164999999999999,0.049860000000000002,50.013258064516137,0.049988709677419356
67980,50.164999999999999,0.049860000000000002,50.013258064516137,0.049988709677419356
68040,50.164999999999999,0.049860000000000002,50.013258064516137,0.049988709677419356
68100,50.164999999999999,0.049860000000000002,50.013258064516137,0.049988709677419356
68160,50.164999999999999,0.049860000000000002,50.013258064516137,0.049988709677419356
68220,50.164999999999999,0.049860000000000002,50.013258064516137,0.049988709677419356
68280,50.164999999999999,0.049860000000000002,50.013258064516137,0.049988709677419356
68340,50.164999999999999,0.049860000000000002,50.013258064516137,0.049988709677419356
68400,50.164999999999999,0.049860000000000002,50.013258064516137,0.049988709677419356
68460,50.164999999999999,0.049860000000000002,50.013258064516137,0.049988709677419356
68520,50.164999999999999,0.049860000000000002,50.013258064516137,0.049988709677419356
68580,50.164999999999999,0.049860000000000002,50.013258064516137,0.049988709677419356
68640,50.164999999999999,0.049860000000000002,50.013258064516137,0.049988709677419356
68700,50.164999999999999,0.049860000000000002,50.013258064516137,0.049988709677419356
68760,50.164999999999999,0.049860000000000002,50.013258064516137,0.049988709677419356
68820,50.164999999999999,0.049860000000000002,50.013258064516137,0.049988709677419356
68880,50.164999999999999,0.049860000000000002,50.013258064516137,0.049988709677419356
68940,50.164999999999999,0.049860000000000002,50.013258064516137,0.049988709677419356
69000,50.164999999999999,0.049860000000000002,50.013258064516137,0.049988709677419356
69060,50.164999999999999,0.049860000000000002,50.013258064516137,0.049988709677419356
69120,50.164999999999999,0.049860000000000002,50.013258064516137,0.049988709677419356
69180,50.164999999999999,0.049860000000000002,50.013258064516137,0.049988709677419356
69240,50.164999999999999,0.049860000000000002,50.013258064516137,0.049988709677419356
69300,50.164999999999999,0.049860000000000002,50.013258064516137,0.049988709677419356
69360,50.164999999999999,0.049860000000000002,50.013258064516137,0.049988709677419356
69420,50.164999999999999,0.049860000000000002,50.013258064516137,0.049988709677419356
69480,50.164999999999999,0.049860000000000002,50.013258064516137,0.049988709677419356
69540,50.164999999999999,0.049860000000000002,50.013258064516137,0.049988709677419356
69600,50.164999999999999,0.049860000000000002,50.013258064516137,0.049988709677419356
69660,50.164999999999999,0.049860000000000002,50.013258064516137,0.049988709677419356
69720,50.164999999999999,0.049860000000000002,50.013258064516137,0.049988709677419356
69780,50.164999999999999,0.049860000000000002,50.013258064516137,0.049988709677419356
69840,50.164999999999999,0.049860000000000002,50.013258064516137,0.049988709677419356
69900,50.164999999999999,0.049860000000000002,50.013258064516137,0.049988709677419356
69960,50.164999999999999,0.049860000000000002,50.013258064516137,0.049988709677419356
70020,50.164999999999999,0.049860000000000002,50.013258064516137,0.049988709677419356
70080,50.164999999999999,0.049860000000000002,50.013258064516137,0.049988709677419356
70140,50.164999999999999,0.049860000000000002,50.013258064516137,0.049988709677419356
70200,50.164999999999999,0.049860000000000002,50.013258064516137,0.049988709677419356
70260,50.164999999999999,0.049860000000000002,50.013258064516137,0.049988709677419356
70320,50.164999999999999,0.049860000000000002,50.013258064516137,0.049988709677419356
70380,50.164999999999999,0.049860000000000002,50.013258064516137,0.049988709677419356
70440,50.164999999999999,0.049860000000000002,50.013258064516137,0.049988709677419356
70500,50.164999999999999,0.049860000000000002,50.013258064516137,0.049988709677419356
70560,50.164999999999999,0.049860000000000002,50.013258064516137,0.049988709677419356
70620,50.164999999999999,0.049860000000000002,50.013258064516137,0.049988709677419356
70680,50.164999999999999,0.049860000000000002,50.013258064516137,0.049988709677419356
70740,50.164999999999999,0.049860000000000002,50.013258064516137,0.049988709677419356
70800,50.164999999999999,0.049860000000000002,50.013258064516137,0.049988709677419356
70860,50.164999999999999,0.049860000000000002,50.013258064516137,0.049988709677419356
70920,50.164999999999999,0.049860000000000002,50.013258064516137,0.049988709677419356
70980,50.164999999999999,0.049860000000000002,50.013258064516137,0.049988709677419356
71040,50.164999999999999,0.049860000000000002,50.013258064516137,0.049988709677419356
71100,50.164999999999999,0.049860000000000002,50.013258064516137,0.049988709677419356
71160,50.164999999999999,0.049860000000000002,50.013258064516137,0.049988709677419356
71220,50.164999999999999,0.049860000000000002,50.013258064516137,0.049988709677419356
71280,50.164999999999999,0.049860000000000002,50.013258064516137,0.049988709677419356
71340,50.164999999999999,0.049860000000000002,50.013258064516137,0.049988709677419356
71400,50.164999999999999,0.049860000000000002,50.013258064516137,0.049988709677419356
71460,50.164999999999999,0.049860000000000002,50.013258064516137,0.049988709677419356
71520,50.164999999999999,0.049860000000000002,50.013258064516137,0.049988709677419356
71580,50.164999999999999,0.049860000000000002,50.013258064516137,0.049988709677419356
71640,50.164999999999999,0.049860000000000002,50.013258064516137,0.049988709677419356
71700,50.164999999999999,0.049860000000000002,50.013258064516137,0.049988709677419356
71760,50.164999999999999,0.049860000000000002,50.013258064516137,0.049988709677419356
71820,50.164999999999999,0.049860000000000002,50.013258064516137,0.049988709677419356
71880,50.164999999999999,0.049860000000000002,50.013258064516137,0.049988709677419356
71940,50.164999999999999,0.049860000000000002,50.013258064516137,0.049988709677419356
72000,50.164999999999999,0.049860000000000002,50.013258064516137,0.049988709677419356
72060,50.164999999999999,0.049860000000000002,50.013258064516137,0.049988709677419356
72120,50.164999999999999,0.049860000000000002,50.013258064516137,0.049988709677419356
72180,50.164999999999999,0.049860000000000002,50.013258064516137,0.049988709677419356
72240,50.164999999999999,0.049860000000000002,50.013258064516137,0.049988709677419356
72300,50.164999999999999,0.049860000000000002,50.013258064516137,0.049988709677419356
72360,50.164999999999999,0.049860000000000002,50.013258064516137,0.049988709677419356
72420,50.164999999999999,0.049860000000000002,50.013258064516137,0.049988709677419356
72480,50.164999999999999,0.049860000000000002,50.013258064516137,0.049988709677419356
72540,50.164999999999999,0.049860000000000002,50.013258064516137,0.049988709677419356
72600,50.164999999999999,0.049860000000000002,50.013258064516137,0.049988709677419356
72660,50.164999999999999,0.049860000000000002,50.013258064516137,0.049988709677419356
72720,50.164999999999999,0.049860000000000002,50.013258064516137,0.049988709677419356
72780,50.164999999999999,0.049860000000000002,50.013258064516137,0.049988709677419356
72840,50.164999999999999,0.049860000000000002,50.013258064516137,0.049988709677419356
72900,50.164999999999999,0.049860000000000002,50.013258064516137,0.049988709677419356
72960,50.164999999999999,0.049860000000000002,50.013258064516137,0.049988709677419356
73020,50.164999999999999,0.049860000000000002,50.013258064516137,0.049988709677419356
73080,50.164999999999999,0.049860000000000002,50.013258064516137,0.049988709677419356
73140,50.164999999999999,0.049860000000000002,50.013258064516137,0.049988709677419356
73200,50.164999999999999,0.049860000000000002,50.013258064516137,0.049988709677419356
73260,50.164999999999999,0.049860000000000002,50.013258064516137,0.049988709677419356
73320,50.164999999999999,0.049860000000000002,50.013258064516137,0.049988709677419356
73380,50.164999999999999,0.049860000000000002,50.013258064516137,0.049988709677419356
73440,50.164999999999999,0.049860000000000002,50.013258064516137,0.049988709677419356
73500,50.164999999999999,0.049860000000000002,50.013258064516137,0.049988709677419356
73560,50.164999999999999,0.049860000000000002,50.013258064516137,0.049988709677419356
73620,50.164999999999999,0.049860000000000002,50.013258064516137,0.049988709677419356
73680,50.164999999999999,0.049860000000000002,50.013258064516137,0.049988709677419356
73740,50.164999999999999,0.049860000000000002,50.013258064516137,0.049988709677419356
73800,50.164999999999999,0.049860000000000002,50.013258064516137,0.049988709677419356
73860,50.164999999999999,0.049860000000000002,50.013258064516137,0.049988709677419356
73920,50.164999999999999,0.049860000000000002,50.013258064516137,0.049988709677419356
73980,50.164999999999999,0.049860000000000002,50.013258064516137,0.049988709677419356
74040,50.164999999999999,0.049860000000000002,50.013258064516137,0.049988709677419356
74100,50.164999999999999,0.049860000000000002,50.013258064516137,0.049988709677419356
74160,50.164999999999999,0.049860000000000002,50.013258064516137,0.049988709677419356
74220,50.164999999999999,0.049860000000000002,50.013258064516137,0.049988709677419356
74280,50.164999999999999,0.049860000000000002,50.013258064516137,0.049988709677419356
74340,50.164999999999999,0.049860000000000002,50.013258064516137,0.049988709677419356
74400,50.164999999999999,0.049860000000000002,50.013258064516137,0.049988709677419356
74460,50.164999999999999,0.049860000000000002,50.013258064516137,0.049988709677419356
74520,50.164999999999999,0.049860000000000002,50.013258064516137,0.049988709677419356
74580,50.164999999999999,0.049860000000000002,50.013258064516137,0.049988709677419356
74640,50.164999999999999,0.049860000000000002,50.013258064516137,0.049988709677419356
74700,50.164999999999999,0.049860000000000002,50.013258064516137,0.049988709677419356
74760,50.164999999999999,0.049860000000000002,50.013258064516137,0.049988709677419356
74820,50.164999999999999,0.049860000000000002,50.013258064516137,0.049988709677419356
74880,50.164999999999999,0.049860000000000002,50.013258064516137,0.049988709677419356
74940,50.164999999999999,0.049860000000000002,50.013258064516137,0.049988709677419356
75000,50.164999999999999,0.049860000000000002,50.013258064516137,0.049988709677419356
75060,50.164999999999999,0.049860000000000002,50.013258064516137,0.049988709677419356
75120,50.164999999999999,0.049860000000000002,50.013258064516137,0.049988709677419356
75180,50.164999999999999,0.049860000000000002,50.013258064516137,0.049988709677419356
75240,50.164999999999999,0.049860000000000002,50.013258064516137,0.049988709677419356
75300,50.164999999999999,0.049860000000000002,50.013258064516137,0.049988709677419356
75360,50.164999999999999,0.049860000000000002,50.013258064516137,0.049988709677419356
75420,50.164999999999999,0.049860000000000002,50.013258064516137,0.049988709677419356
75480,50.164999999999999,0.049860000000000002,50.013258064516137,0.049988709677419356
75540,50.164999999999999,0.049860000000000002,50.013258064516137,0.049988709677419356
75600,50.164999999999999,0.049860000000000002,50.013258064516137,0.049988709677419356
75660,50.164999999999999,0.049860000000000002,50.013258064516137,0.049988709677419356
75720,50.164999999999999,0.049860000000000002,50.013258064516137,0.049988709677419356
75780,50.164999999999999,0.049860000000000002,50.013258064516137,0.049988709677419356
75840,50.164999999999999,0.049860000000000002,50.013258064516137,0.049988709677419356
75900,50.164999999999999,0.049860000000000002,50.013258064516137,0.049988709677419356
75960,50.164999999999999,0.049860000000000002,50.013258064516137,0.049988709677419356
76020,50.164999999999999,0.049860000000000002,50.013258064516137,0.049988709677419356
76080,50.164999999999999,0.049860000000000002,50.013258064516137,0.049988709677419356
76140,50.164999999999999,0.049860000000000002,50.013258064516137,0.049988709677419356
76200,50.164999999999999,0.049860000000000002,50.013258064516137,0.049988709677419356
76260,50.164999999999999,0.049860000000000002,50.013258064516137,0.049988709677419356
76320,50.164999999999999,0.049860000000000002,50.013258064516137,0.049988709677419356
76380,50.164999999999999,0.049860000000000002,50.013258064516137,0.049988709677419356
76440,50.164999999999999,0.049860000000000002,50.013258064516137,0.049988709677419356
76500,50.164999999999999,0.049860000000000002,50.013258064516137,0.049988709677419356
76560,50.164999999999999,0.049860000000000002,50.013258064516137,0.049988709677419356
76620,50.164999999999999,0.049860000000000002,50.013258064516137,0.049988709677419356
76680,50.164999999999999,0.049860000000000002,50.013258064516137,0.049988709677419356
76740,50.164999999999999,0.049860000000000002,50.013258064516137,0.049988709677419356
76800,50.164999999999999,0.049860000000000002,50.013258064516137,0.049988709677419356
76860,50.164999999999999,0.049860000000000002,50.013258064516137,0.049988709677419356
76920,50.164999999999999,0.049860000000000002,50.013258064516137,0.049988709677419356
76980,50.164999999999999,0.049860000000000002,50.013258064516137,0.049988709677419356
77040,50.164999999999999,0.049860000000000002,50.013258064516137,0.049988709677419356
77100,50.164999999999999,0.049860000000000002,50.013258064516137,0.049988709677419356
77160,50.164999999999999,0.049860000000000002,50.013258064516137,0.049988709677419356
77220,50.164999999999999,0.049860000000000002,50.013258064516137,0.049988709677419356
77280,50.164999999999999,0.049860000000000002,50.013258064516137,0.049988709677419356
77340,50.164999999999999,0.049860000000000002,50.013258064516137,0.049988709677419356
77400,50.164999999999999,0.049860000000000002,50.013258064516137,0.049988709677419356
77460,50.164999999999999,0.049860000000000002,50.013258064516137,0.049988709677419356
77520,50.164999999999999,0.049860000000000002,50.013258064516137,0.049988709677419356
77580,50.164999999999999,0.049860000000000002,50.013258064516137,0.049988709677419356
77640,50.164999999999999,0.049860000000000002,50.013258064516137,0.049988709677419356
77700,50.164999999999999,0.049860000000000002,50.013258064516137,0.049988709677419356
77760,50.164999999999999,0.049860000000000002,50.013258064516137,0.049988709677419356
77820,50.164999999999999,0.049860000000000002,50.013258064516137,0.049988709677419356
77880,50.164999999999999,0.049860000000000002,50.013258064516137,0.049988709677419356
77940,50.164999999999999,0.049860000000000002,50.013258064516137,0.049988709677419356
78000,50.164999999999999,0.049860000000000002,50.013258064516137,0.049988709677419356
78060,50.164999999999999,0.049860000000000002,50.013258064516137,0.049988709677419356
78120,50.164999999999999,0.049860000000000002,50.013258064516137,0.049988709677419356
78180,50.164999999999999,0.049860000000000002,50.013258064516137,0.049988709677419356
78240,50.164999999999999,0.049860000000000002,50.013258064516137,0.049988709677419356
78300,50.164999999999999,0.049860000000000002,50.013258064516137,0.049988709677419356
78360,50.164999999999999,0.049860000000000002,50.013258064516137,0.049988709677419356
78420,50.164999999999999,0.049860000000000002,50.013258064516137,0.049988709677419356
78480,50.164999999999999,0.049860000000000002,50.013258064516137,0.049988709677419356
78540,50.164999999999999,0.049860000000000002,50.013258064516137,0.049988709677419356
78600,50.164999999999999,0.049860000000000002,50.013258064516137,0.049988709677419356
78660,50.164999999999999,0.049860000000000002,50.013258064516137,0.049988709677419356
78720,50.164999999999999,0.049860000000000002,50.013258064516137,0.049988709677419356
78780,50.164999999999999,0.049860000000000002,50.013258064516137,0.049988709677419356
78840,50.164999999999999,0.049860000000000002,50.013258064516137,0.049988709677419356
78900,50.164999999999999,0.049860000000000002,50.013258064516137,0.049988709677419356
78960,50.164999999999999,0.049860000000000002,50.013258064516137,0.049988709677419356
79020,50.164999999999999,0.049860000000000002,50.013258064516137,0.049988709677419356
79080,50.164999999999999,0.049860000000000002,50.013258064516137,0.049988709677419356
79140,50.164999999999999,0.049860000000000002,50.013258064516137,0.049988709677419356
79200,50.164999999999999,0.049860000000000002,50.013258064516137,0.049988709677419356
79260,50.164999999999999,0.049860000000000002,50.013258064516137,0.049988709677419356
79320,50.164999999999999,0.049860000000000002,50.013258064516137,0.049988709677419356
79380,50.164999999999999,0.049860000000000002,50.013258064516137,0.049988709677419356
79440,50.164999999999999,0.049860000000000002,50.013258064516137,0.049988709677419356
79500,50.164999999999999,0.049860000000000002,50.013258064516137,0.049988709677419356
79560,50.164999999999999,0.049860000000000002,50.013258064516137,0.049988709677419356
79620,50.164999999999999,0.049860000000000002,50.013258064516137,0.049988709677419356
79680,50.164999999999999,0.049860000000000002,50.013258064516137,0.049988709677419356
79740,50.164999999999999,0.049860000000000002,50.013258064516137,0.049988709677419356
79800,50.164999999999999,0.049860000000000002,50.013258064516137,0.049988709677419356
79860,50.164999999999999,0.049860000000000002,50.013258064516137,0.049988709677419356
79920,50.164999999999999,0.049860000000000002,50.013258064516137,0.049988709677419356
79980,50.164999999999999,0.049860000000000002,50.013258064516137,0.049988709677419356
80040,50.164999999999999,0.049860000000000002,50.013258064516137,0.049988709677419356
80100,50.164999999999999,0.049860000000000002,50.013258064516137,0.049988709677419356
80160,50.164999999999999,0.049860000000000002,50.013258064516137,0.049988709677419356
80220,50.164999999999999,0.049860000000000002,50.013258064516137,0.049988709677419356
80280,50.164999999999999,0.049860000000000002,50.013258064516137,0.049988709677419356
80340,50.164999999999999,0.049860000000000002,50.013258064516137,0.049988709677419356
80400,50.164999999999999,0.049860000000000002,50.013258064516137,0.049988709677419356
80460,50.164999999999999,0.049860000000000002,50.013258064516137,0.049988709677419356
80520,50.164999999999999,0.049860000000000002,50.013258064516137,0.049988709677419356
80580,50.164999999999999,0.049860000000000002,50.013258064516137,0.049988709677419356
80640,50.164999999999999,0.049860000000000002,50.013258064516137,0.049988709677419356
80700,50.164999999999999,0.049860000000000002,50.013258064516137,0.049988709677419356
80760,50.164999999999999,0.049860000000000002,50.013258064516137,0.049988709677419356
80820,50.164999999999999,0.049860000000000002,50.013258064516137,0.049988709677419356
80880,50.164999999999999,0.049860000000000002,50.013258064516137,0.049988709677419356
80940,50.164999999999999,0.049860000000000002,50.013258064516137,0.049988709677419356
81000,50.164999999999999,0.049860000000000002,50.013258064516137,0.049988709677419356
81060,50.164999999999999,0.049860000000000002,50.013258064516137,0.049988709677419356
81120,50.164999999999999,0.049860000000000002,50.013258064516137,0.049988709677419356
81180,50.164999999999999,0.049860000000000002,50.013258064516137,0.049988709677419356
81240,50.164999999999999,0.049860000000000002,50.013258064516137,0.049988709677419356
81300,50.164999999999999,0.049860000000000002,50.013258064516137,0.049988709677419356
81360,50.164999999999999,0.049860000000000002,50.013258064516137,0.049988709677419356
81420,50.164999999999999,0.049860000000000002,50.013258064516137,0.049988709677419356
81480,50.164999999999999,0.049860000000000002,50.013258064516137,0.049988709677419356
81540,50.164999999999999,0.049860000000000002,50.013258064516137,0.049988709677419356
81600,50.164999999999999,0.049860000000000002,50.013258064516137,0.049988709677419356
81660,50.164999999999999,0.049860000000000002,50.013258064516137,0.049988709677419356
81720,50.164999999999999,0.049860000000000002,50.013258064516137,0.049988709677419356
81780,50.164999999999999,0.049860000000000002,50.013258064516137,0.049988709677419356
81840,50.164999999999999,0.049860000000000002,50.013258064516137,0.049988709677419356
81900,50.164999999999999,0.049860000000000002,50.013258064516137,0.049988709677419356
81960,50.164999999999999,0.049860000000000002,50.013258064516137,0.049988709677419356
82020,50.164999999999999,0.049860000000000002,50.013258064516137,0.049988709677419356
82080,50.164999999999999,0.049860000000000002,50.013258064516137,0.049988709677419356
82140,50.164999999999999,0.049860000000000002,50.013258064516137,0.049988709677419356
82200,50.164999999999999,0.049860000000000002,50.013258064516137,0.049988709677419356
82260,50.164999999999999,0.049860000000000002,50.013258064516137,0.049988709677419356
82320,50.164999999999999,0.049860000000000002,50.013258064516137,0.049988709677419356
82380,50.164999999999999,0.049860000000000002,50.013258064516137,0.049988709677419356
82440,50.164999999999999,0.049860000000000002,50.013258064516137,0.049988709677419356
82500,50.164999999999999,0.049860000000000002,50.013258064516137,0.049988709677419356
82560,50.164999999999999,0.049860000000000002,50.013258064516137,0.049988709677419356
82620,50.164999999999999,0.049860000000000002,50.013258064516137,0.049988709677419356
82680,50.164999999999999,0.049860000000000002,50.013258064516137,0.049988709677419356
82740,50.164999999999999,0.049860000000000002,50.013258064516137,0.049988709677419356
82800,50.164999999999999,0.049860000000000002,50.013258064516137,0.049988709677419356
82860,50.164999999999999,0.049860000000000002,50.013258064516137,0.049988709677419356
82920,50.164999999999999,0.049860000000000002,50.013258064516137,0.049988709677419356
82980,50.164999999999999,0.049860000000000002,50.013258064516137,0.049988709677419356
83040,50.164999999999999,0.049860000000000002,50.013258064516137,0.049988709677419356
83100,50.164999999999999,0.049860000000000002,50.013258064516137,0.049988709677419356
83160,50.164999999999999,0.049860000000000002,50.013258064516137,0.049988709677419356
83220,50.164999999999999,0.049860000000000002,50.013258064516137,0.049988709677419356
83280,50.164999999999999,0.049860000000000002,50.013258064516137,0.049988709677419356
83340,50.164999999999999,0.049860000000000002,50.013258064516137,0.049988709677419356
83400,50.164999999999999,0.049860000000000002,50.013258064516137,0.049988709677419356
83460,50.164999999999999,0.049860000000000002,50.013258064516137,0.049988709677419356
83520,50.164999999999999,0.049860000000000002,50.013258064516137,0.049988709677419356
83580,50.164999999999999,0.049860000000000002,50.013258064516137,0.049988709677419356
83640,50.164999999999999,0.049860000000000002,50.013258064516137,0.049988709677419356
83700,50.164999999999999,0.049860000000000002,50.013258064516137,0.049988709677419356
83760,50.164999999999999,0.049860000000000002,50.013258064516137,0.049988709677419356
83820,50.164999999999999,0.049860000000000002,50.013258064516137,0.049988709677419356
83880,50.164999999999999,0.049860000000000002,50.013258064516137,0.049988709677419356
83940,50.164999999999999,0.049860000000000002,50.013258064516137,0.049988709677419356
84000,50.164999999999999,0.049860000000000002,50.013258064516137,0.049988709677419356
84060,50.164999999999999,0.049860000000000002,50.013258064516137,0.049988709677419356
84120,50.164999999999999,0.049860000000000002,50.013258064516137,0.049988709677419356
84180,50.164999999999999,0.049860000000000002,50.013258064516137,0.049988709677419356
84240,50.164999999999999,0.049860000000000002,50.013258064516137,0.049988709677419356
84300,50.164999999999999,0.049860000000000002,50.013258064516137,0.049988709677419356
84360,50.164999999999999,0.049860000000000002,50.013258064516137,0.049988709677419356
84420,50.164999999999999,0.049860000000000002,50.013258064516137,0.049988709677419356
84480,50.164999999999999,0.049860000000000002,50.013258064516137,0.049988709677419356
84540,50.164999999999999,0.049860000000000002,50.013258064516137,0.049988709677419356
84600,50.164999999999999,0.049860000000000002,50.013258064516137,0.049988709677419356
84660,50.164999999999999,0.049860000000000002,50.013258064516137,0.049988709677419356
84720,50.164999999999999,0.049860000000000002,50.013258064516137,0.049988709677419356
84780,50.164999999999999,0.049860000000000002,50.013258064516137,0.049988709677419356
84840,50.164999999999999,0.049860000000000002,50.013258064516137,0.049988709677419356
84900,50.164999999999999,0.049860000000000002,50.013258064516137,0.049988709677419356
84960,50.164999999999999,0.049860000000000002,50.013258064516137,0.049988709677419356
85020,50.164999999999999,0.049860000000000002,50.013258064516137,0.049988709677419356
85080,50.164999999999999,0.049860000000000002,50.013258064516137,0.049988709677419356
85140,50.164999999999999,0.049860000000000002,50.013258064516137,0.049988709677419356
85200,50.164999999999999,0.049860000000000002,50.013258064516137,0.049988709677419356
85260,50.164999999999999,0.049860000000000002,50.013258064516137,0.049988709677419356
85320,50.164999999999999,0.049860000000000002,50.013258064516137,0.049988709677419356
85380,50.164999999999999,0.049860000000000002,50.013258064516137,0.049988709677419356
85440,50.164999999999999,0.049860000000000002,50.013258064516137,0.049988709677419356
85500,50.164999999999999,0.049860000000000002,50.013258064516137,0.049988709677419356
85560,50.164999999999999,0.049860000000000002,50.013258064516137,0.049988709677419356
85620,50.164999999999999,0.049860000000000002,50.013258064516137,0.049988709677419356
85680,50.164999999999999,0.049860000000000002,50.013258064516137,0.049988709677419356
85740,50.164999999999999,0.049860000000000002,50.013258064516137,0.049988709677419356
85800,50.164999999999999,0.049860000000000002,50.013258064516137,0.049988709677419356
85860,50.164999999999999,0.049860000000000002,50.013258064516137,0.049988709677419356
85920,50.164999999999999,0.049860000000000002,50.013258064516137,0.049988709677419356
85980,50.164999999999999,0.049860000000000002,50.013258064516137,0.049988709677419356
86040,50.164999999999999,0.049860000000000002,50.013258064516137,0.049988709677419356
86100,50.164999999999999,0.049860000000000002,50.013258064516137,0.049988709677419356
86160,50.164999999999999,0.049860000000000002,50.013258064516137,0.049988709677419356
86220,50.164999999999999,0.049860000000000002,50.013258064516137,0.049988709677419356
86280,50.164999999999999,0.049860000000000002,50.013258064516137,0.049988709677419356
86340,50.164999999999999,0.049860000000000002,50.013258064516137,0.049988709677419356
86400,50.164999999999999,0.049860000000000002,50.013258064516137,0.049988709677419356
86460,50.164999999999999,0.049860000000000002,50.013258064516137,0.049988709677419356
86520,50.164999999999999,0.049860000000000002,50.013258064516137,0.049988709677419356
86580,50.164999999999999,0.049860000000000002,50.013258064516137,0.049988709677419356
86640,50.164999999999999,0.049860000000000002,50.013258064516137,0.049988709677419356
86700,50.164999999999999,0.049860000000000002,50.013258064516137,0.049988709677419356
86760,50.164999999999999,0.049860000000000002,50.013258064516137,0.049988709677419356
86820,50.164999999999999,0.049860000000000002,50.013258064516137,0.049988709677419356
86880,50.164999999999999,0.049860000000000002,50.013258064516137,0.049988709677419356
86940,50.164999999999999,0.049860000000000002,50.013258064516137,0.049988709677419356
87000,50.164999999999999,0.049860000000000002,50.013258064516137,0.049988709677419356
87060,50.164999999999999,0.049860000000000002,50.013258064516137,0.049988709677419356
87120,50.164999999999999,0.049860000000000002,50.013258064516137,0.049988709677419356
87180,50.164999999999999,0.049860000000000002,50.013258064516137,0.049988709677419356
87240,50.164999999999999,0.049860000000000002,50.013258064516137,0.049988709677419356
87300,50.164999999999999,0.049860000000000002,50.013258064516137,0.049988709677419356
87360,50.164999999999999,0.049860000000000002,50.013258064516137,0.049988709677419356
87420,50.164999999999999,0.049860000000000002,50.013258064516137,0.049988709677419356
87480,50.164999999999999,0.049860000000000002,50.013258064516137,0.049988709677419356
87540,50.164999999999999,0.049860000000000002,50.013258064516137,0.049988709677419356
87600,50.164999999999999,0.049860000000000002,50.013258064516137,0.049988709677419356
87660,50.164999999999999,0.049860000000000002,50.013258064516137,0.049988709677419356
87720,50.164999999999999,0.049860000000000002,50.013258064516137,0.049988709677419356
87780,50.164999999999999,0.049860000000000002,50.013258064516137,0.049988709677419356
87840,50.164999999999999,0.049860000000000002,50.013258064516137,0.049988709677419356
87900,50.164999999999999,0.049860000000000002,50.013258064516137,0.049988709677419356
87960,50.164999999999999,0.049860000000000002,50.013258064516137,0.049988709677419356
88020,50.164999999999999,0.049860000000000002,50.013258064516137,0.049988709677419356
88080,50.164999999999999,0.049860000000000002,50.013258064516137,0.049988709677419356
88140,50.164999999999999,0.049860000000000002,50.013258064516137,0.049988709677419356
88200,50.164999999999999,0.049860000000000002,50.013258064516137,0.049988709677419356
88260,50.164999999999999,0.049860000000000002,50.013258064516137,0.049988709677419356
88320,50.164999999999999,0.049860000000000002,50.013258064516137,0.049988709677419356
88380,50.164999999999999,0.049860000000000002,50.013258064516137,0.049988709677419356
88440,50.164999999999999,0.049860000000000002,50.013258064516137,0.049988709677419356
88500,50.164999999999999,0.049860000000000002,50.013258064516137,0.049988709677419356
88560,50.164999999999999,0.049860000000000002,50.013258064516137,0.049988709677419356
88620,50.164999999999999,0.049860000000000002,50.013258064516137,0.049988709677419356
88680,50.164999999999999,0.049860000000000002,50.013258064516137,0.049988709677419356
88740,50.164999999999999,0.049860000000000002,50.013258064516137,0.049988709677419356
88800,50.164999999999999,0.049860000000000002,50.013258064516137,0.049988709677419356
88860,50.164999999999999,0.049860000000000002,50.013258064516137,0.049988709677419356
88920,50.164999999999999,0.049860000000000002,50.013258064516137,0.049988709677419356
88980,50.164999999999999,0.049860000000000002,50.013258064516137,0.049988709677419356
89040,50.164999999999999,0.049860000000000002,50.013258064516137,0.049988709677419356
89100,50.164999999999999,0.049860000000000002,50.013258064516137,0.049988709677419356
89160,50.164999999999999,0.049860000000000002,50.013258064516137,0.049988709677419356
89220,50.164999999999999,0.049860000000000002,50.013258064516137,0.049988709677419356
89280,50.164999999999999,0.049860000000000002,50.013258064516137,0.049988709677419356
89340,50.164999999999999,0.049860000000000002,50.013258064516137,0.049988709677419356
89400,50.164999999999999,0.049860000000000002,50.013258064516137,0.049988709677419356
89460,50.164999999999999,0.049860000000000002,50.013258064516137,0.049988709677419356
89520,50.164999999999999,0.049860000000000002,50.013258064516137,0.049988709677419356
89580,50.164999999999999,0.049860000000000002,50.013258064516137,0.049988709677419356
89640,50.164999999999999,0.049860000000000002,50.013258064516137,0.049988709677419356
89700,50.164999999999999,0.049860000000000002,50.013258064516137,0.049988709677419356
89760,50.164999999999999,0.049860000000000002,50.013258064516137,0.049988709677419356
89820,50.164999999999999,0.049860000000000002,50.013258064516137,0.049988709677419356
89880,50.164999999999999,0.049860000000000002,50.013258064516137,0.049988709677419356
89940,50.164999999999999,0.049860000000000002,50.013258064516137,0.049988709677419356
90000,50.164999999999999,0.049860000000000002,50.013258064516137,0.049988709677419356
90060,50.164999999999999,0.049860000000000002,50.013258064516137,0.049988709677419356
90120,50.164999999999999,0.049860000000000002,50.013258064516137,0.049988709677419356
90180,50.164999999999999,0.049860000000000002,50.013258064516137,0.049988709677419356
90240,50.164999999999999,0.049860000000000002,50.013258064516137,0.049988709677419356
90300,50.164999999999999,0.049860000000000002,50.013258064516137,0.049988709677419356
90360,50.164999999999999,0.049860000000000002,50.013258064516137,0.049988709677419356
90420,50.164999999999999,0.049860000000000002,50.013258064516137,0.049988709677419356
90480,50.164999999999999,0.049860000000000002,50.013258064516137,0.049988709677419356
90540,50.164999999999999,0.049860000000000002,50.013258064516137,0.049988709677419356
90600,50.164999999999999,0.049860000000000002,50.013258064516137,0.049988709677419356
90660,50.164999999999999,0.049860000000000002,50.013258064516137,0.049988709677419356
90720,50.164999999999999,0.049860000000000002,50.013258064516137,0.049988709677419356
90780,50.164999999999999,0.049860000000000002,50.013258064516137,0.049988709677419356
90840,50.164999999999999,0.049860000000000002,50.013258064516137,0.049988709677419356
90900,50.164999999999999,0.049860000000000002,50.013258064516137,0.049988709677419356
90960,50.164999999999999,0.049860000000000002,50.013258064516137,0.049988709677419356
91020,50.164999999999999,0.049860000000000002,50.013258064516137,0.049988709677419356
91080,50.164999999999999,0.049860000000000002,50.013258064516137,0.049988709677419356
91140,50.164999999999999,0.049860000000000002,50.013258064516137,0.049988709677419356
91200,50.164999999999999,0.049860000000000002,50.013258064516137,0.049988709677419356
91260,50.164999999999999,0.049860000000000002,50.013258064516137,0.049988709677419356
91320,50.164999999999999,0.049860000000000002,50.013258064516137,0.049988709677419356
91380,50.164999999999999,0.049860000000000002,50.013258064516137,0.049988709677419356
91440,50.164999999999999,0.049860000000000002,50.013258064516137,0.049988709677419356
91500,50.164999999999999,0.049860000000000002,50.013258064516137,0.049988709677419356
91560,50.164999999999999,0.049860000000000002,50.013258064516137,0.049988709677419356
91620,50.164999999999999,0.049860000000000002,50.013258064516137,0.049988709677419356
91680,50.164999999999999,0.049860000000000002,50.013258064516137,0.049988709677419356
91740,50.164999999999999,0.049860000000000002,50.013258064516137,0.049988709677419356
91800,50.164999999999999,0.049860000000000002,50.013258064516137,0.049988709677419356
91860,50.164999999999999,0.049860000000000002,50.013258064516137,0.049988709677419356
91920,50.164999999999999,0.049860000000000002,50.013258064516137,0.049988709677419356
91980,50.164999999999999,0.049860000000000002,50.013258064516137,0.049988709677419356
92040,50.164999999999999,0.049860000000000002,50.013258064516137,0.049988709677419356
92100,50.164999999999999,0.049860000000000002,50.013258064516137,0.049988709677419356
92160,50.164999999999999,0.049860000000000002,50.013258064516137,0.049988709677419356
92220,50.164999999999999,0.049860000000000002,50.013258064516137,0.049988709677419356
92280,50.164999999999999,0.049860000000000002,50.013258064516137,0.049988709677419356
92340,50.164999999999999,0.049860000000000002,50.013258064516137,0.049988709677419356
92400,50.164999999999999,0.049860000000000002,50.013258064516137,0.049988709677419356
92460,50.164999999999999,0.049860000000000002,50.013258064516137,0.049988709677419356
92520,50.164999999999999,0.049860000000000002,50.013258064516137,0.049988709677419356
92580,50.164999999999999,0.049860000000000002,50.013258064516137,0.049988709677419356
92640,50.164999999999999,0.049860000000000002,50.013258064516137,0.049988709677419356
92700,50.164999999999999,0.049860000000000002,50.013258064516137,0.049988709677419356
92760,50.164999999999999,0.049860000000000002,50.013258064516137,0.049988709677419356
92820,50.164999999999999,0.049860000000000002,50.013258064516137,0.049988709677419356
92880,50.164999999999999,0.049860000000000002,50.013258064516137,0.049988709677419356
92940,50.164999999999999,0.049860000000000002,50.013258064516137,0.049988709677419356
93000,50.164999999999999,0.049860000000000002,50.013258064516137,0.049988709677419356
93060,50.164999999999999,0.049860000000000002,50.013258064516137,0.049988709677419356
93120,50.164999999999999,0.049860000000000002,50.013258064516137,0.049988709677419356
93180,50.164999999999999,0.049860000000000002,50.013258064516137,0.049988709677419356
93240,50.164999999999999,0.049860000000000002,50.013258064516137,0.049988709677419356
93300,50.164999999999999,0.049860000000000002,50.013258064516137,0.049988709677419356
93360,50.164999999999999,0.049860000000000002,50.013258064516137,0.049988709677419356
93420,50.164999999999999,0.049860000000000002,50.013258064516137,0.049988709677419356
93480,50.164999999999999,0.049860000000000002,50.013258064516137,0.049988709677419356
93540,50.164999999999999,0.049860000000000002,50.013258064516137,0.049988709677419356
93600,50.164999999999999,0.049860000000000002,50.013258064516137,0.049988709677419356
93660,50.164999999999999,0.049860000000000002,50.013258064516137,0.049988709677419356
93720,50.164999999999999,0.049860000000000002,50.013258064516137,0.049988709677419356
93780,50.164999999999999,0.049860000000000002,50.013258064516137,0.049988709677419356
93840,50.164999999999999,0.049860000000000002,50.013258064516137,0.049988709677419356
93900,50.164999999999999,0.049860000000000002,50.013258064516137,0.049988709677419356
93960,50.164999999999999,0.049860000000000002,50.013258064516137,0.049988709677419356
94020,50.164999999999999,0.049860000000000002,50.013258064516137,0.049988709677419356
94080,50.164999999999999,0.049860000000000002,50.013258064516137,0.049988709677419356
94140,50.164999999999999,0.049860000000000002,50.013258064516137,0.049988709677419356
94200,50.164999999999999,0.049860000000000002,50.013258064516137,0.049988709677419356
94260,50.164999999999999,0.049860000000000002,50.013258064516137,0.049988709677419356
94320,50.164999999999999,0.049860000000000002,50.013258064516137,0.049988709677419356
94380,50.164999999999999,0.049860000000000002,50.013258064516137,0.049988709677419356
94440,50.164999999999999,0.049860000000000002,50.013258064516137,0.049988709677419356
94500,50.164999999999999,0.049860000000000002,50.013258064516137,0.049988709677419356
94560,50.164999999999999,0.049860000000000002,50.013258064516137,0.049988709677419356
94620,50.164999999999999,0.049860000000000002,50.013258064516137,0.049988709677419356
94680,50.164999999999999,0.049860000000000002,50.013258064516137,0.049988709677419356
94740,50.164999999999999,0.049860000000000002,50.013258064516137,0.049988709677419356
94800,50.164999999999999,0.049860000000000002,50.013258064516137,0.049988709677419356
94860,50.164999999999999,0.049860000000000002,50.013258064516137,0.049988709677419356
94920,50.164999999999999,0.049860000000000002,50.013258064516137,0.049988709677419356
94980,50.164999999999999,0.049860000000000002,50.013258064516137,0.049988709677419356
95040,50.164999999999999,0.049860000000000002,50.013258064516137,0.049988709677419356
95100,50.164999999999999,0.049860000000000002,50.013258064516137,0.049988709677419356
95160,50.164999999999999,0.049860000000000002,50.013258064516137,0.049988709677419356
95220,50.164999999999999,0.049860000000000002,50.013258064516137,0.049988709677419356
95280,50.164999999999999,0.049860000000000002,50.013258064516137,0.049988709677419356
95340,50.164999999999999,0.049860000000000002,50.013258064516137,0.049988709677419356
95400,50.164999999999999,0.049860000000000002,50.013258064516137,0.049988709677419356
95460,50.164999999999999,0.049860000000000002,50.013258064516137,0.049988709677419356
95520,50.164999999999999,0.049860000000000002,50.013258064516137,0.049988709677419356
95580,50.164999999999999,0.049860000000000002,50.013258064516137,0.049988709677419356
95640,50.164999999999999,0.049860000000000002,50.013258064516137,0.049988709677419356
95700,50.164999999999999,0.049860000000000002,50.013258064516137,0.049988709677419356
95760,50.164999999999999,0.049860000000000002,50.013258064516137,0.049988709677419356
95820,50.164999999999999,0.049860000000000002,50.013258064516137,0.049988709677419356
95880,50.164999999999999,0.049860000000000002,50.013258064516137,0.049988709677419356
95940,50.164999999999999,0.049860000000000002,50.013258064516137,0.049988709677419356
96000,50.164999999999999,0.049860000000000002,50.013258064516137,0.049988709677419356
96060,50.164999999999999,0.049860000000000002,50.013258064516137,0.049988709677419356
96120,50.164999999999999,0.049860000000000002,50.013258064516137,0.049988709677419356
96180,50.164999999999999,0.049860000000000002,50.013258064516137,0.049988709677419356
96240,50.164999999999999,0.049860000000000002,50.013258064516137,0.049988709677419356
96300,50.164999999999999,0.049860000000000002,50.013258064516137,0.049988709677419356
96360,50.164999999999999,0.049860000000000002,50.013258064516137,0.049988709677419356
96420,50.164999999999999,0.049860000000000002,50.013258064516137,0.049988709677419356
96480,50.164999999999999,0.049860000000000002,50.013258064516137,0.049988709677419356
96540,50.164999999999999,0.049860000000000002,50.013258064516137,0.049988709677419356
96600,50.164999999999999,0.049860000000000002,50.013258064516137,0.049988709677419356
96660,50.164999999999999,0.049860000000000002,50.013258064516137,0.049988709677419356
96720,50.164999999999999,0.049860000000000002,50.013258064516137,0.049988709677419356
96780,50.164999999999999,0.049860000000000002,50.013258064516137,0.049988709677419356
96840,50.164999999999999,0.049860000000000002,50.013258064516137,0.049988709677419356
96900,50.164999999999999,0.049860000000000002,50.013258064516137,0.049988709677419356
96960,50.164999999999999,0.049860000000000002,50.013258064516137,0.049988709677419356
97020,50.164999999999999,0.049860000000000002,50.013258064516137,0.049988709677419356
97080,50.164999999999999,0.049860000000000002,50.013258064516137,0.049988709677419356
97140,50.164999999999999,0.049860000000000002,50.013258064516137,0.049988709677419356
97200,50.164999999999999,0.049860000000000002,50.013258064516137,0.049988709677419356
97260,50.164999999999999,0.049860000000000002,50.013258064516137,0.049988709677419356
97320,50.164999999999999,0.049860000000000002,50.013258064516137,0.049988709677419356
97380,50.164999999999999,0.049860000000000002,50.013258064516137,0.049988709677419356
97440,50.164999999999999,0.049860000000000002,50.013258064516137,0.049988709677419356
97500,50.164999999999999,0.049860000000000002,50.013258064516137,0.049988709677419356
97560,50.164999999999999,0.049860000000000002,50.013258064516137,0.049988709677419356
97620,50.164999999999999,0.049860000000000002,50.013258064516137,0.049988709677419356
97680,50.164999999999999,0.049860000000000002,50.013258064516137,0.049988709677419356
97740,50.164999999999999,0.049860000000000002,50.013258064516137,0.049988709677419356
97800,50.164999999999999,0.049860000000000002,50.013258064516137,0.049988709677419356
97860,50.164999999999999,0.049860000000000002,50.013258064516137,0.049988709677419356
97920,50.164999999999999,0.049860000000000002,50.013258064516137,0.049988709677419356
97980,50.164999999999999,0.049860000000000002,50.013258064516137,0.049988709677419356
98040,50.164999999999999,0.049860000000000002,50.013258064516137,0.049988709677419356
98100,50.164999999999999,0.049860000000000002,50.013258064516137,0.049988709677419356
98160,50.164999999999999,0.049860000000000002,50.013258064516137,0.049988709677419356
98220,50.164999999999999,0.049860000000000002,50.013258064516137,0.049988709677419356
98280,50.164999999999999,0.049860000000000002,50.013258064516137,0.049988709677419356
98340,50.164999999999999,0.049860000000000002,50.013258064516137,0.049988709677419356
98400,50.164999999999999,0.049860000000000002,50.013258064516137,0.049988709677419356
98460,50.164999999999999,0.049860000000000002,50.013258064516137,0.049988709677419356
98520,50.164999999999999,0.049860000000000002,50.013258064516137,0.049988709677419356
98580,50.164999999999999,0.049860000000000002,50.013258064516137,0.049988709677419356
98640,50.164999999999999,0.049860000000000002,50.013258064516137,0.049988709677419356
98700,50.164999999999999,0.049860000000000002,50.013258064516137,0.049988709677419356
98760,50.164999999999999,0.049860000000000002,50.013258064516137,0.049988709677419356
98820,50.164999999999999,0.049860000000000002,50.013258064516137,0.049988709677419356
98880,50.164999999999999,0.049860000000000002,50.013258064516137,0.049988709677419356
98940,50.164999999999999,0.049860000000000002,50.013258064516137,0.049988709677419356
99000,50.164999999999999,0.049860000000000002,50.013258064516137,0.049988709677419356
99060,50.164999999999999,0.049860000000000002,50.013258064516137,0.049988709677419356
99120,50.164999999999999,0.049860000000000002,50.013258064516137,0.049988709677419356
99180,50.164999999999999,0.049860000000000002,50.013258064516137,0.049988709677419356
99240,50.164999999999999,0.049860000000000002,50.013258064516137,0.049988709677419356
99300,50.164999999999999,0.049860000000000002,50.013258064516137,0.049988709677419356
99360,50.164999999999999,0.049860000000000002,50.013258064516137,0.049988709677419356
99420,50.164999999999999,0.049860000000000002,50.013258064516137,0.049988709677419356
99480,50.164999999999999,0.049860000000000002,50.013258064516137,0.049988709677419356
99540,50.164999999999999,0.049860000000000002,50.013258064516137,0.049988709677419356
99600,50.164999999999999,0.049860000000000002,50.013258064516137,0.049988709677419356
99660,50.164999999999999,0.049860000000000002,50.013258064516137,0.049988709677419356
99720,50.164999999999999,0.049860000000000002,50.013258064516137,0.049988709677419356
99780,50.164999999999999,0.049860000000000002,50.013258064516137,0.049988709677419356
99840,50.164999999999999,0.049860000000000002,50.013258064516137,0.049988709677419356
99900,50.164999999999999,0.049860000000000002,50.013258064516137,0.049988709677419356
99960,50.164999999999999,0.049860000000000002,50.013258064516137,0.049988709677419356
100020,50.164999999999999,0.049860000000000002,50.013258064516137,0.049988709677419356
100080,50.164999999999999,0.049860000000000002,50.013258064516137,0.049988709677419356
100140,50.164999999999999,0.049860000000000002,50.013258064516137,0.049988709677419356
100200,50.164999999999999,0.049860000000000002,50.013258064516137,0.049988709677419356
100260,50.164999999999999,0.049860000000000002,50.013258064516137,0.049988709677419356
100320,50.164999999999999,0.049860000000000002,50.013258064516137,0.049988709677419356
100380,50.164999999999999,0.049860000000000002,50.013258064516137,0.049988709677419356
100440,50.164999999999999,0.049860000000000002,50.013258064516137,0.049988709677419356
100500,50.164999999999999,0.049860000000000002,50.013258064516137,0.049988709677419356
100560,50.164999999999999,0.049860000000000002,50.013258064516137,0.049988709677419356
100620,50.164999999999999,0.049860000000000002,50.013258064516137,0.049988709677419356
100680,50.164999999999999,0.049860000000000002,50.013258064516137,0.049988709677419356
100740,50.164999999999999,0.049860000000000002,50.013258064516137,0.049988709677419356
100800,50.164999999999999,0.049860000000000002,50.013258064516137,0.049988709677419356
100860,50.164999999999999,0.049860000000000002,50.013258064516137,0.049988709677419356
100920,50.164999999999999,0.049860000000000002,50.013258064516137,0.049988709677419356
100980,50.164999999999999,0.049860000000000002,50.013258064516137,0.049988709677419356
101040,50.164999999999999,0.049860000000000002,50.013258064516137,0.049988709677419356
101100,50.164999999999999,0.049860000000000002,50.013258064516137,0.049988709677419356
101160,50.164999999999999,0.049860000000000002,50.013258064516137,0.049988709677419356
101220,50.164999999999999,0.049860000000000002,50.013258064516137,0.049988709677419356
101280,50.164999999999999,0.049860000000000002,50.013258064516137,0.049988709677419356
101340,50.164999999999999,0.049860000000000002,50.013258064516137,0.049988709677419356
101400,50.164999999999999,0.049860000000000002,50.013258064516137,0.049988709677419356
101460,50.164999999999999,0.049860000000000002,50.013258064516137,0.049988709677419356
101520,50.164999999999999,0.049860000000000002,50.013258064516137,0.049988709677419356
101580,50.164999999999999,0.049860000000000002,50.013258064516137,0.049988709677419356
101640,50.164999999999999,0.049860000000000002,50.013258064516137,0.049988709677419356
101700,50.164999999999999,0.049860000000000002,50.013258064516137,0.049988709677419356
101760,50.164999999999999,0.049860000000000002,50.013258064516137,0.049988709677419356
101820,50.164999999999999,0.049860000000000002,50.013258064516137,0.049988709677419356
101880,50.164999999999999,0.049860000000000002,50.013258064516137,0.049988709677419356
101940,50.164999999999999,0.049860000000000002,50.013258064516137,0.049988709677419356
102000,50.164999999999999,0.049860000000000002,50.013258064516137,0.049988709677419356
102060,50.164999999999999,0.049860000000000002,50.013258064516137,0.049988709677419356
102120,50.164999999999999,0.049860000000000002,50.013258064516137,0.049988709677419356
102180,50.164999999999999,0.049860000000000002,50.013258064516137,0.049988709677419356
102240,50.164999999999999,0.049860000000000002,50.013258064516137,0.049988709677419356
102300,50.164999999999999,0.049860000000000002,50.013258064516137,0.049988709677419356
102360,50.164999999999999,0.049860000000000002,50.013258064516137,0.049988709677419356
102420,50.164999999999999,0.049860000000000002,50.013258064516137,0.049988709677419356
102480,50.164999999999999,0.049860000000000002,50.013258064516137,0.049988709677419356
102540,50.164999999999999,0.049860000000000002,50.013258064516137,0.049988709677419356
102600,50.164999999999999,0.049860000000000002,50.013258064516137,0.049988709677419356
102660,50.164999999999999,0.049860000000000002,50.013258064516137,0.049988709677419356
102720,50.164999999999999,0.049860000000000002,50.013258064516137,0.049988709677419356
102780,50.164999999999999,0.049860000000000002,50.013258064516137,0.049988709677419356
102840,50.164999999999999,0.049860000000000002,50.013258064516137,0.049988709677419356
102900,50.164999999999999,0.049860000000000002,50.013258064516137,0.049988709677419356
102960,50.164999999999999,0.049860000000000002,50.013258064516137,0.049988709677419356
103020,50.164999999999999,0.049860000000000002,50.013258064516137,0.049988709677419356
103080,50.164999999999999,0.049860000000000002,50.013258064516137,0.049988709677419356
103140,50.164999999999999,0.049860000000000002,50.013258064516137,0.049988709677419356
103200,50.164999999999999,0.049860000000000002,50.013258064516137,0.049988709677419356
103260,50.164999999999999,0.049860000000000002,50.013258064516137,0.049988709677419356
103320,50.164999999999999,0.049860000000000002,50.013258064516137,0.049988709677419356
103380,50.164999999999999,0.049860000000000002,50.013258064516137,0.049988709677419356
103440,50.164999999999999,0.049860000000000002,50.013258064516137,0.049988709677419356
103500,50.164999999999999,0.049860000000000002,50.013258064516137,0.049988709677419356
103560,50.164999999999999,0.049860000000000002,50.013258064516137,0.049988709677419356
103620,50.164999999999999,0.049860000000000002,50.013258064516137,0.049988709677419356
103680,50.164999999999999,0.049860000000000002,50.013258064516137,0.049988709677419356
103740,50.164999999999999,0.049860000000000002,50.013258064516137,0.049988709677419356
103800,50.164999999999999,0.049860000000000002,50.013258064516137,0.049988709677419356
103860,50.164999999999999,0.049860000000000002,50.013258064516137,0.049988709677419356
103920,50.164999999999999,0.049860000000000002,50.013258064516137,0.049988709677419356
103980,50.164999999999999,0.049860000000000002,50.013258064516137,0.049988709677419356
104040,50.164999999999999,0.049860000000000002,50.013258064516137,0.049988709677419356
104100,50.164999999999999,0.049860000000000002,50.013258064516137,0.049988709677419356
104160,50.164999999999999,0.049860000000000002,50.013258064516137,0.049988709677419356
104220,50.164999999999999,0.049860000000000002,50.013258064516137,0.049988709677419356
104280,50.164999999999999,0.049860000000000002,50.013258064516137,0.049988709677419356
104340,50.164999999999999,0.049860000000000002,50.013258064516137,0.049988709677419356
104400,50.164999999999999,0.049860000000000002,50.013258064516137,0.049988709677419356
104460,50.164999999999999,0.049860000000000002,50.013258064516137,0.049988709677419356
104520,50.164999999999999,0.049860000000000002,50.013258064516137,0.049988709677419356
104580,50.164999999999999,0.049860000000000002,50.013258064516137,0.049988709677419356
104640,50.164999999999999,0.049860000000000002,50.013258064516137,0.049988709677419356
104700,50.164999999999999,0.049860000000000002,50.013258064516137,0.049988709677419356
104760,50.164999999999999,0.049860000000000002,50.013258064516137,0.049988709677419356
104820,50.164999999999999,0.049860000000000002,50.013258064516137,0.049988709677419356
104880,50.164999999999999,0.049860000000000002,50.013258064516137,0.049988709677419356
104940,50.164999999999999,0.049860000000000002,50.013258064516137,0.049988709677419356
105000,50.164999999999999,0.049860000000000002,50.013258064516137,0.049988709677419356
105060,50.164999999999999,0.049860000000000002,50.013258064516137,0.049988709677419356
105120,50.164999999999999,0.049860000000000002,50.013258064516137,0.049988709677419356
105180,50.164999999999999,0.049860000000000002,50.013258064516137,0.049988709677419356
105240,50.164999999999999,0.049860000000000002,50.013258064516137,0.049988709677419356
105300,50.164999999999999,0.049860000000000002,50.013258064516137,0.049988709677419356
105360,50.164999999999999,0.049860000000000002,50.013258064516137,0.049988709677419356
105420,50.164999999999999,0.049860000000000002,50.013258064516137,0.049988709677419356
105480,50.164999999999999,0.049860000000000002,50.013258064516137,0.049988709677419356
105540,50.164999999999999,0.049860000000000002,50.013258064516137,0.049988709677419356
105600,50.164999999999999,0.049860000000000002,50.013258064516137,0.049988709677419356
105660,50.164999999999999,0.049860000000000002,50.013258064516137,0.049988709677419356
105720,50.164999999999999,0.049860000000000002,50.013258064516137,0.049988709677419356
105780,50.164999999999999,0.049860000000000002,50.013258064516137,0.049988709677419356
105840,50.164999999999999,0.049860000000000002,50.013258064516137,0.049988709677419356
105900,50.164999999999999,0.049860000000000002,50.013258064516137,0.049988709677419356
105960,50.164999999999999,0.049860000000000002,50.013258064516137,0.049988709677419356
106020,50.164999999999999,0.049860000000000002,50.013258064516137,0.049988709677419356
106080,50.164999999999999,0.049860000000000002,50.013258064516137,0.049988709677419356
106140,50.164999999999999,0.049860000000000002,50.013258064516137,0.049988709677419356
106200,50.164999999999999,0.049860000000000002,50.013258064516137,0.049988709677419356
106260,50.164999999999999,0.049860000000000002,50.013258064516137,0.049988709677419356
106320,50.164999999999999,0.049860000000000002,50.013258064516137,0.049988709677419356
106380,50.164999999999999,0.049860000000000002,50.013258064516137,0.049988709677419356
106440,50.164999999999999,0.049860000000000002,50.013258064516137,0.049988709677419356
106500,50.164999999999999,0.049860000000000002,50.013258064516137,0.049988709677419356
106560,50.164999999999999,0.049860000000000002,50.013258064516137,0.049988709677419356
106620,50.164999999999999,0.049860000000000002,50.013258064516137,0.049988709677419356
106680,50.164999999999999,0.049860000000000002,50.013258064516137,0.049988709677419356
106740,50.164999999999999,0.049860000000000002,50.013258064516137,0.049988709677419356
106800,50.164999999999999,0.049860000000000002,50.013258064516137,0.049988709677419356
106860,50.164999999999999,0.049860000000000002,50.013258064516137,0.049988709677419356
106920,50.164999999999999,0.049860000000000002,50.013258064516137,0.049988709677419356
106980,50.164999999999999,0.049860000000000002,50.013258064516137,0.049988709677419356
107040,50.164999999999999,0.049860000000000002,50.013258064516137,0.049988709677419356
107100,50.164999999999999,0.049860000000000002,50.013258064516137,0.049988709677419356
107160,50.164999999999999,0.049860000000000002,50.013258064516137,0.049988709677419356
107220,50.164999999999999,0.049860000000000002,50.013258064516137,0.049988709677419356
107280,50.164999999999999,0.049860000000000002,50.013258064516137,0.049988709677419356
107340,50.164999999999999,0.049860000000000002,50.013258064516137,0.049988709677419356
107400,50.164999999999999,0.049860000000000002,50.013258064516137,0.049988709677419356
107460,50.164999999999999,0.049860000000000002,50.013258064516137,0.049988709677419356
107520,50.164999999999999,0.049860000000000002,50.013258064516137,0.049988709677419356
107580,50.164999999999999,0.049860000000000002,50.013258064516137,0.049988709677419356
107640,50.164999999999999,0.049860000000000002,50.013258064516137,0.049988709677419356
107700,50.164999999999999,0.049860000000000002,50.013258064516137,0.049988709677419356
107760,50.164999999999999,0.049860000000000002,50.013258064516137,0.049988709677419356
107820,50.164999999999999,0.049860000000000002,50.013258064516137,0.049988709677419356
107880,50.164999999999999,0.049860000000000002,50.013258064516137,0.049988709677419356
107940,50.164999999999999,0.049860000000000002,50.013258064516137,0.049988709677419356
108000,50.164999999999999,0.049860000000000002,50.013258064516137,0.049988709677419356
108060,50.164999999999999,0.049860000000000002,50.013258064516137,0.049988709677419356
108120,50.164999999999999,0.049860000000000002,50.013258064516137,0.049988709677419356
108180,50.164999999999999,0.049860000000000002,50.013258064516137,0.049988709677419356
108240,50.164999999999999,0.049860000000000002,50.013258064516137,0.049988709677419356
108300,50.164999999999999,0.049860000000000002,50.013258064516137,0.049988709677419356
108360,50.164999999999999,0.049860000000000002,50.013258064516137,0.049988709677419356
108420,50.164999999999999,0.049860000000000002,50.013258064516137,0.049988709677419356
108480,50.164999999999999,0.049860000000000002,50.013258064516137,0.049988709677419356
108540,50.164999999999999,0.049860000000000002,50.013258064516137,0.049988709677419356
108600,50.164999999999999,0.049860000000000002,50.013258064516137,0.049988709677419356
108660,50.164999999999999,0.049860000000000002,50.013258064516137,0.049988709677419356
108720,50.164999999999999,0.049860000000000002,50.013258064516137,0.049988709677419356
108780,50.164999999999999,0.049860000000000002,50.013258064516137,0.049988709677419356
108840,50.164999999999999,0.049860000000000002,50.013258064516137,0.049988709677419356
108900,50.164999999999999,0.049860000000000002,50.013258064516137,0.049988709677419356
108960,50.164999999999999,0.049860000000000002,50.013258064516137,0.049988709677419356
109020,50.164999999999999,0.049860000000000002,50.013258064516137,0.049988709677419356
109080,50.164999999999999,0.049860000000000002,50.013258064516137,0.049988709677419356
109140,50.164999999999999,0.049860000000000002,50.013258064516137,0.049988709677419356
109200,50.164999999999999,0.049860000000000002,50.013258064516137,0.049988709677419356
109260,50.164999999999999,0.049860000000000002,50.013258064516137,0.049988709677419356
109320,50.164999999999999,0.049860000000000002,50.013258064516137,0.049988709677419356
109380,50.164999999999999,0.049860000000000002,50.013258064516137,0.049988709677419356
109440,50.164999999999999,0.049860000000000002,50.013258064516137,0.049988709677419356
109500,50.164999999999999,0.049860000000000002,50.013258064516137,0.049988709677419356
109560,50.164999999999999,0.049860000000000002,50.013258064516137,0.049988709677419356
109620,50.164999999999999,0.049860000000000002,50.013258064516137,0.049988709677419356
109680,50.164999999999999,0.049860000000000002,50.013258064516137,0.049988709677419356
109740,50.164999999999999,0.049860000000000002,50.013258064516137,0.049988709677419356
109800,50.164999999999999,0.049860000000000002,50.013258064516137,0.049988709677419356
109860,50.164999999999999,0.049860000000000002,50.013258064516137,0.049988709677419356
109920,50.164999999999999,0.049860000000000002,50.013258064516137,0.049988709677419356
109980,50.164999999999999,0.049860000000000002,50.013258064516137,0.049988709677419356
110040,50.164999999999999,0.049860000000000002,50.013258064516137,0.049988709677419356
110100,50.164999999999999,0.049860000000000002,50.013258064516137,0.049988709677419356
110160,50.164999999999999,0.049860000000000002,50.013258064516137,0.049988709677419356
110220,50.164999999999999,0.049860000000000002,50.013258064516137,0.049988709677419356
110280,50.164999999999999,0.049860000000000002,50.013258064516137,0.049988709677419356
110340,50.164999999999999,0.049860000000000002,50.013258064516137,0.049988709677419356
110400,50.164999999999999,0.049860000000000002,50.013258064516137,0.049988709677419356
110460,50.164999999999999,0.049860000000000002,50.013258064516137,0.049988709677419356
110520,50.164999999999999,0.049860000000000002,50.013258064516137,0.049988709677419356
110580,50.164999999999999,0.049860000000000002,50.013258064516137,0.049988709677419356
110640,50.164999999999999,0.049860000000000002,50.013258064516137,0.049988709677419356
110700,50.164999999999999,0.049860000000000002,50.013258064516137,0.049988709677419356
110760,50.164999999999999,0.049860000000000002,50.013258064516137,0.049988709677419356
110820,50.164999999999999,0.049860000000000002,50.013258064516137,0.049988709677419356
110880,50.164999999999999,0.049860000000000002,50.013258064516137,0.049988709677419356
110940,50.164999999999999,0.049860000000000002,50.013258064516137,0.049988709677419356
111000,50.164999999999999,0.049860000000000002,50.013258064516137,0.049988709677419356
111060,50.164999999999999,0.049860000000000002,50.013258064516137,0.049988709677419356
111120,50.164999999999999,0.049860000000000002,50.013258064516137,0.049988709677419356
111180,50.164999999999999,0.049860000000000002,50.013258064516137,0.049988709677419356
111240,50.164999999999999,0.049860000000000002,50.013258064516137,0.049988709677419356
111300,50.164999999999999,0.049860000000000002,50.013258064516137,0.049988709677419356
111360,50.164999999999999,0.049860000000000002,50.013258064516137,0.049988709677419356
111420,50.164999999999999,0.049860000000000002,50.013258064516137,0.049988709677419356
111480,50.164999999999999,0.049860000000000002,50.013258064516137,0.049988709677419356
111540,50.164999999999999,0.049860000000000002,50.013258064516137,0.049988709677419356
111600,50.164999999999999,0.049860000000000002,50.013258064516137,0.049988709677419356
111660,50.164999999999999,0.049860000000000002,50.013258064516137,0.049988709677419356
111720,50.164999999999999,0.049860000000000002,50.013258064516137,0.049988709677419356
111780,50.164999999999999,0.049860000000000002,50.013258064516137,0.049988709677419356
111840,50.164999999999999,0.049860000000000002,50.013258064516137,0.049988709677419356
111900,50.164999999999999,0.049860000000000002,50.013258064516137,0.049988709677419356
111960,50.164999999999999,0.049860000000000002,50.013258064516137,0.049988709677419356
112020,50.164999999999999,0.049860000000000002,50.013258064516137,0.049988709677419356
112080,50.164999999999999,0.049860000000000002,50.013258064516137,0.049988709677419356
112140,50.164999999999999,0.049860000000000002,50.013258064516137,0.049988709677419356
112200,50.164999999999999,0.049860000000000002,50.013258064516137,0.049988709677419356
112260,50.164999999999999,0.049860000000000002,50.013258064516137,0.049988709677419356
112320,50.164999999999999,0.049860000000000002,50.013258064516137,0.049988709677419356
112380,50.164999999999999,0.049860000000000002,50.013258064516137,0.049988709677419356
112440,50.164999999999999,0.049860000000000002,50.013258064516137,0.049988709677419356
112500,50.164999999999999,0.049860000000000002,50.013258064516137,0.049988709677419356
112560,50.164999999999999,0.049860000000000002,50.013258064516137,0.049988709677419356
112620,50.164999999999999,0.049860000000000002,50.013258064516137,0.049988709677419356
112680,50.164999999999999,0.049860000000000002,50.013258064516137,0.049988709677419356
112740,50.164999999999999,0.049860000000000002,50.013258064516137,0.049988709677419356
112800,50.164999999999999,0.049860000000000002,50.013258064516137,0.049988709677419356
112860,50.164999999999999,0.049860000000000002,50.013258064516137,0.049988709677419356
112920,50.164999999999999,0.049860000000000002,50.013258064516137,0.049988709677419356
112980,50.164999999999999,0.049860000000000002,50.013258064516137,0.049988709677419356
113040,50.164999999999999,0.049860000000000002,50.013258064516137,0.049988709677419356
113100,50.164999999999999,0.049860000000000002,50.013258064516137,0.049988709677419356
113160,50.164999999999999,0.049860000000000002,50.013258064516137,0.049988709677419356
113220,50.164999999999999,0.049860000000000002,50.013258064516137,0.049988709677419356
113280,50.164999999999999,0.049860000000000002,50.013258064516137,0.049988709677419356
113340,50.164999999999999,0.049860000000000002,50.013258064516137,0.049988709677419356
113400,50.164999999999999,0.049860000000000002,50.013258064516137,0.049988709677419356
113460,50.164999999999999,0.049860000000000002,50.013258064516137,0.049988709677419356
113520,50.164999999999999,0.049860000000000002,50.013258064516137,0.049988709677419356
113580,50.164999999999999,0.049860000000000002,50.013258064516137,0.049988709677419356
113640,50.164999999999999,0.049860000000000002,50.013258064516137,0.049988709677419356
113700,50.164999999999999,0.049860000000000002,50.013258064516137,0.049988709677419356
113760,50.164999999999999,0.049860000000000002,50.013258064516137,0.049988709677419356
113820,50.164999999999999,0.049860000000000002,50.013258064516137,0.049988709677419356
113880,50.164999999999999,0.049860000000000002,50.013258064516137,0.049988709677419356
113940,50.164999999999999,0.049860000000000002,50.013258064516137,0.049988709677419356
114000,50.164999999999999,0.049860000000000002,50.013258064516137,0.049988709677419356
114060,50.164999999999999,0.049860000000000002,50.013258064516137,0.049988709677419356
114120,50.164999999999999,0.049860000000000002,50.013258064516137,0.049988709677419356
114180,50.164999999999999,0.049860000000000002,50.013258064516137,0.049988709677419356
114240,50.164999999999999,0.049860000000000002,50.013258064516137,0.049988709677419356
114300,50.164999999999999,0.049860000000000002,50.013258064516137,0.049988709677419356
114360,50.164999999999999,0.049860000000000002,50.013258064516137,0.049988709677419356
114420,50.164999999999999,0.049860000000000002,50.013258064516137,0.049988709677419356
114480,50.164999999999999,0.049860000000000002,50.013258064516137,0.049988709677419356
114540,50.164999999999999,0.049860000000000002,50.013258064516137,0.049988709677419356
114600,50.164999999999999,0.049860000000000002,50.013258064516137,0.049988709677419356
114660,50.164999999999999,0.049860000000000002,50.013258064516137,0.049988709677419356
114720,50.164999999999999,0.049860000000000002,50.013258064516137,0.049988709677419356
114780,50.164999999999999,0.049860000000000002,50.013258064516137,0.049988709677419356
114840,50.164999999999999,0.049860000000000002,50.013258064516137,0.049988709677419356
114900,50.164999999999999,0.049860000000000002,50.013258064516137,0.049988709677419356
114960,50.164999999999999,0.049860000000000002,50.013258064516137,0.049988709677419356
115020,50.164999999999999,0.049860000000000002,50.013258064516137,0.049988709677419356
115080,50.164999999999999,0.049860000000000002,50.013258064516137,0.049988709677419356
115140,50.164999999999999,0.049860000000000002,50.013258064516137,0.049988709677419356
115200,50.164999999999999,0.049860000000000002,50.013258064516137,0.049988709677419356
115260,50.164999999999999,0.049860000000000002,50.013258064516137,0.049988709677419356
115320,50.164999999999999,0.049860000000000002,50.013258064516137,0.049988709677419356
115380,50.164999999999999,0.049860000000000002,50.013258064516137,0.049988709677419356
115440,50.164999999999999,0.049860000000000002,50.013258064516137,0.049988709677419356
115500,50.164999999999999,0.049860000000000002,50.013258064516137,0.049988709677419356
115560,50.164999999999999,0.049860000000000002,50.013258064516137,0.049988709677419356
115620,50.164999999999999,0.049860000000000002,50.013258064516137,0.049988709677419356
115680,50.164999999999999,0.049860000000000002,50.013258064516137,0.049988709677419356
115740,50.164999999999999,0.049860000000000002,50.013258064516137,0.049988709677419356
115800,50.164999999999999,0.049860000000000002,50.013258064516137,0.049988709677419356
115860,50.164999999999999,0.049860000000000002,50.013258064516137,0.049988709677419356
115920,50.164999999999999,0.049860000000000002,50.013258064516137,0.049988709677419356
115980,50.164999999999999,0.049860000000000002,50.013258064516137,0.049988709677419356
116040,50.164999999999999,0.049860000000000002,50.013258064516137,0.049988709677419356
116100,50.164999999999999,0.049860000000000002,50.013258064516137,0.049988709677419356
116160,50.164999999999999,0.049860000000000002,50.013258064516137,0.049988709677419356
116220,50.164999999999999,0.049860000000000002,50.013258064516137,0.049988709677419356
116280,50.164999999999999,0.049860000000000002,50.013258064516137,0.049988709677419356
116340,50.164999999999999,0.049860000000000002,50.013258064516137,0.049988709677419356
116400,50.164999999999999,0.049860000000000002,50.013258064516137,0.049988709677419356
116460,50.164999999999999,0.049860000000000002,50.013258064516137,0.049988709677419356
116520,50.164999999999999,0.049860000000000002,50.013258064516137,0.049988709677419356
116580,50.164999999999999,0.049860000000000002,50.013258064516137,0.049988709677419356
116640,50.164999999999999,0.049860000000000002,50.013258064516137,0.049988709677419356
116700,50.164999999999999,0.049860000000000002,50.013258064516137,0.049988709677419356
116760,50.164999999999999,0.049860000000000002,50.013258064516137,0.049988709677419356
116820,50.164999999999999,0.049860000000000002,50.013258064516137,0.049988709677419356
116880,50.164999999999999,0.049860000000000002,50.013258064516137,0.049988709677419356
116940,50.164999999999999,0.049860000000000002,50.013258064516137,0.049988709677419356
117000,50.164999999999999,0.049860000000000002,50.013258064516137,0.049988709677419356
117060,50.164999999999999,0.049860000000000002,50.013258064516137,0.049988709677419356
117120,50.164999999999999,0.049860000000000002,50.013258064516137,0.049988709677419356
117180,50.164999999999999,0.049860000000000002,50.013258064516137,0.049988709677419356
117240,50.164999999999999,0.049860000000000002,50.013258064516137,0.049988709677419356
117300,50.164999999999999,0.049860000000000002,50.013258064516137,0.049988709677419356
117360,50.164999999999999,0.049860000000000002,50.013258064516137,0.049988709677419356
117420,50.164999999999999,0.049860000000000002,50.013258064516137,0.049988709677419356
117480,50.164999999999999,0.049860000000000002,50.013258064516137,0.049988709677419356
117540,50.164999999999999,0.049860000000000002,50.013258064516137,0.049988709677419356
117600,50.164999999999999,0.049860000000000002,50.013258064516137,0.049988709677419356
117660,50.164999999999999,0.049860000000000002,50.013258064516137,0.049988709677419356
117720,50.164999999999999,0.049860000000000002,50.013258064516137,0.049988709677419356
117780,50.164999999999999,0.049860000000000002,50.013258064516137,0.049988709677419356
117840,50.164999999999999,0.049860000000000002,50.013258064516137,0.049988709677419356
117900,50.164999999999999,0.049860000000000002,50.013258064516137,0.049988709677419356
117960,50.164999999999999,0.049860000000000002,50.013258064516137,0.049988709677419356
118020,50.164999999999999,0.049860000000000002,50.013258064516137,0.049988709677419356
118080,50.164999999999999,0.049860000000000002,50.013258064516137,0.049988709677419356
118140,50.164999999999999,0.049860000000000002,50.013258064516137,0.049988709677419356
118200,50.164999999999999,0.049860000000000002,50.013258064516137,0.049988709677419356
118260,50.164999999999999,0.049860000000000002,50.013258064516137,0.049988709677419356
118320,50.164999999999999,0.049860000000000002,50.013258064516137,0.049988709677419356
118380,50.164999999999999,0.049860000000000002,50.013258064516137,0.049988709677419356
118440,50.164999999999999,0.049860000000000002,50.013258064516137,0.049988709677419356
118500,50.164999999999999,0.049860000000000002,50.013258064516137,0.049988709677419356
118560,50.164999999999999,0.049860000000000002,50.013258064516137,0.049988709677419356
118620,50.164999999999999,0.049860000000000002,50.013258064516137,0.049988709677419356
118680,50.164999999999999,0.049860000000000002,50.013258064516137,0.049988709677419356
118740,50.164999999999999,0.049860000000000002,50.013258064516137,0.049988709677419356
118800,50.164999999999999,0.049860000000000002,50.013258064516137,0.049988709677419356
118860,50.164999999999999,0.049860000000000002,50.013258064516137,0.049988709677419356
118920,50.164999999999999,0.049860000000000002,50.013258064516137,0.049988709677419356
118980,50.164999999999999,0.049860000000000002,50.013258064516137,0.049988709677419356
119040,50.164999999999999,0.049860000000000002,50.013258064516137,0.049988709677419356
119100,50.164999999999999,0.049860000000000002,50.013258064516137,0.049988709677419356
119160,50.164999999999999,0.049860000000000002,50.013258064516137,0.049988709677419356
119220,50.164999999999999,0.049860000000000002,50.013258064516137,0.049988709677419356
119280,50.164999999999999,0.049860000000000002,50.013258064516137,0.049988709677419356
119340,50.164999999999999,0.049860000000000002,50.013258064516137,0.049988709677419356
119400,50.164999999999999,0.049860000000000002,50.013258064516137,0.049988709677419356
119460,50.164999999999999,0.049860000000000002,50.013258064516137,0.049988709677419356
119520,50.164999999999999,0.049860000000000002,50.013258064516137,0.049988709677419356
119580,50.164999999999999,0.049860000000000002,50.013258064516137,0.049988709677419356
119640,50.164999999999999,0.049860000000000002,50.013258064516137,0.049988709677419356
119700,50.164999999999999,0.049860000000000002,50.013258064516137,0.049988709677419356
119760,50.164999999999999,0.049860000000000002,50.013258064516137,0.049988709677419356
119820,50.164999999999999,0.049860000000000002,50.013258064516137,0.049988709677419356
119880,50.164999999999999,0.049860000000000002,50.013258064516137,0.049988709677419356
119940,50.164999999999999,0.049860000000000002,50.013258064516137,0.049988709677419356
120000,50.164999999999999,0.049860000000000002,50.013258064516137,0.049988709677419356
120060,50.164999999999999,0.049860000000000002,50.013258064516137,0.049988709677419356
120120,50.164999999999999,0.049860000000000002,50.013258064516137,0.049988709677419356
120180,50.164999999999999,0.049860000000000002,50.013258064516137,0.049988709677419356
120240,50.164999999999999,0.049860000000000002,50.013258064516137,0.049988709677419356
120300,50.164999999999999,0.049860000000000002,50.013258064516137,0.049988709677419356
120360,50.164999999999999,0.049860000000000002,50.013258064516137,0.049988709677419356
120420,50.164999999999999,0.049860000000000002,50.013258064516137,0.049988709677419356
120480,50.164999999999999,0.049860000000000002,50.013258064516137,0.049988709677419356
120540,50.164999999999999,0.049860000000000002,50.013258064516137,0.049988709677419356
120600,50.164999999999999,0.049860000000000002,50.013258064516137,0.049988709677419356
120660,50.164999999999999,0.049860000000000002,50.013258064516137,0.049988709677419356
120720,50.164999999999999,0.049860000000000002,50.013258064516137,0.049988709677419356
120780,50.164999999999999,0.049860000000000002,50.013258064516137,0.049988709677419356
120840,50.164999999999999,0.049860000000000002,50.013258064516137,0.049988709677419356
120900,50.164999999999999,0.049860000000000002,50.013258064516137,0.049988709677419356
120960,50.164999999999999,0.049860000000000002,50.013258064516137,0.049988709677419356
121020,50.164999999999999,0.049860000000000002,50.013258064516137,0.049988709677419356
121080,50.164999999999999,0.049860000000000002,50.013258064516137,0.049988709677419356
121140,50.164999999999999,0.049860000000000002,50.013258064516137,0.049988709677419356
121200,50.164999999999999,0.049860000000000002,50.013258064516137,0.049988709677419356
121260,50.164999999999999,0.049860000000000002,50.013258064516137,0.049988709677419356
121320,50.164999999999999,0.049860000000000002,50.013258064516137,0.049988709677419356
121380,50.164999999999999,0.049860000000000002,50.013258064516137,0.049988709677419356
121440,50.164999999999999,0.049860000000000002,50.013258064516137,0.049988709677419356
121500,50.164999999999999,0.049860000000000002,50.013258064516137,0.049988709677419356
121560,50.164999999999999,0.049860000000000002,50.013258064516137,0.049988709677419356
121620,50.164999999999999,0.049860000000000002,50.013258064516137,0.049988709677419356
121680,50.164999999999999,0.049860000000000002,50.013258064516137,0.049988709677419356
121740,50.164999999999999,0.049860000000000002,50.013258064516137,0.049988709677419356
121800,50.164999999999999,0.049860000000000002,50.013258064516137,0.049988709677419356
121860,50.164999999999999,0.049860000000000002,50.013258064516137,0.049988709677419356
121920,50.164999999999999,0.049860000000000002,50.013258064516137,0.049988709677419356
121980,50.164999999999999,0.049860000000000002,50.013258064516137,0.049988709677419356
122040,50.164999999999999,0.049860000000000002,50.013258064516137,0.049988709677419356
122100,50.164999999999999,0.049860000000000002,50.013258064516137,0.049988709677419356
122160,50.164999999999999,0.049860000000000002,50.013258064516137,0.049988709677419356
122220,50.164999999999999,0.049860000000000002,50.013258064516137,0.049988709677419356
122280,50.164999999999999,0.049860000000000002,50.013258064516137,0.049988709677419356
122340,50.164999999999999,0.049860000000000002,50.013258064516137,0.049988709677419356
122400,50.164999999999999,0.049860000000000002,50.013258064516137,0.049988709677419356
122460,50.164999999999999,0.049860000000000002,50.013258064516137,0.049988709677419356
122520,50.164999999999999,0.049860000000000002,50.013258064516137,0.049988709677419356
122580,50.164999999999999,0.049860000000000002,50.013258064516137,0.049988709677419356
122640,50.164999999999999,0.049860000000000002,50.013258064516137,0.049988709677419356
122700,50.164999999999999,0.049860000000000002,50.013258064516137,0.049988709677419356
122760,50.164999999999999,0.049860000000000002,50.013258064516137,0.049988709677419356
122820,50.164999999999999,0.049860000000000002,50.013258064516137,0.049988709677419356
122880,50.164999999999999,0.049860000000000002,50.013258064516137,0.049988709677419356
122940,50.164999999999999,0.049860000000000002,50.013258064516137,0.049988709677419356
123000,50.164999999999999,0.049860000000000002,50.013258064516137,0.049988709677419356
123060,50.164999999999999,0.049860000000000002,50.013258064516137,0.049988709677419356
123120,50.164999999999999,0.049860000000000002,50.013258064516137,0.049988709677419356
123180,50.164999999999999,0.049860000000000002,50.013258064516137,0.049988709677419356
123240,50.164999999999999,0.049860000000000002,50.013258064516137,0.049988709677419356
123300,50.164999999999999,0.049860000000000002,50.013258064516137,0.049988709677419356
123360,50.164999999999999,0.049860000000000002,50.013258064516137,0.049988709677419356
123420,50.164999999999999,0.049860000000000002,50.013258064516137,0.049988709677419356
123480,50.164999999999999,0.049860000000000002,50.013258064516137,0.049988709677419356
123540,50.164999999999999,0.049860000000000002,50.013258064516137,0.049988709677419356
123600,50.164999999999999,0.049860000000000002,50.013258064516137,0.049988709677419356
123660,50.164999999999999,0.049860000000000002,50.013258064516137,0.049988709677419356
123720,50.164999999999999,0.049860000000000002,50.013258064516137,0.049988709677419356
123780,50.164999999999999,0.049860000000000002,50.013258064516137,0.049988709677419356
123840,50.164999999999999,0.049860000000000002,50.013258064516137,0.049988709677419356
123900,50.164999999999999,0.049860000000000002,50.013258064516137,0.049988709677419356
123960,50.164999999999999,0.049860000000000002,50.013258064516137,0.049988709677419356
124020,50.164999999999999,0.049860000000000002,50.013258064516137,0.049988709677419356
124080,50.164999999999999,0.049860000000000002,50.013258064516137,0.049988709677419356
124140,50.164999999999999,0.049860000000000002,50.013258064516137,0.049988709677419356
124200,50.164999999999999,0.049860000000000002,50.013258064516137,0.049988709677419356
124260,50.164999999999999,0.049860000000000002,50.013258064516137,0.049988709677419356
124320,50.164999999999999,0.049860000000000002,50.013258064516137,0.049988709677419356
124380,50.164999999999999,0.049860000000000002,50.013258064516137,0.049988709677419356
124440,50.164999999999999,0.049860000000000002,50.013258064516137,0.049988709677419356
124500,50.164999999999999,0.049860000000000002,50.013258064516137,0.049988709677419356
124560,50.164999999999999,0.049860000000000002,50.013258064516137,0.049988709677419356
124620,50.164999999999999,0.049860000000000002,50.013258064516137,0.049988709677419356
124680,50.164999999999999,0.049860000000000002,50.013258064516137,0.049988709677419356
124740,50.164999999999999,0.049860000000000002,50.013258064516137,0.049988709677419356
124800,50.164999999999999,0.049860000000000002,50.013258064516137,0.049988709677419356
124860,50.164999999999999,0.049860000000000002,50.013258064516137,0.049988709677419356
124920,50.164999999999999,0.049860000000000002,50.013258064516137,0.049988709677419356
124980,50.164999999999999,0.049860000000000002,50.013258064516137,0.049988709677419356
125040,50.164999999999999,0.049860000000000002,50.013258064516137,0.049988709677419356
125100,50.164999999999999,0.049860000000000002,50.013258064516137,0.049988709677419356
125160,50.164999999999999,0.049860000000000002,50.013258064516137,0.049988709677419356
125220,50.164999999999999,0.049860000000000002,50.013258064516137,0.049988709677419356
125280,50.164999999999999,0.049860000000000002,50.013258064516137,0.049988709677419356
125340,50.164999999999999,0.049860000000000002,50.013258064516137,0.049988709677419356
125400,50.164999999999999,0.049860000000000002,50.013258064516137,0.049988709677419356
125460,50.164999999999999,0.049860000000000002,50.013258064516137,0.049988709677419356
125520,50.164999999999999,0.049860000000000002,50.013258064516137,0.049988709677419356
125580,50.164999999999999,0.049860000000000002,50.013258064516137,0.049988709677419356
125640,50.164999999999999,0.049860000000000002,50.013258064516137,0.049988709677419356
125700,50.164999999999999,0.049860000000000002,50.013258064516137,0.049988709677419356
125760,50.164999999999999,0.049860000000000002,50.013258064516137,0.049988709677419356
125820,50.164999999999999,0.049860000000000002,50.013258064516137,0.049988709677419356
125880,50.164999999999999,0.049860000000000002,50.013258064516137,0.049988709677419356
125940,50.164999999999999,0.049860000000000002,50.013258064516137,0.049988709677419356
126000,50.164999999999999,0.049860000000000002,50.013258064516137,0.049988709677419356
126060,50.164999999999999,0.049860000000000002,50.013258064516137,0.049988709677419356
126120,50.164999999999999,0.049860000000000002,50.013258064516137,0.049988709677419356
126180,50.164999999999999,0.049860000000000002,50.013258064516137,0.049988709677419356
126240,50.164999999999999,0.049860000000000002,50.013258064516137,0.049988709677419356
126300,50.164999999999999,0.049860000000000002,50.013258064516137,0.049988709677419356
126360,50.164999999999999,0.049860000000000002,50.013258064516137,0.049988709677419356
126420,50.164999999999999,0.049860000000000002,50.013258064516137,0.049988709677419356
126480,50.164999999999999,0.049860000000000002,50.013258064516137,0.049988709677419356
126540,50.164999999999999,0.049860000000000002,50.013258064516137,0.049988709677419356
126600,50.164999999999999,0.049860000000000002,50.013258064516137,0.049988709677419356
126660,50.164999999999999,0.049860000000000002,50.013258064516137,0.049988709677419356
126720,50.164999999999999,0.049860000000000002,50.013258064516137,0.049988709677419356
126780,50.164999999999999,0.049860000000000002,50.013258064516137,0.049988709677419356
126840,50.164999999999999,0.049860000000000002,50.013258064516137,0.049988709677419356
126900,50.164999999999999,0.049860000000000002,50.013258064516137,0.049988709677419356
126960,50.164999999999999,0.049860000000000002,50.013258064516137,0.049988709677419356
127020,50.164999999999999,0.049860000000000002,50.013258064516137,0.049988709677419356
127080,50.164999999999999,0.049860000000000002,50.013258064516137,0.049988709677419356
127140,50.164999999999999,0.049860000000000002,50.013258064516137,0.049988709677419356
127200,50.164999999999999,0.049860000000000002,50.013258064516137,0.049988709677419356
127260,50.164999999999999,0.049860000000000002,50.013258064516137,0.049988709677419356
127320,50.164999999999999,0.049860000000000002,50.013258064516137,0.049988709677419356
127380,50.164999999999999,0.049860000000000002,50.013258064516137,0.049988709677419356
127440,50.164999999999999,0.049860000000000002,50.013258064516137,0.049988709677419356
127500,50.164999999999999,0.049860000000000002,50.013258064516137,0.049988709677419356
127560,50.164999999999999,0.049860000000000002,50.013258064516137,0.049988709677419356
127620,50.164999999999999,0.049860000000000002,50.013258064516137,0.049988709677419356
127680,50.164999999999999,0.049860000000000002,50.013258064516137,0.049988709677419356
127740,50.164999999999999,0.049860000000000002,50.013258064516137,0.049988709677419356
127800,50.164999999999999,0.049860000000000002,50.013258064516137,0.049988709677419356
127860,50.164999999999999,0.049860000000000002,50.013258064516137,0.049988709677419356
127920,50.164999999999999,0.049860000000000002,50.013258064516137,0.049988709677419356
127980,50.164999999999999,0.049860000000000002,50.013258064516137,0.049988709677419356
128040,50.164999999999999,0.049860000000000002,50.013258064516137,0.049988709677419356
128100,50.164999999999999,0.049860000000000002,50.013258064516137,0.049988709677419356
128160,50.164999999999999,0.049860000000000002,50.013258064516137,0.049988709677419356
128220,50.164999999999999,0.049860000000000002,50.013258064516137,0.049988709677419356
128280,50.164999999999999,0.049860000000000002,50.013258064516137,0.049988709677419356
128340,50.164999999999999,0.049860000000000002,50.013258064516137,0.049988709677419356
128400,50.164999999999999,0.049860000000000002,50.013258064516137,0.049988709677419356
128460,50.164999999999999,0.049860000000000002,50.013258064516137,0.049988709677419356
128520,50.164999999999999,0.049860000000000002,50.013258064516137,0.049988709677419356
128580,50.164999999999999,0.049860000000000002,50.013258064516137,0.049988709677419356
128640,50.164999999999999,0.049860000000000002,50.013258064516137,0.049988709677419356
128700,50.164999999999999,0.049860000000000002,50.013258064516137,0.049988709677419356
128760,50.164999999999999,0.049860000000000002,50.013258064516137,0.049988709677419356
128820,50.164999999999999,0.049860000000000002,50.013258064516137,0.049988709677419356
128880,50.164999999999999,0.049860000000000002,50.013258064516137,0.049988709677419356
128940,50.164999999999999,0.049860000000000002,50.013258064516137,0.049988709677419356
129000,50.164999999999999,0.049860000000000002,50.013258064516137,0.049988709677419356
129060,50.164999999999999,0.049860000000000002,50.013258064516137,0.049988709677419356
129120,50.164999999999999,0.049860000000000002,50.013258064516137,0.049988709677419356
129180,50.164999999999999,0.049860000000000002,50.013258064516137,0.049988709677419356
129240,50.164999999999999,0.049860000000000002,50.013258064516137,0.049988709677419356
129300,50.164999999999999,0.049860000000000002,50.013258064516137,0.049988709677419356
129360,50.164999999999999,0.049860000000000002,50.013258064516137,0.049988709677419356
129420,50.164999999999999,0.049860000000000002,50.013258064516137,0.049988709677419356
129480,50.164999999999999,0.049860000000000002,50.013258064516137,0.049988709677419356
129540,50.164999999999999,0.049860000000000002,50.013258064516137,0.049988709677419356
129600,50.164999999999999,0.049860000000000002,50.013258064516137,0.049988709677419356
129660,50.164999999999999,0.049860000000000002,50.013258064516137,0.049988709677419356
129720,50.164999999999999,0.049860000000000002,50.013258064516137,0.049988709677419356
129780,50.164999999999999,0.049860000000000002,50.013258064516137,0.049988709677419356
129840,50.164999999999999,0.049860000000000002,50.013258064516137,0.049988709677419356
129900,50.164999999999999,0.049860000000000002,50.013258064516137,0.049988709677419356
129960,50.164999999999999,0.049860000000000002,50.013258064516137,0.049988709677419356
130020,50.164999999999999,0.049860000000000002,50.013258064516137,0.049988709677419356
130080,50.164999999999999,0.049860000000000002,50.013258064516137,0.049988709677419356
130140,50.164999999999999,0.049860000000000002,50.013258064516137,0.049988709677419356
130200,50.164999999999999,0.049860000000000002,50.013258064516137,0.049988709677419356
130260,50.164999999999999,0.049860000000000002,50.013258064516137,0.049988709677419356
130320,50.164999999999999,0.049860000000000002,50.013258064516137,0.049988709677419356
130380,50.164999999999999,0.049860000000000002,50.013258064516137,0.049988709677419356
130440,50.164999999999999,0.049860000000000002,50.013258064516137,0.049988709677419356
130500,50.164999999999999,0.049860000000000002,50.013258064516137,0.049988709677419356
130560,50.164999999999999,0.049860000000000002,50.013258064516137,0.049988709677419356
130620,50.164999999999999,0.049860000000000002,50.013258064516137,0.049988709677419356
130680,50.164999999999999,0.049860000000000002,50.013258064516137,0.049988709677419356
130740,50.164999999999999,0.049860000000000002,50.013258064516137,0.049988709677419356
130800,50.164999999999999,0.049860000000000002,50.013258064516137,0.049988709677419356
130860,50.164999999999999,0.049860000000000002,50.013258064516137,0.049988709677419356
130920,50.164999999999999,0.049860000000000002,50.013258064516137,0.049988709677419356
130980,50.164999999999999,0.049860000000000002,50.013258064516137,0.049988709677419356
131040,50.164999999999999,0.049860000000000002,50.013258064516137,0.049988709677419356
131100,50.164999999999999,0.049860000000000002,50.013258064516137,0.049988709677419356
131160,50.164999999999999,0.049860000000000002,50.013258064516137,0.049988709677419356
131220,50.164999999999999,0.049860000000000002,50.013258064516137,0.049988709677419356
131280,50.164999999999999,0.049860000000000002,50.013258064516137,0.049988709677419356
131340,50.164999999999999,0.049860000000000002,50.013258064516137,0.049988709677419356
131400,50.164999999999999,0.049860000000000002,50.013258064516137,0.049988709677419356
131460,50.164999999999999,0.049860000000000002,50.013258064516137,0.049988709677419356
131520,50.164999999999999,0.049860000000000002,50.013258064516137,0.049988709677419356
131580,50.164999999999999,0.049860000000000002,50.013258064516137,0.049988709677419356
131640,50.164999999999999,0.049860000000000002,50.013258064516137,0.049988709677419356
131700,50.164999999999999,0.049860000000000002,50.013258064516137,0.049988709677419356
131760,50.164999999999999,0.049860000000000002,50.013258064516137,0.049988709677419356
131820,50.164999999999999,0.049860000000000002,50.013258064516137,0.049988709677419356
131880,50.164999999999999,0.049860000000000002,50.013258064516137,0.049988709677419356
131940,50.164999999999999,0.049860000000000002,50.013258064516137,0.049988709677419356
132000,50.164999999999999,0.049860000000000002,50.013258064516137,0.049988709677419356
132060,50.164999999999999,0.049860000000000002,50.013258064516137,0.049988709677419356
132120,50.164999999999999,0.049860000000000002,50.013258064516137,0.049988709677419356
132180,50.164999999999999,0.049860000000000002,50.013258064516137,0.049988709677419356
132240,50.164999999999999,0.049860000000000002,50.013258064516137,0.049988709677419356
132300,50.164999999999999,0.049860000000000002,50.013258064516137,0.049988709677419356
132360,50.164999999999999,0.049860000000000002,50.013258064516137,0.049988709677419356
132420,50.164999999999999,0.049860000000000002,50.013258064516137,0.049988709677419356
132480,50.164999999999999,0.049860000000000002,50.013258064516137,0.049988709677419356
132540,50.164999999999999,0.049860000000000002,50.013258064516137,0.049988709677419356
132600,50.164999999999999,0.049860000000000002,50.013258064516137,0.049988709677419356
132660,50.164999999999999,0.049860000000000002,50.013258064516137,0.049988709677419356
132720,50.164999999999999,0.049860000000000002,50.013258064516137,0.049988709677419356
132780,50.164999999999999,0.049860000000000002,50.013258064516137,0.049988709677419356
132840,50.164999999999999,0.049860000000000002,50.013258064516137,0.049988709677419356
132900,50.164999999999999,0.049860000000000002,50.013258064516137,0.049988709677419356
132960,50.164999999999999,0.049860000000000002,50.013258064516137,0.049988709677419356
133020,50.164999999999999,0.049860000000000002,50.013258064516137,0.049988709677419356
133080,50.164999999999999,0.049860000000000002,50.013258064516137,0.049988709677419356
133140,50.164999999999999,0.049860000000000002,50.013258064516137,0.049988709677419356
133200,50.164999999999999,0.049860000000000002,50.013258064516137,0.049988709677419356
133260,50.164999999999999,0.049860000000000002,50.013258064516137,0.049988709677419356
133320,50.164999999999999,0.049860000000000002,50.013258064516137,0.049988709677419356
133380,50.164999999999999,0.049860000000000002,50.013258064516137,0.049988709677419356
133440,50.164999999999999,0.049860000000000002,50.013258064516137,0.049988709677419356
133500,50.164999999999999,0.049860000000000002,50.013258064516137,0.049988709677419356
133560,50.164999999999999,0.049860000000000002,50.013258064516137,0.049988709677419356
133620,50.164999999999999,0.049860000000000002,50.013258064516137,0.049988709677419356
133680,50.164999999999999,0.049860000000000002,50.013258064516137,0.049988709677419356
133740,50.164999999999999,0.049860000000000002,50.013258064516137,0.049988709677419356
133800,50.164999999999999,0.049860000000000002,50.013258064516137,0.049988709677419356
133860,50.164999999999999,0.049860000000000002,50.013258064516137,0.049988709677419356
133920,50.164999999999999,0.049860000000000002,50.013258064516137,0.049988709677419356
133980,50.164999999999999,0.049860000000000002,50.013258064516137,0.049988709677419356
134040,50.164999999999999,0.049860000000000002,50.013258064516137,0.049988709677419356
134100,50.164999999999999,0.049860000000000002,50.013258064516137,0.049988709677419356
134160,50.164999999999999,0.049860000000000002,50.013258064516137,0.049988709677419356
134220,50.164999999999999,0.049860000000000002,50.013258064516137,0.049988709677419356
134280,50.164999999999999,0.049860000000000002,50.013258064516137,0.049988709677419356
134340,50.164999999999999,0.049860000000000002,50.013258064516137,0.049988709677419356
134400,50.164999999999999,0.049860000000000002,50.013258064516137,0.049988709677419356
134460,50.164999999999999,0.049860000000000002,50.013258064516137,0.049988709677419356
134520,50.164999999999999,0.049860000000000002,50.013258064516137,0.049988709677419356
134580,50.164999999999999,0.049860000000000002,50.013258064516137,0.049988709677419356
134640,50.164999999999999,0.049860000000000002,50.013258064516137,0.049988709677419356
134700,50.164999999999999,0.049860000000000002,50.013258064516137,0.049988709677419356
134760,50.164999999999999,0.049860000000000002,50.013258064516137,0.049988709677419356
134820,50.164999999999999,0.049860000000000002,50.013258064516137,0.049988709677419356
134880,50.164999999999999,0.049860000000000002,50.013258064516137,0.049988709677419356
134940,50.164999999999999,0.049860000000000002,50.013258064516137,0.049988709677419356
135000,50.164999999999999,0.049860000000000002,50.013258064516137,0.049988709677419356
135060,50.164999999999999,0.049860000000000002,50.013258064516137,0.049988709677419356
135120,50.164999999999999,0.049860000000000002,50.013258064516137,0.049988709677419356
135180,50.164999999999999,0.049860000000000002,50.013258064516137,0.049988709677419356
135240,50.164999999999999,0.049860000000000002,50.013258064516137,0.049988709677419356
135300,50.164999999999999,0.049860000000000002,50.013258064516137,0.049988709677419356
135360,50.164999999999999,0.049860000000000002,50.013258064516137,0.049988709677419356
135420,50.164999999999999,0.049860000000000002,50.013258064516137,0.049988709677419356
135480,50.164999999999999,0.049860000000000002,50.013258064516137,0.049988709677419356
135540,50.164999999999999,0.049860000000000002,50.013258064516137,0.049988709677419356
135600,50.164999999999999,0.049860000000000002,50.013258064516137,0.049988709677419356
135660,50.164999999999999,0.049860000000000002,50.013258064516137,0.049988709677419356
135720,50.164999999999999,0.049860000000000002,50.013258064516137,0.049988709677419356
135780,50.164999999999999,0.049860000000000002,50.013258064516137,0.049988709677419356
135840,50.164999999999999,0.049860000000000002,50.013258064516137,0.049988709677419356
135900,50.164999999999999,0.049860000000000002,50.013258064516137,0.049988709677419356
135960,50.164999999999999,0.049860000000000002,50.013258064516137,0.049988709677419356
136020,50.164999999999999,0.049860000000000002,50.013258064516137,0.049988709677419356
136080,50.164999999999999,0.049860000000000002,50.013258064516137,0.049988709677419356
136140,50.164999999999999,0.049860000000000002,50.013258064516137,0.049988709677419356
136200,50.164999999999999,0.049860000000000002,50.013258064516137,0.049988709677419356
136260,50.164999999999999,0.049860000000000002,50.013258064516137,0.049988709677419356
136320,50.164999999999999,0.049860000000000002,50.013258064516137,0.049988709677419356
136380,50.164999999999999,0.049860000000000002,50.013258064516137,0.049988709677419356
136440,50.164999999999999,0.049860000000000002,50.013258064516137,0.049988709677419356
136500,50.164999999999999,0.049860000000000002,50.013258064516137,0.049988709677419356
136560,50.164999999999999,0.049860000000000002,50.013258064516137,0.049988709677419356
136620,50.164999999999999,0.049860000000000002,50.013258064516137,0.049988709677419356
136680,50.164999999999999,0.049860000000000002,50.013258064516137,0.049988709677419356
136740,50.164999999999999,0.049860000000000002,50.013258064516137,0.049988709677419356
136800,50.164999999999999,0.049860000000000002,50.013258064516137,0.049988709677419356
136860,50.164999999999999,0.049860000000000002,50.013258064516137,0.049988709677419356
136920,50.164999999999999,0.049860000000000002,50.013258064516137,0.049988709677419356
136980,50.164999999999999,0.049860000000000002,50.013258064516137,0.049988709677419356
137040,50.164999999999999,0.049860000000000002,50.013258064516137,0.049988709677419356
137100,50.164999999999999,0.049860000000000002,50.013258064516137,0.049988709677419356
137160,50.164999999999999,0.049860000000000002,50.013258064516137,0.049988709677419356
137220,50.164999999999999,0.049860000000000002,50.013258064516137,0.049988709677419356
137280,50.164999999999999,0.049860000000000002,50.013258064516137,0.049988709677419356
137340,50.164999999999999,0.049860000000000002,50.013258064516137,0.049988709677419356
137400,50.164999999999999,0.049860000000000002,50.013258064516137,0.049988709677419356
137460,50.164999999999999,0.049860000000000002,50.013258064516137,0.049988709677419356
137520,50.164999999999999,0.049860000000000002,50.013258064516137,0.049988709677419356
137580,50.164999999999999,0.049860000000000002,50.013258064516137,0.049988709677419356
137640,50.164999999999999,0.049860000000000002,50.013258064516137,0.049988709677419356
137700,50.164999999999999,0.049860000000000002,50.013258064516137,0.049988709677419356
137760,50.164999999999999,0.049860000000000002,50.013258064516137,0.049988709677419356
137820,50.164999999999999,0.049860000000000002,50.013258064516137,0.049988709677419356
137880,50.164999999999999,0.049860000000000002,50.013258064516137,0.049988709677419356
137940,50.164999999999999,0.049860000000000002,50.013258064516137,0.049988709677419356
138000,50.164999999999999,0.049860000000000002,50.013258064516137,0.049988709677419356
138060,50.164999999999999,0.049860000000000002,50.013258064516137,0.049988709677419356
138120,50.164999999999999,0.049860000000000002,50.013258064516137,0.049988709677419356
138180,50.164999999999999,0.049860000000000002,50.013258064516137,0.049988709677419356
138240,50.164999999999999,0.049860000000000002,50.013258064516137,0.049988709677419356
138300,50.164999999999999,0.049860000000000002,50.013258064516137,0.049988709677419356
138360,50.164999999999999,0.049860000000000002,50.013258064516137,0.049988709677419356
138420,50.164999999999999,0.049860000000000002,50.013258064516137,0.049988709677419356
138480,50.164999999999999,0.049860000000000002,50.013258064516137,0.049988709677419356
138540,50.164999999999999,0.049860000000000002,50.013258064516137,0.049988709677419356
138600,50.164999999999999,0.049860000000000002,50.013258064516137,0.049988709677419356
138660,50.164999999999999,0.049860000000000002,50.013258064516137,0.049988709677419356
138720,50.164999999999999,0.049860000000000002,50.013258064516137,0.049988709677419356
138780,50.164999999999999,0.049860000000000002,50.013258064516137,0.049988709677419356
138840,50.164999999999999,0.049860000000000002,50.013258064516137,0.049988709677419356
138900,50.164999999999999,0.049860000000000002,50.013258064516137,0.049988709677419356
138960,50.164999999999999,0.049860000000000002,50.013258064516137,0.049988709677419356
139020,50.164999999999999,0.049860000000000002,50.013258064516137,0.049988709677419356
139080,50.164999999999999,0.049860000000000002,50.013258064516137,0.049988709677419356
139140,50.164999999999999,0.049860000000000002,50.013258064516137,0.049988709677419356
139200,50.164999999999999,0.049860000000000002,50.013258064516137,0.049988709677419356
139260,50.164999999999999,0.049860000000000002,50.013258064516137,0.049988709677419356
139320,50.164999999999999,0.049860000000000002,50.013258064516137,0.049988709677419356
139380,50.164999999999999,0.049860000000000002,50.013258064516137,0.049988709677419356
139440,50.164999999999999,0.049860000000000002,50.013258064516137,0.049988709677419356
139500,50.164999999999999,0.049860000000000002,50.013258064516137,0.049988709677419356
139560,50.164999999999999,0.049860000000000002,50.013258064516137,0.049988709677419356
139620,50.164999999999999,0.049860000000000002,50.013258064516137,0.049988709677419356
139680,50.164999999999999,0.049860000000000002,50.013258064516137,0.049988709677419356
139740,50.164999999999999,0.049860000000000002,50.013258064516137,0.049988709677419356
139800,50.164999999999999,0.049860000000000002,50.013258064516137,0.049988709677419356
139860,50.164999999999999,0.049860000000000002,50.013258064516137,0.049988709677419356
139920,50.164999999999999,0.049860000000000002,50.013258064516137,0.049988709677419356
139980,50.164999999999999,0.049860000000000002,50.013258064516137,0.049988709677419356
140040,50.164999999999999,0.049860000000000002,50.013258064516137,0.049988709677419356
140100,50.164999999999999,0.049860000000000002,50.013258064516137,0.049988709677419356
140160,50.164999999999999,0.049860000000000002,50.013258064516137,0.049988709677419356
140220,50.164999999999999,0.049860000000000002,50.013258064516137,0.049988709677419356
140280,50.164999999999999,0.049860000000000002,50.013258064516137,0.049988709677419356
140340,50.164999999999999,0.049860000000000002,50.013258064516137,0.049988709677419356
140400,50.164999999999999,0.049860000000000002,50.013258064516137,0.049988709677419356
140460,50.164999999999999,0.049860000000000002,50.013258064516137,0.049988709677419356
140520,50.164999999999999,0.049860000000000002,50.013258064516137,0.049988709677419356
140580,50.164999999999999,0.049860000000000002,50.013258064516137,0.049988709677419356
140640,50.164999999999999,0.049860000000000002,50.013258064516137,0.049988709677419356
140700,50.164999999999999,0.049860000000000002,50.013258064516137,0.049988709677419356
140760,50.164999999999999,0.049860000000000002,50.013258064516137,0.049988709677419356
140820,50.164999999999999,0.049860000000000002,50.013258064516137,0.049988709677419356
140880,50.164999999999999,0.049860000000000002,50.013258064516137,0.049988709677419356
140940,50.164999999999999,0.049860000000000002,50.013258064516137,0.049988709677419356
141000,50.164999999999999,0.049860000000000002,50.013258064516137,0.049988709677419356
141060,50.164999999999999,0.049860000000000002,50.013258064516137,0.049988709677419356
141120,50.164999999999999,0.049860000000000002,50.013258064516137,0.049988709677419356
141180,50.164999999999999,0.049860000000000002,50.013258064516137,0.049988709677419356
141240,50.164999999999999,0.049860000000000002,50.013258064516137,0.049988709677419356
141300,50.164999999999999,0.049860000000000002,50.013258064516137,0.049988709677419356
141360,50.164999999999999,0.049860000000000002,50.013258064516137,0.049988709677419356
141420,50.164999999999999,0.049860000000000002,50.013258064516137,0.049988709677419356
141480,50.164999999999999,0.049860000000000002,50.013258064516137,0.049988709677419356
141540,50.164999999999999,0.049860000000000002,50.013258064516137,0.049988709677419356
141600,50.164999999999999,0.049860000000000002,50.013258064516137,0.049988709677419356
141660,50.164999999999999,0.049860000000000002,50.013258064516137,0.049988709677419356
141720,50.164999999999999,0.049860000000000002,50.013258064516137,0.049988709677419356
141780,50.164999999999999,0.049860000000000002,50.013258064516137,0.049988709677419356
141840,50.164999999999999,0.049860000000000002,50.013258064516137,0.049988709677419356
141900,50.164999999999999,0.049860000000000002,50.013258064516137,0.049988709677419356
141960,50.164999999999999,0.049860000000000002,50.013258064516137,0.049988709677419356
142020,50.164999999999999,0.049860000000000002,50.013258064516137,0.049988709677419356
142080,50.164999999999999,0.049860000000000002,50.013258064516137,0.049988709677419356
142140,50.164999999999999,0.049860000000000002,50.013258064516137,0.049988709677419356
142200,50.164999999999999,0.049860000000000002,50.013258064516137,0.049988709677419356
142260,50.164999999999999,0.049860000000000002,50.013258064516137,0.049988709677419356
142320,50.164999999999999,0.049860000000000002,50.013258064516137,0.049988709677419356
142380,50.164999999999999,0.049860000000000002,50.013258064516137,0.049988709677419356
142440,50.164999999999999,0.049860000000000002,50.013258064516137,0.049988709677419356
142500,50.164999999999999,0.049860000000000002,50.013258064516137,0.049988709677419356
142560,50.164999999999999,0.049860000000000002,50.013258064516137,0.049988709677419356
142620,50.164999999999999,0.049860000000000002,50.013258064516137,0.049988709677419356
142680,50.164999999999999,0.049860000000000002,50.013258064516137,0.049988709677419356
142740,50.164999999999999,0.049860000000000002,50.013258064516137,0.049988709677419356
142800,50.164999999999999,0.049860000000000002,50.013258064516137,0.049988709677419356
142860,50.164999999999999,0.049860000000000002,50.013258064516137,0.049988709677419356
142920,50.164999999999999,0.049860000000000002,50.013258064516137,0.049988709677419356
142980,50.164999999999999,0.049860000000000002,50.013258064516137,0.049988709677419356
143040,50.164999999999999,0.049860000000000002,50.013258064516137,0.049988709677419356
143100,50.164999999999999,0.049860000000000002,50.013258064516137,0.049988709677419356
143160,50.164999999999999,0.049860000000000002,50.013258064516137,0.049988709677419356
143220,50.164999999999999,0.049860000000000002,50.013258064516137,0.049988709677419356
143280,50.164999999999999,0.049860000000000002,50.013258064516137,0.049988709677419356
143340,50.164999999999999,0.049860000000000002,50.013258064516137,0.049988709677419356
143400,50.164999999999999,0.049860000000000002,50.013258064516137,0.049988709677419356
143460,50.164999999999999,0.049860000000000002,50.013258064516137,0.049988709677419356
143520,50.164999999999999,0.049860000000000002,50.013258064516137,0.049988709677419356
143580,50.164999999999999,0.049860000000000002,50.013258064516137,0.049988709677419356
143640,50.164999999999999,0.049860000000000002,50.013258064516137,0.049988709677419356
143700,50.164999999999999,0.049860000000000002,50.013258064516137,0.049988709677419356
143760,50.164999999999999,0.049860000000000002,50.013258064516137,0.049988709677419356
143820,50.164999999999999,0.049860000000000002,50.013258064516137,0.049988709677419356
143880,50.164999999999999,0.049860000000000002,50.013258064516137,0.049988709677419356
143940,50.164999999999999,0.049860000000000002,50.013258064516137,0.049988709677419356
144000,50.164999999999999,0.049860000000000002,50.013258064516137,0.049988709677419356
144060,50.164999999999999,0.049860000000000002,50.013258064516137,0.049988709677419356
144120,50.164999999999999,0.049860000000000002,50.013258064516137,0.049988709677419356
144180,50.164999999999999,0.049860000000000002,50.013258064516137,0.049988709677419356
144240,50.164999999999999,0.049860000000000002,50.013258064516137,0.049988709677419356
144300,50.164999999999999,0.049860000000000002,50.013258064516137,0.049988709677419356
144360,50.164999999999999,0.049860000000000002,50.013258064516137,0.049988709677419356
144420,50.164999999999999,0.049860000000000002,50.013258064516137,0.049988709677419356
144480,50.164999999999999,0.049860000000000002,50.013258064516137,0.049988709677419356
144540,50.164999999999999,0.049860000000000002,50.013258064516137,0.049988709677419356
144600,50.164999999999999,0.049860000000000002,50.013258064516137,0.049988709677419356
144660,50.164999999999999,0.049860000000000002,50.013258064516137,0.049988709677419356
144720,50.164999999999999,0.049860000000000002,50.013258064516137,0.049988709677419356
144780,50.164999999999999,0.049860000000000002,50.013258064516137,0.049988709677419356
144840,50.164999999999999,0.049860000000000002,50.013258064516137,0.049988709677419356
144900,50.164999999999999,0.049860000000000002,50.013258064516137,0.049988709677419356
144960,50.164999999999999,0.049860000000000002,50.013258064516137,0.049988709677419356
145020,50.164999999999999,0.049860000000000002,50.013258064516137,0.049988709677419356
145080,50.164999999999999,0.049860000000000002,50.013258064516137,0.049988709677419356
145140,50.164999999999999,0.049860000000000002,50.013258064516137,0.049988709677419356
145200,50.164999999999999,0.049860000000000002,50.013258064516137,0.049988709677419356
145260,50.164999999999999,0.049860000000000002,50.013258064516137,0.049988709677419356
145320,50.164999999999999,0.049860000000000002,50.013258064516137,0.049988709677419356
145380,50.164999999999999,0.049860000000000002,50.013258064516137,0.049988709677419356
145440,50.164999999999999,0.049860000000000002,50.013258064516137,0.049988709677419356
145500,50.164999999999999,0.049860000000000002,50.013258064516137,0.049988709677419356
145560,50.164999999999999,0.049860000000000002,50.013258064516137,0.049988709677419356
145620,50.164999999999999,0.049860000000000002,50.013258064516137,0.049988709677419356
145680,50.164999999999999,0.049860000000000002,50.013258064516137,0.049988709677419356
145740,50.164999999999999,0.049860000000000002,50.013258064516137,0.049988709677419356
145800,50.164999999999999,0.049860000000000002,50.013258064516137,0.049988709677419356
145860,50.164999999999999,0.049860000000000002,50.013258064516137,0.049988709677419356
145920,50.164999999999999,0.049860000000000002,50.013258064516137,0.049988709677419356
145980,50.164999999999999,0.049860000000000002,50.013258064516137,0.049988709677419356
146040,50.164999999999999,0.049860000000000002,50.013258064516137,0.049988709677419356
146100,50.164999999999999,0.049860000000000002,50.013258064516137,0.049988709677419356
146160,50.164999999999999,0.049860000000000002,50.013258064516137,0.049988709677419356
146220,50.164999999999999,0.049860000000000002,50.013258064516137,0.049988709677419356
146280,50.164999999999999,0.049860000000000002,50.013258064516137,0.049988709677419356
146340,50.164999999999999,0.049860000000000002,50.013258064516137,0.049988709677419356
146400,50.164999999999999,0.049860000000000002,50.013258064516137,0.049988709677419356
146460,50.164999999999999,0.049860000000000002,50.013258064516137,0.049988709677419356
146520,50.164999999999999,0.049860000000000002,50.013258064516137,0.049988709677419356
146580,50.164999999999999,0.049860000000000002,50.013258064516137,0.049988709677419356
146640,50.164999999999999,0.049860000000000002,50.013258064516137,0.049988709677419356
146700,50.164999999999999,0.049860000000000002,50.013258064516137,0.049988709677419356
146760,50.164999999999999,0.049860000000000002,50.013258064516137,0.049988709677419356
146820,50.164999999999999,0.049860000000000002,50.013258064516137,0.049988709677419356
146880,50.164999999999999,0.049860000000000002,50.013258064516137,0.049988709677419356
146940,50.164999999999999,0.049860000000000002,50.013258064516137,0.049988709677419356
147000,50.164999999999999,0.049860000000000002,50.013258064516137,0.049988709677419356
147060,50.164999999999999,0.049860000000000002,50.013258064516137,0.049988709677419356
147120,50.164999999999999,0.049860000000000002,50.013258064516137,0.049988709677419356
147180,50.164999999999999,0.049860000000000002,50.013258064516137,0.049988709677419356
147240,50.164999999999999,0.049860000000000002,50.013258064516137,0.049988709677419356
147300,50.164999999999999,0.049860000000000002,50.013258064516137,0.049988709677419356
147360,50.164999999999999,0.049860000000000002,50.013258064516137,0.049988709677419356
147420,50.164999999999999,0.049860000000000002,50.013258064516137,0.049988709677419356
147480,50.164999999999999,0.049860000000000002,50.013258064516137,0.049988709677419356
147540,50.164999999999999,0.049860000000000002,50.013258064516137,0.049988709677419356
147600,50.164999999999999,0.049860000000000002,50.013258064516137,0.049988709677419356
147660,50.164999999999999,0.049860000000000002,50.013258064516137,0.049988709677419356
147720,50.164999999999999,0.049860000000000002,50.013258064516137,0.049988709677419356
147780,50.164999999999999,0.049860000000000002,50.013258064516137,0.049988709677419356
147840,50.164999999999999,0.049860000000000002,50.013258064516137,0.049988709677419356
147900,50.164999999999999,0.049860000000000002,50.013258064516137,0.049988709677419356
147960,50.164999999999999,0.049860000000000002,50.013258064516137,0.049988709677419356
148020,50.164999999999999,0.049860000000000002,50.013258064516137,0.049988709677419356
148080,50.164999999999999,0.049860000000000002,50.013258064516137,0.049988709677419356
148140,50.164999999999999,0.049860000000000002,50.013258064516137,0.049988709677419356
148200,50.164999999999999,0.049860000000000002,50.013258064516137,0.049988709677419356
148260,50.164999999999999,0.049860000000000002,50.013258064516137,0.049988709677419356
148320,50.164999999999999,0.049860000000000002,50.013258064516137,0.049988709677419356
148380,50.164999999999999,0.049860000000000002,50.013258064516137,0.049988709677419356
148440,50.164999999999999,0.049860000000000002,50.013258064516137,0.049988709677419356
148500,50.164999999999999,0.049860000000000002,50.013258064516137,0.049988709677419356
148560,50.164999999999999,0.049860000000000002,50.013258064516137,0.049988709677419356
148620,50.164999999999999,0.049860000000000002,50.013258064516137,0.049988709677419356
148680,50.164999999999999,0.049860000000000002,50.013258064516137,0.049988709677419356
148740,50.164999999999999,0.049860000000000002,50.013258064516137,0.049988709677419356
148800,50.164999999999999,0.049860000000000002,50.013258064516137,0.049988709677419356
148860,50.164999999999999,0.049860000000000002,50.013258064516137,0.049988709677419356
148920,50.164999999999999,0.049860000000000002,50.013258064516137,0.049988709677419356
148980,50.164999999999999,0.049860000000000002,50.013258064516137,0.049988709677419356
149040,50.164999999999999,0.049860000000000002,50.013258064516137,0.049988709677419356
149100,50.164999999999999,0.049860000000000002,50.013258064516137,0.049988709677419356
149160,50.164999999999999,0.049860000000000002,50.013258064516137,0.049988709677419356
149220,50.164999999999999,0.049860000000000002,50.013258064516137,0.049988709677419356
149280,50.164999999999999,0.049860000000000002,50.013258064516137,0.049988709677419356
149340,50.164999999999999,0.049860000000000002,50.013258064516137,0.049988709677419356
149400,50.164999999999999,0.049860000000000002,50.013258064516137,0.049988709677419356
149460,50.164999999999999,0.049860000000000002,50.013258064516137,0.049988709677419356
149520,50.164999999999999,0.049860000000000002,50.013258064516137,0.049988709677419356
149580,50.164999999999999,0.049860000000000002,50.013258064516137,0.049988709677419356
149640,50.164999999999999,0.049860000000000002,50.013258064516137,0.049988709677419356
149700,50.164999999999999,0.049860000000000002,50.013258064516137,0.049988709677419356
149760,50.164999999999999,0.049860000000000002,50.013258064516137,0.049988709677419356
149820,50.164999999999999,0.049860000000000002,50.013258064516137,0.049988709677419356
149880,50.164999999999999,0.049860000000000002,50.013258064516137,0.049988709677419356
149940,50.164999999999999,0.049860000000000002,50.013258064516137,0.049988709677419356
150000,50.164999999999999,0.049860000000000002,50.013258064516137,0.049988709677419356
150060,50.164999999999999,0.049860000000000002,50.013258064516137,0.049988709677419356
150120,50.164999999999999,0.049860000000000002,50.013258064516137,0.049988709677419356
150180,50.164999999999999,0.049860000000000002,50.013258064516137,0.049988709677419356
150240,50.164999999999999,0.049860000000000002,50.013258064516137,0.049988709677419356
150300,50.164999999999999,0.049860000000000002,50.013258064516137,0.049988709677419356
150360,50.164999999999999,0.049860000000000002,50.013258064516137,0.049988709677419356
150420,50.164999999999999,0.049860000000000002,50.013258064516137,0.049988709677419356
150480,50.164999999999999,0.049860000000000002,50.013258064516137,0.049988709677419356
150540,50.164999999999999,0.049860000000000002,50.013258064516137,0.049988709677419356
150600,50.164999999999999,0.049860000000000002,50.013258064516137,0.049988709677419356
150660,50.164999999999999,0.049860000000000002,50.013258064516137,0.049988709677419356
150720,50.164999999999999,0.049860000000000002,50.013258064516137,0.049988709677419356
150780,50.164999999999999,0.049860000000000002,50.013258064516137,0.049988709677419356
150840,50.164999999999999,0.049860000000000002,50.013258064516137,0.049988709677419356
150900,50.164999999999999,0.049860000000000002,50.013258064516137,0.049988709677419356
150960,50.164999999999999,0.049860000000000002,50.013258064516137,0.049988709677419356
151020,50.164999999999999,0.049860000000000002,50.013258064516137,0.049988709677419356
151080,50.164999999999999,0.049860000000000002,50.013258064516137,0.049988709677419356
151140,50.164999999999999,0.049860000000000002,50.013258064516137,0.049988709677419356
151200,50.164999999999999,0.049860000000000002,50.013258064516137,0.049988709677419356
151260,50.164999999999999,0.049860000000000002,50.013258064516137,0.049988709677419356
151320,50.164999999999999,0.049860000000000002,50.013258064516137,0.049988709677419356
151380,50.164999999999999,0.049860000000000002,50.013258064516137,0.049988709677419356
151440,50.164999999999999,0.049860000000000002,50.013258064516137,0.049988709677419356
151500,50.164999999999999,0.049860000000000002,50.013258064516137,0.049988709677419356
151560,50.164999999999999,0.049860000000000002,50.013258064516137,0.049988709677419356
151620,50.164999999999999,0.049860000000000002,50.013258064516137,0.049988709677419356
151680,50.164999999999999,0.049860000000000002,50.013258064516137,0.049988709677419356
151740,50.164999999999999,0.049860000000000002,50.013258064516137,0.049988709677419356
151800,50.164999999999999,0.049860000000000002,50.013258064516137,0.049988709677419356
151860,50.164999999999999,0.049860000000000002,50.013258064516137,0.049988709677419356
151920,50.164999999999999,0.049860000000000002,50.013258064516137,0.049988709677419356
151980,50.164999999999999,0.049860000000000002,50.013258064516137,0.049988709677419356
152040,50.164999999999999,0.049860000000000002,50.013258064516137,0.049988709677419356
152100,50.164999999999999,0.049860000000000002,50.013258064516137,0.049988709677419356
152160,50.164999999999999,0.049860000000000002,50.013258064516137,0.049988709677419356
152220,50.164999999999999,0.049860000000000002,50.013258064516137,0.049988709677419356
152280,50.164999999999999,0.049860000000000002,50.013258064516137,0.049988709677419356
152340,50.164999999999999,0.049860000000000002,50.013258064516137,0.049988709677419356
152400,50.164999999999999,0.049860000000000002,50.013258064516137,0.049988709677419356
152460,50.164999999999999,0.049860000000000002,50.013258064516137,0.049988709677419356
152520,50.164999999999999,0.049860000000000002,50.013258064516137,0.049988709677419356
152580,50.164999999999999,0.049860000000000002,50.013258064516137,0.049988709677419356
152640,50.164999999999999,0.049860000000000002,50.013258064516137,0.049988709677419356
152700,50.164999999999999,0.049860000000000002,50.013258064516137,0.049988709677419356
152760,50.164999999999999,0.049860000000000002,50.013258064516137,0.049988709677419356
152820,50.164999999999999,0.049860000000000002,50.013258064516137,0.049988709677419356
152880,50.164999999999999,0.049860000000000002,50.013258064516137,0.049988709677419356
152940,50.164999999999999,0.049860000000000002,50.013258064516137,0.049988709677419356
153000,50.164999999999999,0.049860000000000002,50.013258064516137,0.049988709677419356
153060,50.164999999999999,0.049860000000000002,50.013258064516137,0.049988709677419356
153120,50.164999999999999,0.049860000000000002,50.013258064516137,0.049988709677419356
153180,50.164999999999999,0.049860000000000002,50.013258064516137,0.049988709677419356
153240,50.164999999999999,0.049860000000000002,50.013258064516137,0.049988709677419356
153300,50.164999999999999,0.049860000000000002,50.013258064516137,0.049988709677419356
153360,50.164999999999999,0.049860000000000002,50.013258064516137,0.049988709677419356
153420,50.164999999999999,0.049860000000000002,50.013258064516137,0.049988709677419356
153480,50.164999999999999,0.049860000000000002,50.013258064516137,0.049988709677419356
153540,50.164999999999999,0.049860000000000002,50.013258064516137,0.049988709677419356
153600,50.164999999999999,0.049860000000000002,50.013258064516137,0.049988709677419356
153660,50.164999999999999,0.049860000000000002,50.013258064516137,0.049988709677419356
153720,50.164999999999999,0.049860000000000002,50.013258064516137,0.049988709677419356
153780,50.164999999999999,0.049860000000000002,50.013258064516137,0.049988709677419356
153840,50.164999999999999,0.049860000000000002,50.013258064516137,0.049988709677419356
153900,50.164999999999999,0.049860000000000002,50.013258064516137,0.049988709677419356
153960,50.164999999999999,0.049860000000000002,50.013258064516137,0.049988709677419356
154020,50.164999999999999,0.049860000000000002,50.013258064516137,0.049988709677419356
154080,50.164999999999999,0.049860000000000002,50.013258064516137,0.049988709677419356
154140,50.164999999999999,0.049860000000000002,50.013258064516137,0.049988709677419356
154200,50.164999999999999,0.049860000000000002,50.013258064516137,0.049988709677419356
154260,50.164999999999999,0.049860000000000002,50.013258064516137,0.049988709677419356
154320,50.164999999999999,0.049860000000000002,50.013258064516137,0.049988709677419356
154380,50.164999999999999,0.049860000000000002,50.013258064516137,0.049988709677419356
154440,50.164999999999999,0.049860000000000002,50.013258064516137,0.049988709677419356
154500,50.164999999999999,0.049860000000000002,50.013258064516137,0.049988709677419356
154560,50.164999999999999,0.049860000000000002,50.013258064516137,0.049988709677419356
154620,50.164999999999999,0.049860000000000002,50.013258064516137,0.049988709677419356
154680,50.164999999999999,0.049860000000000002,50.013258064516137,0.049988709677419356
154740,50.164999999999999,0.049860000000000002,50.013258064516137,0.049988709677419356
154800,50.164999999999999,0.049860000000000002,50.013258064516137,0.049988709677419356
154860,50.164999999999999,0.049860000000000002,50.013258064516137,0.049988709677419356
154920,50.164999999999999,0.049860000000000002,50.013258064516137,0.049988709677419356
154980,50.164999999999999,0.049860000000000002,50.013258064516137,0.049988709677419356
155040,50.164999999999999,0.049860000000000002,50.013258064516137,0.049988709677419356
155100,50.164999999999999,0.049860000000000002,50.013258064516137,0.049988709677419356
155160,50.164999999999999,0.049860000000000002,50.013258064516137,0.049988709677419356
155220,50.164999999999999,0.049860000000000002,50.013258064516137,0.049988709677419356
155280,50.164999999999999,0.049860000000000002,50.013258064516137,0.049988709677419356
155340,50.164999999999999,0.049860000000000002,50.013258064516137,0.049988709677419356
155400,50.164999999999999,0.049860000000000002,50.013258064516137,0.049988709677419356
155460,50.164999999999999,0.049860000000000002,50.013258064516137,0.049988709677419356
155520,50.164999999999999,0.049860000000000002,50.013258064516137,0.049988709677419356
155580,50.164999999999999,0.049860000000000002,50.013258064516137,0.049988709677419356
155640,50.164999999999999,0.049860000000000002,50.013258064516137,0.049988709677419356
155700,50.164999999999999,0.049860000000000002,50.013258064516137,0.049988709677419356
155760,50.164999999999999,0.049860000000000002,50.013258064516137,0.049988709677419356
155820,50.164999999999999,0.049860000000000002,50.013258064516137,0.049988709677419356
155880,50.164999999999999,0.049860000000000002,50.013258064516137,0.049988709677419356
155940,50.164999999999999,0.049860000000000002,50.013258064516137,0.049988709677419356
156000,50.164999999999999,0.049860000000000002,50.013258064516137,0.049988709677419356
156060,50.164999999999999,0.049860000000000002,50.013258064516137,0.049988709677419356
156120,50.164999999999999,0.049860000000000002,50.013258064516137,0.049988709677419356
156180,50.164999999999999,0.049860000000000002,50.013258064516137,0.049988709677419356
156240,50.164999999999999,0.049860000000000002,50.013258064516137,0.049988709677419356
156300,50.164999999999999,0.049860000000000002,50.013258064516137,0.049988709677419356
156360,50.164999999999999,0.049860000000000002,50.013258064516137,0.049988709677419356
156420,50.164999999999999,0.049860000000000002,50.013258064516137,0.049988709677419356
156480,50.164999999999999,0.049860000000000002,50.013258064516137,0.049988709677419356
156540,50.164999999999999,0.049860000000000002,50.013258064516137,0.049988709677419356
156600,50.164999999999999,0.049860000000000002,50.013258064516137,0.049988709677419356
156660,50.164999999999999,0.049860000000000002,50.013258064516137,0.049988709677419356
156720,50.164999999999999,0.049860000000000002,50.013258064516137,0.049988709677419356
156780,50.164999999999999,0.049860000000000002,50.013258064516137,0.049988709677419356
156840,50.164999999999999,0.049860000000000002,50.013258064516137,0.049988709677419356
156900,50.164999999999999,0.049860000000000002,50.013258064516137,0.049988709677419356
156960,50.164999999999999,0.049860000000000002,50.013258064516137,0.049988709677419356
157020,50.164999999999999,0.049860000000000002,50.013258064516137,0.049988709677419356
157080,50.164999999999999,0.049860000000000002,50.013258064516137,0.049988709677419356
157140,50.164999999999999,0.049860000000000002,50.013258064516137,0.049988709677419356
157200,50.164999999999999,0.049860000000000002,50.013258064516137,0.049988709677419356
157260,50.164999999999999,0.049860000000000002,50.013258064516137,0.049988709677419356
157320,50.164999999999999,0.049860000000000002,50.013258064516137,0.049988709677419356
157380,50.164999999999999,0.049860000000000002,50.013258064516137,0.049988709677419356
157440,50.164999999999999,0.049860000000000002,50.013258064516137,0.049988709677419356
157500,50.164999999999999,0.049860000000000002,50.013258064516137,0.049988709677419356
157560,50.164999999999999,0.049860000000000002,50.013258064516137,0.049988709677419356
157620,50.164999999999999,0.049860000000000002,50.013258064516137,0.049988709677419356
157680,50.164999999999999,0.049860000000000002,50.013258064516137,0.049988709677419356
157740,50.164999999999999,0.049860000000000002,50.013258064516137,0.049988709677419356
157800,50.164999999999999,0.049860000000000002,50.013258064516137,0.049988709677419356
157860,50.164999999999999,0.049860000000000002,50.013258064516137,0.049988709677419356
157920,50.164999999999999,0.049860000000000002,50.013258064516137,0.049988709677419356
157980,50.164999999999999,0.049860000000000002,50.013258064516137,0.049988709677419356
158040,50.164999999999999,0.049860000000000002,50.013258064516137,0.049988709677419356
158100,50.164999999999999,0.049860000000000002,50.013258064516137,0.049988709677419356
158160,50.164999999999999,0.049860000000000002,50.013258064516137,0.049988709677419356
158220,50.164999999999999,0.049860000000000002,50.013258064516137,0.049988709677419356
158280,50.164999999999999,0.049860000000000002,50.013258064516137,0.049988709677419356
158340,50.164999999999999,0.049860000000000002,50.013258064516137,0.049988709677419356
158400,50.164999999999999,0.049860000000000002,50.013258064516137,0.049988709677419356
158460,50.164999999999999,0.049860000000000002,50.013258064516137,0.049988709677419356
158520,50.164999999999999,0.049860000000000002,50.013258064516137,0.049988709677419356
158580,50.164999999999999,0.049860000000000002,50.013258064516137,0.049988709677419356
158640,50.164999999999999,0.049860000000000002,50.013258064516137,0.049988709677419356
158700,50.164999999999999,0.049860000000000002,50.013258064516137,0.049988709677419356
158760,50.164999999999999,0.049860000000000002,50.013258064516137,0.049988709677419356
158820,50.164999999999999,0.049860000000000002,50.013258064516137,0.049988709677419356
158880,50.164999999999999,0.049860000000000002,50.013258064516137,0.049988709677419356
158940,50.164999999999999,0.049860000000000002,50.013258064516137,0.049988709677419356
159000,50.164999999999999,0.049860000000000002,50.013258064516137,0.049988709677419356
159060,50.164999999999999,0.049860000000000002,50.013258064516137,0.049988709677419356
159120,50.164999999999999,0.049860000000000002,50.013258064516137,0.049988709677419356
159180,50.164999999999999,0.049860000000000002,50.013258064516137,0.049988709677419356
159240,50.164999999999999,0.049860000000000002,50.013258064516137,0.049988709677419356
159300,50.164999999999999,0.049860000000000002,50.013258064516137,0.049988709677419356
159360,50.164999999999999,0.049860000000000002,50.013258064516137,0.049988709677419356
159420,50.164999999999999,0.049860000000000002,50.013258064516137,0.049988709677419356
159480,50.164999999999999,0.049860000000000002,50.013258064516137,0.049988709677419356
159540,50.164999999999999,0.049860000000000002,50.013258064516137,0.049988709677419356
159600,50.164999999999999,0.049860000000000002,50.013258064516137,0.049988709677419356
159660,50.164999999999999,0.049860000000000002,50.013258064516137,0.049988709677419356
159720,50.164999999999999,0.049860000000000002,50.013258064516137,0.049988709677419356
159780,50.164999999999999,0.049860000000000002,50.013258064516137,0.049988709677419356
159840,50.164999999999999,0.049860000000000002,50.013258064516137,0.049988709677419356
159900,50.164999999999999,0.049860000000000002,50.013258064516137,0.049988709677419356
159960,50.164999999999999,0.049860000000000002,50.013258064516137,0.049988709677419356
160020,50.164999999999999,0.049860000000000002,50.013258064516137,0.049988709677419356
160080,50.164999999999999,0.049860000000000002,50.013258064516137,0.049988709677419356
160140,50.164999999999999,0.049860000000000002,50.013258064516137,0.049988709677419356
160200,50.164999999999999,0.049860000000000002,50.013258064516137,0.049988709677419356
160260,50.164999999999999,0.049860000000000002,50.013258064516137,0.049988709677419356
160320,50.164999999999999,0.049860000000000002,50.013258064516137,0.049988709677419356
160380,50.164999999999999,0.049860000000000002,50.013258064516137,0.049988709677419356
160440,50.164999999999999,0.049860000000000002,50.013258064516137,0.049988709677419356
160500,50.164999999999999,0.049860000000000002,50.013258064516137,0.049988709677419356
160560,50.164999999999999,0.049860000000000002,50.013258064516137,0.049988709677419356
160620,50.164999999999999,0.049860000000000002,50.013258064516137,0.049988709677419356
160680,50.164999999999999,0.049860000000000002,50.013258064516137,0.049988709677419356
160740,50.164999999999999,0.049860000000000002,50.013258064516137,0.049988709677419356
160800,50.164999999999999,0.049860000000000002,50.013258064516137,0.049988709677419356
160860,50.164999999999999,0.049860000000000002,50.013258064516137,0.049988709677419356
160920,50.164999999999999,0.049860000000000002,50.013258064516137,0.049988709677419356
160980,50.164999999999999,0.049860000000000002,50.013258064516137,0.049988709677419356
161040,50.164999999999999,0.049860000000000002,50.013258064516137,0.049988709677419356
161100,50.164999999999999,0.049860000000000002,50.013258064516137,0.049988709677419356
161160,50.164999999999999,0.049860000000000002,50.013258064516137,0.049988709677419356
161220,50.164999999999999,0.049860000000000002,50.013258064516137,0.049988709677419356
161280,50.164999999999999,0.049860000000000002,50.013258064516137,0.049988709677419356
161340,50.164999999999999,0.049860000000000002,50.013258064516137,0.049988709677419356
161400,50.164999999999999,0.049860000000000002,50.013258064516137,0.049988709677419356
161460,50.164999999999999,0.049860000000000002,50.013258064516137,0.049988709677419356
161520,50.164999999999999,0.049860000000000002,50.013258064516137,0.049988709677419356
161580,50.164999999999999,0.049860000000000002,50.013258064516137,0.049988709677419356
161640,50.164999999999999,0.049860000000000002,50.013258064516137,0.049988709677419356
161700,50.164999999999999,0.049860000000000002,50.013258064516137,0.049988709677419356
161760,50.164999999999999,0.049860000000000002,50.013258064516137,0.049988709677419356
161820,50.164999999999999,0.049860000000000002,50.013258064516137,0.049988709677419356
161880,50.164999999999999,0.049860000000000002,50.013258064516137,0.049988709677419356
161940,50.164999999999999,0.049860000000000002,50.013258064516137,0.049988709677419356
162000,50.164999999999999,0.049860000000000002,50.013258064516137,0.049988709677419356
162060,50.164999999999999,0.049860000000000002,50.013258064516137,0.049988709677419356
162120,50.164999999999999,0.049860000000000002,50.013258064516137,0.049988709677419356
162180,50.164999999999999,0.049860000000000002,50.013258064516137,0.049988709677419356
162240,50.164999999999999,0.049860000000000002,50.013258064516137,0.049988709677419356
162300,50.164999999999999,0.049860000000000002,50.013258064516137,0.049988709677419356
162360,50.164999999999999,0.049860000000000002,50.013258064516137,0.049988709677419356
162420,50.164999999999999,0.049860000000000002,50.013258064516137,0.049988709677419356
162480,50.164999999999999,0.049860000000000002,50.013258064516137,0.049988709677419356
162540,50.164999999999999,0.049860000000000002,50.013258064516137,0.049988709677419356
162600,50.164999999999999,0.049860000000000002,50.013258064516137,0.049988709677419356
162660,50.164999999999999,0.049860000000000002,50.013258064516137,0.049988709677419356
162720,50.164999999999999,0.049860000000000002,50.013258064516137,0.049988709677419356
162780,50.164999999999999,0.049860000000000002,50.013258064516137,0.049988709677419356
162840,50.164999999999999,0.049860000000000002,50.013258064516137,0.049988709677419356
162900,50.164999999999999,0.049860000000000002,50.013258064516137,0.049988709677419356
162960,50.164999999999999,0.049860000000000002,50.013258064516137,0.049988709677419356
163020,50.164999999999999,0.049860000000000002,50.013258064516137,0.049988709677419356
163080,50.164999999999999,0.049860000000000002,50.013258064516137,0.049988709677419356
163140,50.164999999999999,0.049860000000000002,50.013258064516137,0.049988709677419356
163200,50.164999999999999,0.049860000000000002,50.013258064516137,0.049988709677419356
163260,50.164999999999999,0.049860000000000002,50.013258064516137,0.049988709677419356
163320,50.164999999999999,0.049860000000000002,50.013258064516137,0.049988709677419356
163380,50.164999999999999,0.049860000000000002,50.013258064516137,0.049988709677419356
163440,50.164999999999999,0.049860000000000002,50.013258064516137,0.049988709677419356
163500,50.164999999999999,0.049860000000000002,50.013258064516137,0.049988709677419356
163560,50.164999999999999,0.049860000000000002,50.013258064516137,0.049988709677419356
163620,50.164999999999999,0.049860000000000002,50.013258064516137,0.049988709677419356
163680,50.164999999999999,0.049860000000000002,50.013258064516137,0.049988709677419356
163740,50.164999999999999,0.049860000000000002,50.013258064516137,0.049988709677419356
163800,50.164999999999999,0.049860000000000002,50.013258064516137,0.049988709677419356
163860,50.164999999999999,0.049860000000000002,50.013258064516137,0.049988709677419356
163920,50.164999999999999,0.049860000000000002,50.013258064516137,0.049988709677419356
163980,50.164999999999999,0.049860000000000002,50.013258064516137,0.049988709677419356
164040,50.164999999999999,0.049860000000000002,50.013258064516137,0.049988709677419356
164100,50.164999999999999,0.049860000000000002,50.013258064516137,0.049988709677419356
164160,50.164999999999999,0.049860000000000002,50.013258064516137,0.049988709677419356
164220,50.164999999999999,0.049860000000000002,50.013258064516137,0.049988709677419356
164280,50.164999999999999,0.049860000000000002,50.013258064516137,0.049988709677419356
164340,50.164999999999999,0.049860000000000002,50.013258064516137,0.049988709677419356
164400,50.164999999999999,0.049860000000000002,50.013258064516137,0.049988709677419356
164460,50.164999999999999,0.049860000000000002,50.013258064516137,0.049988709677419356
164520,50.164999999999999,0.049860000000000002,50.013258064516137,0.049988709677419356
164580,50.164999999999999,0.049860000000000002,50.013258064516137,0.049988709677419356
164640,50.164999999999999,0.049860000000000002,50.013258064516137,0.049988709677419356
164700,50.164999999999999,0.049860000000000002,50.013258064516137,0.049988709677419356
164760,50.164999999999999,0.049860000000000002,50.013258064516137,0.049988709677419356
164820,50.164999999999999,0.049860000000000002,50.013258064516137,0.049988709677419356
164880,50.164999999999999,0.049860000000000002,50.013258064516137,0.049988709677419356
164940,50.164999999999999,0.049860000000000002,50.013258064516137,0.049988709677419356
165000,50.164999999999999,0.049860000000000002,50.013258064516137,0.049988709677419356
165060,50.164999999999999,0.049860000000000002,50.013258064516137,0.049988709677419356
165120,50.164999999999999,0.049860000000000002,50.013258064516137,0.049988709677419356
165180,50.164999999999999,0.049860000000000002,50.013258064516137,0.049988709677419356
165240,50.164999999999999,0.049860000000000002,50.013258064516137,0.049988709677419356
165300,50.164999999999999,0.049860000000000002,50.013258064516137,0.049988709677419356
165360,50.164999999999999,0.049860000000000002,50.013258064516137,0.049988709677419356
165420,50.164999999999999,0.049860000000000002,50.013258064516137,0.049988709677419356
165480,50.164999999999999,0.049860000000000002,50.013258064516137,0.049988709677419356
165540,50.164999999999999,0.049860000000000002,50.013258064516137,0.049988709677419356
165600,50.164999999999999,0.049860000000000002,50.013258064516137,0.049988709677419356
165660,50.164999999999999,0.049860000000000002,50.013258064516137,0.049988709677419356
165720,50.164999999999999,0.049860000000000002,50.013258064516137,0.049988709677419356
165780,50.164999999999999,0.049860000000000002,50.013258064516137,0.049988709677419356
165840,50.164999999999999,0.049860000000000002,50.013258064516137,0.049988709677419356
165900,50.164999999999999,0.049860000000000002,50.013258064516137,0.049988709677419356
165960,50.164999999999999,0.049860000000000002,50.013258064516137,0.049988709677419356
166020,50.164999999999999,0.049860000000000002,50.013258064516137,0.049988709677419356
166080,50.164999999999999,0.049860000000000002,50.013258064516137,0.049988709677419356
166140,50.164999999999999,0.049860000000000002,50.013258064516137,0.049988709677419356
166200,50.164999999999999,0.049860000000000002,50.013258064516137,0.049988709677419356
166260,50.164999999999999,0.049860000000000002,50.013258064516137,0.049988709677419356
166320,50.164999999999999,0.049860000000000002,50.013258064516137,0.049988709677419356
166380,50.164999999999999,0.049860000000000002,50.013258064516137,0.049988709677419356
166440,50.164999999999999,0.049860000000000002,50.013258064516137,0.049988709677419356
166500,50.164999999999999,0.049860000000000002,50.013258064516137,0.049988709677419356
166560,50.164999999999999,0.049860000000000002,50.013258064516137,0.049988709677419356
166620,50.164999999999999,0.049860000000000002,50.013258064516137,0.049988709677419356
166680,50.164999999999999,0.049860000000000002,50.013258064516137,0.049988709677419356
166740,50.164999999999999,0.049860000000000002,50.013258064516137,0.049988709677419356
166800,50.164999999999999,0.049860000000000002,50.013258064516137,0.049988709677419356
166860,50.164999999999999,0.049860000000000002,50.013258064516137,0.049988709677419356
166920,50.164999999999999,0.049860000000000002,50.013258064516137,0.049988709677419356
166980,50.164999999999999,0.049860000000000002,50.013258064516137,0.049988709677419356
167040,50.164999999999999,0.049860000000000002,50.013258064516137,0.049988709677419356
167100,50.164999999999999,0.049860000000000002,50.013258064516137,0.049988709677419356
167160,50.164999999999999,0.049860000000000002,50.013258064516137,0.049988709677419356
167220,50.164999999999999,0.049860000000000002,50.013258064516137,0.049988709677419356
167280,50.164999999999999,0.049860000000000002,50.013258064516137,0.049988709677419356
167340,50.164999999999999,0.049860000000000002,50.013258064516137,0.049988709677419356
167400,50.164999999999999,0.049860000000000002,50.013258064516137,0.049988709677419356
167460,50.164999999999999,0.049860000000000002,50.013258064516137,0.049988709677419356
167520,50.164999999999999,0.049860000000000002,50.013258064516137,0.049988709677419356
167580,50.164999999999999,0.049860000000000002,50.013258064516137,0.049988709677419356
167640,50.164999999999999,0.049860000000000002,50.013258064516137,0.049988709677419356
167700,50.164999999999999,0.049860000000000002,50.013258064516137,0.049988709677419356
167760,50.164999999999999,0.049860000000000002,50.013258064516137,0.049988709677419356
167820,50.164999999999999,0.049860000000000002,50.013258064516137,0.049988709677419356
167880,50.164999999999999,0.049860000000000002,50.013258064516137,0.049988709677419356
167940,50.164999999999999,0.049860000000000002,50.013258064516137,0.049988709677419356
168000,50.164999999999999,0.049860000000000002,50.013258064516137,0.049988709677419356
168060,50.164999999999999,0.049860000000000002,50.013258064516137,0.049988709677419356
168120,50.164999999999999,0.049860000000000002,50.013258064516137,0.049988709677419356
168180,50.164999999999999,0.049860000000000002,50.013258064516137,0.049988709677419356
168240,50.164999999999999,0.049860000000000002,50.013258064516137,0.049988709677419356
168300,50.164999999999999,0.049860000000000002,50.013258064516137,0.049988709677419356
168360,50.164999999999999,0.049860000000000002,50.013258064516137,0.049988709677419356
168420,50.164999999999999,0.049860000000000002,50.013258064516137,0.049988709677419356
168480,50.164999999999999,0.049860000000000002,50.013258064516137,0.049988709677419356
168540,50.164999999999999,0.049860000000000002,50.013258064516137,0.049988709677419356
168600,50.164999999999999,0.049860000000000002,50.013258064516137,0.049988709677419356
168660,50.164999999999999,0.049860000000000002,50.013258064516137,0.049988709677419356
168720,50.164999999999999,0.049860000000000002,50.013258064516137,0.049988709677419356
168780,50.164999999999999,0.049860000000000002,50.013258064516137,0.049988709677419356
168840,50.164999999999999,0.049860000000000002,50.013258064516137,0.049988709677419356
168900,50.164999999999999,0.049860000000000002,50.013258064516137,0.049988709677419356
168960,50.164999999999999,0.049860000000000002,50.013258064516137,0.049988709677419356
169020,50.164999999999999,0.049860000000000002,50.013258064516137,0.049988709677419356
169080,50.164999999999999,0.049860000000000002,50.013258064516137,0.049988709677419356
169140,50.164999999999999,0.049860000000000002,50.013258064516137,0.049988709677419356
169200,50.164999999999999,0.049860000000000002,50.013258064516137,0.049988709677419356
169260,50.164999999999999,0.049860000000000002,50.013258064516137,0.049988709677419356
169320,50.164999999999999,0.049860000000000002,50.013258064516137,0.049988709677419356
169380,50.164999999999999,0.049860000000000002,50.013258064516137,0.049988709677419356
169440,50.164999999999999,0.049860000000000002,50.013258064516137,0.049988709677419356
169500,50.164999999999999,0.049860000000000002,50.013258064516137,0.049988709677419356
169560,50.164999999999999,0.049860000000000002,50.013258064516137,0.049988709677419356
169620,50.164999999999999,0.049860000000000002,50.013258064516137,0.049988709677419356
169680,50.164999999999999,0.049860000000000002,50.013258064516137,0.049988709677419356
169740,50.164999999999999,0.049860000000000002,50.013258064516137,0.049988709677419356
169800,50.164999999999999,0.049860000000000002,50.013258064516137,0.049988709677419356
169860,50.164999999999999,0.049860000000000002,50.013258064516137,0.049988709677419356
169920,50.164999999999999,0.049860000000000002,50.013258064516137,0.049988709677419356
169980,50.164999999999999,0.049860000000000002,50.013258064516137,0.049988709677419356
170040,50.164999999999999,0.049860000000000002,50.013258064516137,0.049988709677419356
170100,50.164999999999999,0.049860000000000002,50.013258064516137,0.049988709677419356
170160,50.164999999999999,0.049860000000000002,50.013258064516137,0.049988709677419356
170220,50.164999999999999,0.049860000000000002,50.013258064516137,0.049988709677419356
170280,50.164999999999999,0.049860000000000002,50.013258064516137,0.049988709677419356
170340,50.164999999999999,0.049860000000000002,50.013258064516137,0.049988709677419356
170400,50.164999999999999,0.049860000000000002,50.013258064516137,0.049988709677419356
170460,50.164999999999999,0.049860000000000002,50.013258064516137,0.049988709677419356
170520,50.164999999999999,0.049860000000000002,50.013258064516137,0.049988709677419356
170580,50.164999999999999,0.049860000000000002,50.013258064516137,0.049988709677419356
170640,50.164999999999999,0.049860000000000002,50.013258064516137,0.049988709677419356
170700,50.164999999999999,0.049860000000000002,50.013258064516137,0.049988709677419356
170760,50.164999999999999,0.049860000000000002,50.013258064516137,0.049988709677419356
170820,50.164999999999999,0.049860000000000002,50.013258064516137,0.049988709677419356
170880,50.164999999999999,0.049860000000000002,50.013258064516137,0.049988709677419356
170940,50.164999999999999,0.049860000000000002,50.013258064516137,0.049988709677419356
171000,50.164999999999999,0.049860000000000002,50.013258064516137,0.049988709677419356
171060,50.164999999999999,0.049860000000000002,50.013258064516137,0.049988709677419356
171120,50.164999999999999,0.049860000000000002,50.013258064516137,0.049988709677419356
171180,50.164999999999999,0.049860000000000002,50.013258064516137,0.049988709677419356
171240,50.164999999999999,0.049860000000000002,50.013258064516137,0.049988709677419356
171300,50.164999999999999,0.049860000000000002,50.013258064516137,0.049988709677419356
171360,50.164999999999999,0.049860000000000002,50.013258064516137,0.049988709677419356
171420,50.164999999999999,0.049860000000000002,50.013258064516137,0.049988709677419356
171480,50.164999999999999,0.049860000000000002,50.013258064516137,0.049988709677419356
171540,50.164999999999999,0.049860000000000002,50.013258064516137,0.049988709677419356
171600,50.164999999999999,0.049860000000000002,50.013258064516137,0.049988709677419356
171660,50.164999999999999,0.049860000000000002,50.013258064516137,0.049988709677419356
171720,50.164999999999999,0.049860000000000002,50.013258064516137,0.049988709677419356
171780,50.164999999999999,0.049860000000000002,50.013258064516137,0.049988709677419356
171840,50.164999999999999,0.049860000000000002,50.013258064516137,0.049988709677419356
171900,50.164999999999999,0.049860000000000002,50.013258064516137,0.049988709677419356
171960,50.164999999999999,0.049860000000000002,50.013258064516137,0.049988709677419356
172020,50.164999999999999,0.049860000000000002,50.013258064516137,0.049988709677419356
172080,50.164999999999999,0.049860000000000002,50.013258064516137,0.049988709677419356
172140,50.164999999999999,0.049860000000000002,50.013258064516137,0.049988709677419356
172200,50.164999999999999,0.049860000000000002,50.013258064516137,0.049988709677419356
172260,50.164999999999999,0.049860000000000002,50.013258064516137,0.049988709677419356
172320,50.164999999999999,0.049860000000000002,50.013258064516137,0.049988709677419356
172380,50.164999999999999,0.049860000000000002,50.013258064516137,0.049988709677419356
172440,50.164999999999999,0.049860000000000002,50.013258064516137,0.049988709677419356
172500,50.164999999999999,0.049860000000000002,50.013258064516137,0.049988709677419356
172560,50.164999999999999,0.049860000000000002,50.013258064516137,0.049988709677419356
172620,50.164999999999999,0.049860000000000002,50.013258064516137,0.049988709677419356
172680,50.164999999999999,0.049860000000000002,50.013258064516137,0.049988709677419356
172740,50.164999999999999,0.049860000000000002,50.013258064516137,0.049988709677419356
172800,50.164999999999999,0.049860000000000002,50.013258064516137,0.049988709677419356
172860,50.164999999999999,0.049860000000000002,50.013258064516137,0.049988709677419356
172920,50.164999999999999,0.049860000000000002,50.013258064516137,0.049988709677419356
172980,50.164999999999999,0.049860000000000002,50.013258064516137,0.049988709677419356
173040,50.164999999999999,0.049860000000000002,50.013258064516137,0.049988709677419356
173100,50.164999999999999,0.049860000000000002,50.013258064516137,0.049988709677419356
173160,50.164999999999999,0.049860000000000002,50.013258064516137,0.049988709677419356
173220,50.164999999999999,0.049860000000000002,50.013258064516137,0.049988709677419356
173280,50.164999999999999,0.049860000000000002,50.013258064516137,0.049988709677419356
173340,50.164999999999999,0.049860000000000002,50.013258064516137,0.049988709677419356
173400,50.164999999999999,0.049860000000000002,50.013258064516137,0.049988709677419356
173460,50.164999999999999,0.049860000000000002,50.013258064516137,0.049988709677419356
173520,50.164999999999999,0.049860000000000002,50.013258064516137,0.049988709677419356
173580,50.164999999999999,0.049860000000000002,50.013258064516137,0.049988709677419356
173640,50.164999999999999,0.049860000000000002,50.013258064516137,0.049988709677419356
173700,50.164999999999999,0.049860000000000002,50.013258064516137,0.049988709677419356
173760,50.164999999999999,0.049860000000000002,50.013258064516137,0.049988709677419356
173820,50.164999999999999,0.049860000000000002,50.013258064516137,0.049988709677419356
173880,50.164999999999999,0.049860000000000002,50.013258064516137,0.049988709677419356
173940,50.164999999999999,0.049860000000000002,50.013258064516137,0.049988709677419356
174000,50.164999999999999,0.049860000000000002,50.013258064516137,0.049988709677419356
174060,50.164999999999999,0.049860000000000002,50.013258064516137,0.049988709677419356
174120,50.164999999999999,0.049860000000000002,50.013258064516137,0.049988709677419356
174180,50.164999999999999,0.049860000000000002,50.013258064516137,0.049988709677419356
174240,50.164999999999999,0.049860000000000002,50.013258064516137,0.049988709677419356
174300,50.164999999999999,0.049860000000000002,50.013258064516137,0.049988709677419356
174360,50.164999999999999,0.049860000000000002,50.013258064516137,0.049988709677419356
174420,50.164999999999999,0.049860000000000002,50.013258064516137,0.049988709677419356
174480,50.164999999999999,0.049860000000000002,50.013258064516137,0.049988709677419356
174540,50.164999999999999,0.049860000000000002,50.013258064516137,0.049988709677419356
174600,50.164999999999999,0.049860000000000002,50.013258064516137,0.049988709677419356
174660,50.164999999999999,0.049860000000000002,50.013258064516137,0.049988709677419356
174720,50.164999999999999,0.049860000000000002,50.013258064516137,0.049988709677419356
174780,50.164999999999999,0.049860000000000002,50.013258064516137,0.049988709677419356
174840,50.164999999999999,0.049860000000000002,50.013258064516137,0.049988709677419356
174900,50.164999999999999,0.049860000000000002,50.013258064516137,0.049988709677419356
174960,50.164999999999999,0.049860000000000002,50.013258064516137,0.049988709677419356
175020,50.164999999999999,0.049860000000000002,50.013258064516137,0.049988709677419356
175080,50.164999999999999,0.049860000000000002,50.013258064516137,0.049988709677419356
175140,50.164999999999999,0.049860000000000002,50.013258064516137,0.049988709677419356
175200,50.164999999999999,0.049860000000000002,50.013258064516137,0.049988709677419356
175260,50.164999999999999,0.049860000000000002,50.013258064516137,0.049988709677419356
175320,50.164999999999999,0.049860000000000002,50.013258064516137,0.049988709677419356
175380,50.164999999999999,0.049860000000000002,50.013258064516137,0.049988709677419356
175440,50.164999999999999,0.049860000000000002,50.013258064516137,0.049988709677419356
175500,50.164999999999999,0.049860000000000002,50.013258064516137,0.049988709677419356
175560,50.164999999999999,0.049860000000000002,50.013258064516137,0.049988709677419356
175620,50.164999999999999,0.049860000000000002,50.013258064516137,0.049988709677419356
175680,50.164999999999999,0.049860000000000002,50.013258064516137,0.049988709677419356
175740,50.164999999999999,0.049860000000000002,50.013258064516137,0.049988709677419356
175800,50.164999999999999,0.049860000000000002,50.013258064516137,0.049988709677419356
175860,50.164999999999999,0.049860000000000002,50.013258064516137,0.049988709677419356
175920,50.164999999999999,0.049860000000000002,50.013258064516137,0.049988709677419356
175980,50.164999999999999,0.049860000000000002,50.013258064516137,0.049988709677419356
176040,50.164999999999999,0.049860000000000002,50.013258064516137,0.049988709677419356
176100,50.164999999999999,0.049860000000000002,50.013258064516137,0.049988709677419356
176160,50.164999999999999,0.049860000000000002,50.013258064516137,0.049988709677419356
176220,50.164999999999999,0.049860000000000002,50.013258064516137,0.049988709677419356
176280,50.164999999999999,0.049860000000000002,50.013258064516137,0.049988709677419356
176340,50.164999999999999,0.049860000000000002,50.013258064516137,0.049988709677419356
176400,50.164999999999999,0.049860000000000002,50.013258064516137,0.049988709677419356
176460,50.164999999999999,0.049860000000000002,50.013258064516137,0.049988709677419356
176520,50.164999999999999,0.049860000000000002,50.013258064516137,0.049988709677419356
176580,50.164999999999999,0.049860000000000002,50.013258064516137,0.049988709677419356
176640,50.164999999999999,0.049860000000000002,50.013258064516137,0.049988709677419356
176700,50.164999999999999,0.049860000000000002,50.013258064516137,0.049988709677419356
176760,50.164999999999999,0.049860000000000002,50.013258064516137,0.049988709677419356
176820,50.164999999999999,0.049860000000000002,50.013258064516137,0.049988709677419356
176880,50.164999999999999,0.049860000000000002,50.013258064516137,0.049988709677419356
176940,50.164999999999999,0.049860000000000002,50.013258064516137,0.049988709677419356
177000,50.164999999999999,0.049860000000000002,50.013258064516137,0.049988709677419356
177060,50.164999999999999,0.049860000000000002,50.013258064516137,0.049988709677419356
177120,50.164999999999999,0.049860000000000002,50.013258064516137,0.049988709677419356
177180,50.164999999999999,0.049860000000000002,50.013258064516137,0.049988709677419356
177240,50.164999999999999,0.049860000000000002,50.013258064516137,0.049988709677419356
177300,50.164999999999999,0.049860000000000002,50.013258064516137,0.049988709677419356
177360,50.164999999999999,0.049860000000000002,50.013258064516137,0.049988709677419356
177420,50.164999999999999,0.049860000000000002,50.013258064516137,0.049988709677419356
177480,50.164999999999999,0.049860000000000002,50.013258064516137,0.049988709677419356
177540,50.164999999999999,0.049860000000000002,50.013258064516137,0.049988709677419356
177600,50.164999999999999,0.049860000000000002,50.013258064516137,0.049988709677419356
177660,50.164999999999999,0.049860000000000002,50.013258064516137,0.049988709677419356
177720,50.164999999999999,0.049860000000000002,50.013258064516137,0.049988709677419356
177780,50.164999999999999,0.049860000000000002,50.013258064516137,0.049988709677419356
177840,50.164999999999999,0.049860000000000002,50.013258064516137,0.049988709677419356
177900,50.164999999999999,0.049860000000000002,50.013258064516137,0.049988709677419356
177960,50.164999999999999,0.049860000000000002,50.013258064516137,0.049988709677419356
178020,50.164999999999999,0.049860000000000002,50.013258064516137,0.049988709677419356
178080,50.164999999999999,0.049860000000000002,50.013258064516137,0.049988709677419356
178140,50.164999999999999,0.049860000000000002,50.013258064516137,0.049988709677419356
178200,50.164999999999999,0.049860000000000002,50.013258064516137,0.049988709677419356
178260,50.164999999999999,0.049860000000000002,50.013258064516137,0.049988709677419356
178320,50.164999999999999,0.049860000000000002,50.013258064516137,0.049988709677419356
178380,50.164999999999999,0.049860000000000002,50.013258064516137,0.049988709677419356
178440,50.164999999999999,0.049860000000000002,50.013258064516137,0.049988709677419356
178500,50.164999999999999,0.049860000000000002,50.013258064516137,0.049988709677419356
178560,50.164999999999999,0.049860000000000002,50.013258064516137,0.049988709677419356
178620,50.164999999999999,0.049860000000000002,50.013258064516137,0.049988709677419356
178680,50.164999999999999,0.049860000000000002,50.013258064516137,0.049988709677419356
178740,50.164999999999999,0.049860000000000002,50.013258064516137,0.049988709677419356
178800,50.164999999999999,0.049860000000000002,50.013258064516137,0.049988709677419356
178860,50.164999999999999,0.049860000000000002,50.013258064516137,0.049988709677419356
178920,50.164999999999999,0.049860000000000002,50.013258064516137,0.049988709677419356
178980,50.164999999999999,0.049860000000000002,50.013258064516137,0.049988709677419356
179040,50.164999999999999,0.049860000000000002,50.013258064516137,0.049988709677419356
179100,50.164999999999999,0.049860000000000002,50.013258064516137,0.049988709677419356
179160,50.164999999999999,0.049860000000000002,50.013258064516137,0.049988709677419356
179220,50.164999999999999,0.049860000000000002,50.013258064516137,0.049988709677419356
179280,50.164999999999999,0.049860000000000002,50.013258064516137,0.049988709677419356
179340,50.164999999999999,0.049860000000000002,50.013258064516137,0.049988709677419356
179400,50.164999999999999,0.049860000000000002,50.013258064516137,0.049988709677419356
179460,50.164999999999999,0.049860000000000002,50.013258064516137,0.049988709677419356
179520,50.164999999999999,0.049860000000000002,50.013258064516137,0.049988709677419356
179580,50.164999999999999,0.049860000000000002,50.013258064516137,0.049988709677419356
179640,50.164999999999999,0.049860000000000002,50.013258064516137,0.049988709677419356
179700,50.164999999999999,0.049860000000000002,50.013258064516137,0.049988709677419356
179760,50.164999999999999,0.049860000000000002,50.013258064516137,0.049988709677419356
179820,50.164999999999999,0.049860000000000002,50.013258064516137,0.049988709677419356
179880,50.164999999999999,0.049860000000000002,50.013258064516137,0.049988709677419356
179940,50.164999999999999,0.049860000000000002,50.013258064516137,0.049988709677419356
180000,50.164999999999999,0.049860000000000002,50.013258064516137,0.049988709677419356
180060,50.164999999999999,0.049860000000000002,50.013258064516137,0.049988709677419356
180120,50.164999999999999,0.049860000000000002,50.013258064516137,0.049988709677419356
180180,50.164999999999999,0.049860000000000002,50.013258064516137,0.049988709677419356
180240,50.164999999999999,0.049860000000000002,50.013258064516137,0.049988709677419356
180300,50.164999999999999,0.049860000000000002,50.013258064516137,0.049988709677419356
180360,50.164999999999999,0.049860000000000002,50.013258064516137,0.049988709677419356
180420,50.164999999999999,0.049860000000000002,50.013258064516137,0.049988709677419356
180480,50.164999999999999,0.049860000000000002,50.013258064516137,0.049988709677419356
180540,50.164999999999999,0.049860000000000002,50.013258064516137,0.049988709677419356
180600,50.164999999999999,0.049860000000000002,50.013258064516137,0.049988709677419356
180660,50.164999999999999,0.049860000000000002,50.013258064516137,0.049988709677419356
180720,50.164999999999999,0.049860000000000002,50.013258064516137,0.049988709677419356
180780,50.164999999999999,0.049860000000000002,50.013258064516137,0.049988709677419356
180840,50.164999999999999,0.049860000000000002,50.013258064516137,0.049988709677419356
180900,50.164999999999999,0.049860000000000002,50.013258064516137,0.049988709677419356
180960,50.164999999999999,0.049860000000000002,50.013258064516137,0.049988709677419356
181020,50.164999999999999,0.049860000000000002,50.013258064516137,0.049988709677419356
181080,50.164999999999999,0.049860000000000002,50.013258064516137,0.049988709677419356
181140,50.164999999999999,0.049860000000000002,50.013258064516137,0.049988709677419356
181200,50.164999999999999,0.049860000000000002,50.013258064516137,0.049988709677419356
181260,50.164999999999999,0.049860000000000002,50.013258064516137,0.049988709677419356
181320,50.164999999999999,0.049860000000000002,50.013258064516137,0.049988709677419356
181380,50.164999999999999,0.049860000000000002,50.013258064516137,0.049988709677419356
181440,50.164999999999999,0.049860000000000002,50.013258064516137,0.049988709677419356
181500,50.164999999999999,0.049860000000000002,50.013258064516137,0.049988709677419356
181560,50.164999999999999,0.049860000000000002,50.013258064516137,0.049988709677419356
181620,50.164999999999999,0.049860000000000002,50.013258064516137,0.049988709677419356
181680,50.164999999999999,0.049860000000000002,50.013258064516137,0.049988709677419356
181740,50.164999999999999,0.049860000000000002,50.013258064516137,0.049988709677419356
181800,50.164999999999999,0.049860000000000002,50.013258064516137,0.049988709677419356
181860,50.164999999999999,0.049860000000000002,50.013258064516137,0.049988709677419356
181920,50.164999999999999,0.049860000000000002,50.013258064516137,0.049988709677419356
181980,50.164999999999999,0.049860000000000002,50.013258064516137,0.049988709677419356
182040,50.164999999999999,0.049860000000000002,50.013258064516137,0.049988709677419356
182100,50.164999999999999,0.049860000000000002,50.013258064516137,0.049988709677419356
182160,50.164999999999999,0.049860000000000002,50.013258064516137,0.049988709677419356
182220,50.164999999999999,0.049860000000000002,50.013258064516137,0.049988709677419356
182280,50.164999999999999,0.049860000000000002,50.013258064516137,0.049988709677419356
182340,50.164999999999999,0.049860000000000002,50.013258064516137,0.049988709677419356
182400,50.164999999999999,0.049860000000000002,50.013258064516137,0.049988709677419356
182460,50.164999999999999,0.049860000000000002,50.013258064516137,0.049988709677419356
182520,50.164999999999999,0.049860000000000002,50.013258064516137,0.049988709677419356
182580,50.164999999999999,0.049860000000000002,50.013258064516137,0.049988709677419356
182640,50.164999999999999,0.049860000000000002,50.013258064516137,0.049988709677419356
182700,50.164999999999999,0.049860000000000002,50.013258064516137,0.049988709677419356
182760,50.164999999999999,0.049860000000000002,50.013258064516137,0.049988709677419356
182820,50.164999999999999,0.049860000000000002,50.013258064516137,0.049988709677419356
182880,50.164999999999999,0.049860000000000002,50.013258064516137,0.049988709677419356
182940,50.164999999999999,0.049860000000000002,50.013258064516137,0.049988709677419356
183000,50.164999999999999,0.049860000000000002,50.013258064516137,0.049988709677419356
183060,50.164999999999999,0.049860000000000002,50.013258064516137,0.049988709677419356
183120,50.164999999999999,0.049860000000000002,50.013258064516137,0.049988709677419356
183180,50.164999999999999,0.049860000000000002,50.013258064516137,0.049988709677419356
183240,50.164999999999999,0.049860000000000002,50.013258064516137,0.049988709677419356
183300,50.164999999999999,0.049860000000000002,50.013258064516137,0.049988709677419356
183360,50.164999999999999,0.049860000000000002,50.013258064516137,0.049988709677419356
183420,50.164999999999999,0.049860000000000002,50.013258064516137,0.049988709677419356
183480,50.164999999999999,0.049860000000000002,50.013258064516137,0.049988709677419356
183540,50.164999999999999,0.049860000000000002,50.013258064516137,0.049988709677419356
183600,50.164999999999999,0.049860000000000002,50.013258064516137,0.049988709677419356
183660,50.164999999999999,0.049860000000000002,50.013258064516137,0.049988709677419356
183720,50.164999999999999,0.049860000000000002,50.013258064516137,0.049988709677419356
183780,50.164999999999999,0.049860000000000002,50.013258064516137,0.049988709677419356
183840,50.164999999999999,0.049860000000000002,50.013258064516137,0.049988709677419356
183900,50.164999999999999,0.049860000000000002,50.013258064516137,0.049988709677419356
183960,50.164999999999999,0.049860000000000002,50.013258064516137,0.049988709677419356
184020,50.164999999999999,0.049860000000000002,50.013258064516137,0.049988709677419356
184080,50.164999999999999,0.049860000000000002,50.013258064516137,0.049988709677419356
184140,50.164999999999999,0.049860000000000002,50.013258064516137,0.049988709677419356
184200,50.164999999999999,0.049860000000000002,50.013258064516137,0.049988709677419356
184260,50.164999999999999,0.049860000000000002,50.013258064516137,0.049988709677419356
184320,50.164999999999999,0.049860000000000002,50.013258064516137,0.049988709677419356
184380,50.164999999999999,0.049860000000000002,50.013258064516137,0.049988709677419356
184440,50.164999999999999,0.049860000000000002,50.013258064516137,0.049988709677419356
184500,50.164999999999999,0.049860000000000002,50.013258064516137,0.049988709677419356
184560,50.164999999999999,0.049860000000000002,50.013258064516137,0.049988709677419356
184620,50.164999999999999,0.049860000000000002,50.013258064516137,0.049988709677419356
184680,50.164999999999999,0.049860000000000002,50.013258064516137,0.049988709677419356
184740,50.164999999999999,0.049860000000000002,50.013258064516137,0.049988709677419356
184800,50.164999999999999,0.049860000000000002,50.013258064516137,0.049988709677419356
184860,50.164999999999999,0.049860000000000002,50.013258064516137,0.049988709677419356
184920,50.164999999999999,0.049860000000000002,50.013258064516137,0.049988709677419356
184980,50.164999999999999,0.049860000000000002,50.013258064516137,0.049988709677419356
185040,50.164999999999999,0.049860000000000002,50.013258064516137,0.049988709677419356
185100,50.164999999999999,0.049860000000000002,50.013258064516137,0.049988709677419356
185160,50.164999999999999,0.049860000000000002,50.013258064516137,0.049988709677419356
185220,50.164999999999999,0.049860000000000002,50.013258064516137,0.049988709677419356
185280,50.164999999999999,0.049860000000000002,50.013258064516137,0.049988709677419356
185340,50.164999999999999,0.049860000000000002,50.013258064516137,0.049988709677419356
185400,50.164999999999999,0.049860000000000002,50.013258064516137,0.049988709677419356
185460,50.164999999999999,0.049860000000000002,50.013258064516137,0.049988709677419356
185520,50.164999999999999,0.049860000000000002,50.013258064516137,0.049988709677419356
185580,50.164999999999999,0.049860000000000002,50.013258064516137,0.049988709677419356
185640,50.164999999999999,0.049860000000000002,50.013258064516137,0.049988709677419356
185700,50.164999999999999,0.049860000000000002,50.013258064516137,0.049988709677419356
185760,50.164999999999999,0.049860000000000002,50.013258064516137,0.049988709677419356
185820,50.164999999999999,0.049860000000000002,50.013258064516137,0.049988709677419356
185880,50.164999999999999,0.049860000000000002,50.013258064516137,0.049988709677419356
185940,50.164999999999999,0.049860000000000002,50.013258064516137,0.049988709677419356
186000,50.164999999999999,0.049860000000000002,50.013258064516137,0.049988709677419356
186060,50.164999999999999,0.049860000000000002,50.013258064516137,0.049988709677419356
186120,50.164999999999999,0.049860000000000002,50.013258064516137,0.049988709677419356
186180,50.164999999999999,0.049860000000000002,50.013258064516137,0.049988709677419356
186240,50.164999999999999,0.049860000000000002,50.013258064516137,0.049988709677419356
186300,50.164999999999999,0.049860000000000002,50.013258064516137,0.049988709677419356
186360,50.164999999999999,0.049860000000000002,50.013258064516137,0.049988709677419356
186420,50.164999999999999,0.049860000000000002,50.013258064516137,0.049988709677419356
186480,50.164999999999999,0.049860000000000002,50.013258064516137,0.049988709677419356
186540,50.164999999999999,0.049860000000000002,50.013258064516137,0.049988709677419356
186600,50.164999999999999,0.049860000000000002,50.013258064516137,0.049988709677419356
186660,50.164999999999999,0.049860000000000002,50.013258064516137,0.049988709677419356
186720,50.164999999999999,0.049860000000000002,50.013258064516137,0.049988709677419356
186780,50.164999999999999,0.049860000000000002,50.013258064516137,0.049988709677419356
186840,50.164999999999999,0.049860000000000002,50.013258064516137,0.049988709677419356
186900,50.164999999999999,0.049860000000000002,50.013258064516137,0.049988709677419356
186960,50.164999999999999,0.049860000000000002,50.013258064516137,0.049988709677419356
187020,50.164999999999999,0.049860000000000002,50.013258064516137,0.049988709677419356
187080,50.164999999999999,0.049860000000000002,50.013258064516137,0.049988709677419356
187140,50.164999999999999,0.049860000000000002,50.013258064516137,0.049988709677419356
187200,50.164999999999999,0.049860000000000002,50.013258064516137,0.049988709677419356
187260,50.164999999999999,0.049860000000000002,50.013258064516137,0.049988709677419356
187320,50.164999999999999,0.049860000000000002,50.013258064516137,0.049988709677419356
187380,50.164999999999999,0.049860000000000002,50.013258064516137,0.049988709677419356
187440,50.164999999999999,0.049860000000000002,50.013258064516137,0.049988709677419356
187500,50.164999999999999,0.049860000000000002,50.013258064516137,0.049988709677419356
187560,50.164999999999999,0.049860000000000002,50.013258064516137,0.049988709677419356
187620,50.164999999999999,0.049860000000000002,50.013258064516137,0.049988709677419356
187680,50.164999999999999,0.049860000000000002,50.013258064516137,0.049988709677419356
187740,50.164999999999999,0.049860000000000002,50.013258064516137,0.049988709677419356
187800,50.164999999999999,0.049860000000000002,50.013258064516137,0.049988709677419356
187860,50.164999999999999,0.049860000000000002,50.013258064516137,0.049988709677419356
187920,50.164999999999999,0.049860000000000002,50.013258064516137,0.049988709677419356
187980,50.164999999999999,0.049860000000000002,50.013258064516137,0.049988709677419356
188040,50.164999999999999,0.049860000000000002,50.013258064516137,0.049988709677419356
188100,50.164999999999999,0.049860000000000002,50.013258064516137,0.049988709677419356
188160,50.164999999999999,0.049860000000000002,50.013258064516137,0.049988709677419356
188220,50.164999999999999,0.049860000000000002,50.013258064516137,0.049988709677419356
188280,50.164999999999999,0.049860000000000002,50.013258064516137,0.049988709677419356
188340,50.164999999999999,0.049860000000000002,50.013258064516137,0.049988709677419356
188400,50.164999999999999,0.049860000000000002,50.013258064516137,0.049988709677419356
188460,50.164999999999999,0.049860000000000002,50.013258064516137,0.049988709677419356
188520,50.164999999999999,0.049860000000000002,50.013258064516137,0.049988709677419356
188580,50.164999999999999,0.049860000000000002,50.013258064516137,0.049988709677419356
188640,50.164999999999999,0.049860000000000002,50.013258064516137,0.049988709677419356
188700,50.164999999999999,0.049860000000000002,50.013258064516137,0.049988709677419356
188760,50.164999999999999,0.049860000000000002,50.013258064516137,0.049988709677419356
188820,50.164999999999999,0.049860000000000002,50.013258064516137,0.049988709677419356
188880,50.164999999999999,0.049860000000000002,50.013258064516137,0.049988709677419356
188940,50.164999999999999,0.049860000000000002,50.013258064516137,0.049988709677419356
189000,50.164999999999999,0.049860000000000002,50.013258064516137,0.049988709677419356
189060,50.164999999999999,0.049860000000000002,50.013258064516137,0.049988709677419356
189120,50.164999999999999,0.049860000000000002,50.013258064516137,0.049988709677419356
189180,50.164999999999999,0.049860000000000002,50.013258064516137,0.049988709677419356
189240,50.164999999999999,0.049860000000000002,50.013258064516137,0.049988709677419356
189300,50.164999999999999,0.049860000000000002,50.013258064516137,0.049988709677419356
189360,50.164999999999999,0.049860000000000002,50.013258064516137,0.049988709677419356
189420,50.164999999999999,0.049860000000000002,50.013258064516137,0.049988709677419356
189480,50.164999999999999,0.049860000000000002,50.013258064516137,0.049988709677419356
189540,50.164999999999999,0.049860000000000002,50.013258064516137,0.049988709677419356
189600,50.164999999999999,0.049860000000000002,50.013258064516137,0.049988709677419356
189660,50.164999999999999,0.049860000000000002,50.013258064516137,0.049988709677419356
189720,50.164999999999999,0.049860000000000002,50.013258064516137,0.049988709677419356
189780,50.164999999999999,0.049860000000000002,50.013258064516137,0.049988709677419356
189840,50.164999999999999,0.049860000000000002,50.013258064516137,0.049988709677419356
189900,50.164999999999999,0.049860000000000002,50.013258064516137,0.049988709677419356
189960,50.164999999999999,0.049860000000000002,50.013258064516137,0.049988709677419356
190020,50.164999999999999,0.049860000000000002,50.013258064516137,0.049988709677419356
190080,50.164999999999999,0.049860000000000002,50.013258064516137,0.049988709677419356
190140,50.164999999999999,0.049860000000000002,50.013258064516137,0.049988709677419356
190200,50.164999999999999,0.049860000000000002,50.013258064516137,0.049988709677419356
190260,50.164999999999999,0.049860000000000002,50.013258064516137,0.049988709677419356
190320,50.164999999999999,0.049860000000000002,50.013258064516137,0.049988709677419356
190380,50.164999999999999,0.049860000000000002,50.013258064516137,0.049988709677419356
190440,50.164999999999999,0.049860000000000002,50.013258064516137,0.049988709677419356
190500,50.164999999999999,0.049860000000000002,50.013258064516137,0.049988709677419356
190560,50.164999999999999,0.049860000000000002,50.013258064516137,0.049988709677419356
190620,50.164999999999999,0.049860000000000002,50.013258064516137,0.049988709677419356
190680,50.164999999999999,0.049860000000000002,50.013258064516137,0.049988709677419356
190740,50.164999999999999,0.049860000000000002,50.013258064516137,0.049988709677419356
190800,50.164999999999999,0.049860000000000002,50.013258064516137,0.049988709677419356
190860,50.164999999999999,0.049860000000000002,50.013258064516137,0.049988709677419356
190920,50.164999999999999,0.049860000000000002,50.013258064516137,0.049988709677419356
190980,50.164999999999999,0.049860000000000002,50.013258064516137,0.049988709677419356
191040,50.164999999999999,0.049860000000000002,50.013258064516137,0.049988709677419356
191100,50.164999999999999,0.049860000000000002,50.013258064516137,0.049988709677419356
191160,50.164999999999999,0.049860000000000002,50.013258064516137,0.049988709677419356
191220,50.164999999999999,0.049860000000000002,50.013258064516137,0.049988709677419356
191280,50.164999999999999,0.049860000000000002,50.013258064516137,0.049988709677419356
191340,50.164999999999999,0.049860000000000002,50.013258064516137,0.049988709677419356
191400,50.164999999999999,0.049860000000000002,50.013258064516137,0.049988709677419356
191460,50.164999999999999,0.049860000000000002,50.013258064516137,0.049988709677419356
191520,50.164999999999999,0.049860000000000002,50.013258064516137,0.049988709677419356
191580,50.164999999999999,0.049860000000000002,50.013258064516137,0.049988709677419356
191640,50.164999999999999,0.049860000000000002,50.013258064516137,0.049988709677419356
191700,50.164999999999999,0.049860000000000002,50.013258064516137,0.049988709677419356
191760,50.164999999999999,0.049860000000000002,50.013258064516137,0.049988709677419356
191820,50.164999999999999,0.049860000000000002,50.013258064516137,0.049988709677419356
191880,50.164999999999999,0.049860000000000002,50.013258064516137,0.049988709677419356
191940,50.164999999999999,0.049860000000000002,50.013258064516137,0.049988709677419356
192000,50.164999999999999,0.049860000000000002,50.013258064516137,0.049988709677419356
192060,50.164999999999999,0.049860000000000002,50.013258064516137,0.049988709677419356
192120,50.164999999999999,0.049860000000000002,50.013258064516137,0.049988709677419356
192180,50.164999999999999,0.049860000000000002,50.013258064516137,0.049988709677419356
192240,50.164999999999999,0.049860000000000002,50.013258064516137,0.049988709677419356
192300,50.164999999999999,0.049860000000000002,50.013258064516137,0.049988709677419356
192360,50.164999999999999,0.049860000000000002,50.013258064516137,0.049988709677419356
192420,50.164999999999999,0.049860000000000002,50.013258064516137,0.049988709677419356
192480,50.164999999999999,0.049860000000000002,50.013258064516137,0.049988709677419356
192540,50.164999999999999,0.049860000000000002,50.013258064516137,0.049988709677419356
192600,50.164999999999999,0.049860000000000002,50.013258064516137,0.049988709677419356
192660,50.164999999999999,0.049860000000000002,50.013258064516137,0.049988709677419356
192720,50.164999999999999,0.049860000000000002,50.013258064516137,0.049988709677419356
192780,50.164999999999999,0.049860000000000002,50.013258064516137,0.049988709677419356
192840,50.164999999999999,0.049860000000000002,50.013258064516137,0.049988709677419356
192900,50.164999999999999,0.049860000000000002,50.013258064516137,0.049988709677419356
192960,50.164999999999999,0.049860000000000002,50.013258064516137,0.049988709677419356
193020,50.164999999999999,0.049860000000000002,50.013258064516137,0.049988709677419356
193080,50.164999999999999,0.049860000000000002,50.013258064516137,0.049988709677419356
193140,50.164999999999999,0.049860000000000002,50.013258064516137,0.049988709677419356
193200,50.164999999999999,0.049860000000000002,50.013258064516137,0.049988709677419356
193260,50.164999999999999,0.049860000000000002,50.013258064516137,0.049988709677419356
193320,50.164999999999999,0.049860000000000002,50.013258064516137,0.049988709677419356
193380,50.164999999999999,0.049860000000000002,50.013258064516137,0.049988709677419356
193440,50.164999999999999,0.049860000000000002,50.013258064516137,0.049988709677419356
193500,50.164999999999999,0.049860000000000002,50.013258064516137,0.049988709677419356
193560,50.164999999999999,0.049860000000000002,50.013258064516137,0.049988709677419356
193620,50.164999999999999,0.049860000000000002,50.013258064516137,0.049988709677419356
193680,50.164999999999999,0.049860000000000002,50.013258064516137,0.049988709677419356
193740,50.164999999999999,0.049860000000000002,50.013258064516137,0.049988709677419356
193800,50.164999999999999,0.049860000000000002,50.013258064516137,0.049988709677419356
193860,50.164999999999999,0.049860000000000002,50.013258064516137,0.049988709677419356
193920,50.164999999999999,0.049860000000000002,50.013258064516137,0.049988709677419356
193980,50.164999999999999,0.049860000000000002,50.013258064516137,0.049988709677419356
194040,50.164999999999999,0.049860000000000002,50.013258064516137,0.049988709677419356
194100,50.164999999999999,0.049860000000000002,50.013258064516137,0.049988709677419356
194160,50.164999999999999,0.049860000000000002,50.013258064516137,0.049988709677419356
194220,50.164999999999999,0.049860000000000002,50.013258064516137,0.049988709677419356
194280,50.164999999999999,0.049860000000000002,50.013258064516137,0.049988709677419356
194340,50.164999999999999,0.049860000000000002,50.013258064516137,0.049988709677419356
194400,50.164999999999999,0.049860000000000002,50.013258064516137,0.049988709677419356
194460,50.164999999999999,0.049860000000000002,50.013258064516137,0.049988709677419356
194520,50.164999999999999,0.049860000000000002,50.013258064516137,0.049988709677419356
194580,50.164999999999999,0.049860000000000002,50.013258064516137,0.049988709677419356
194640,50.164999999999999,0.049860000000000002,50.013258064516137,0.049988709677419356
194700,50.164999999999999,0.049860000000000002,50.013258064516137,0.049988709677419356
194760,50.164999999999999,0.049860000000000002,50.013258064516137,0.049988709677419356
194820,50.164999999999999,0.049860000000000002,50.013258064516137,0.049988709677419356
194880,50.164999999999999,0.049860000000000002,50.013258064516137,0.049988709677419356
194940,50.164999999999999,0.049860000000000002,50.013258064516137,0.049988709677419356
195000,50.164999999999999,0.049860000000000002,50.013258064516137,0.049988709677419356
195060,50.164999999999999,0.049860000000000002,50.013258064516137,0.049988709677419356
195120,50.164999999999999,0.049860000000000002,50.013258064516137,0.049988709677419356
195180,50.164999999999999,0.049860000000000002,50.013258064516137,0.049988709677419356
195240,50.164999999999999,0.049860000000000002,50.013258064516137,0.049988709677419356
195300,50.164999999999999,0.049860000000000002,50.013258064516137,0.049988709677419356
195360,50.164999999999999,0.049860000000000002,50.013258064516137,0.049988709677419356
195420,50.164999999999999,0.049860000000000002,50.013258064516137,0.049988709677419356
195480,50.164999999999999,0.049860000000000002,50.013258064516137,0.049988709677419356
195540,50.164999999999999,0.049860000000000002,50.013258064516137,0.049988709677419356
195600,50.164999999999999,0.049860000000000002,50.013258064516137,0.049988709677419356
195660,50.164999999999999,0.049860000000000002,50.013258064516137,0.049988709677419356
195720,50.164999999999999,0.049860000000000002,50.013258064516137,0.049988709677419356
195780,50.164999999999999,0.049860000000000002,50.013258064516137,0.049988709677419356
195840,50.164999999999999,0.049860000000000002,50.013258064516137,0.049988709677419356
195900,50.164999999999999,0.049860000000000002,50.013258064516137,0.049988709677419356
195960,50.164999999999999,0.049860000000000002,50.013258064516137,0.049988709677419356
196020,50.164999999999999,0.049860000000000002,50.013258064516137,0.049988709677419356
196080,50.164999999999999,0.049860000000000002,50.013258064516137,0.049988709677419356
196140,50.164999999999999,0.049860000000000002,50.013258064516137,0.049988709677419356
196200,50.164999999999999,0.049860000000000002,50.013258064516137,0.049988709677419356
196260,50.164999999999999,0.049860000000000002,50.013258064516137,0.049988709677419356
196320,50.164999999999999,0.049860000000000002,50.013258064516137,0.049988709677419356
196380,50.164999999999999,0.049860000000000002,50.013258064516137,0.049988709677419356
196440,50.164999999999999,0.049860000000000002,50.013258064516137,0.049988709677419356
196500,50.164999999999999,0.049860000000000002,50.013258064516137,0.049988709677419356
196560,50.164999999999999,0.049860000000000002,50.013258064516137,0.049988709677419356
196620,50.164999999999999,0.049860000000000002,50.013258064516137,0.049988709677419356
196680,50.164999999999999,0.049860000000000002,50.013258064516137,0.049988709677419356
196740,50.164999999999999,0.049860000000000002,50.013258064516137,0.049988709677419356
196800,50.164999999999999,0.049860000000000002,50.013258064516137,0.049988709677419356
196860,50.164999999999999,0.049860000000000002,50.013258064516137,0.049988709677419356
196920,50.164999999999999,0.049860000000000002,50.013258064516137,0.049988709677419356
196980,50.164999999999999,0.049860000000000002,50.013258064516137,0.049988709677419356
197040,50.164999999999999,0.049860000000000002,50.013258064516137,0.049988709677419356
197100,50.164999999999999,0.049860000000000002,50.013258064516137,0.049988709677419356
197160,50.164999999999999,0.049860000000000002,50.013258064516137,0.049988709677419356
197220,50.164999999999999,0.049860000000000002,50.013258064516137,0.049988709677419356
197280,50.164999999999999,0.049860000000000002,50.013258064516137,0.049988709677419356
197340,50.164999999999999,0.049860000000000002,50.013258064516137,0.049988709677419356
197400,50.164999999999999,0.049860000000000002,50.013258064516137,0.049988709677419356
197460,50.164999999999999,0.049860000000000002,50.013258064516137,0.049988709677419356
197520,50.164999999999999,0.049860000000000002,50.013258064516137,0.049988709677419356
197580,50.164999999999999,0.049860000000000002,50.013258064516137,0.049988709677419356
197640,50.164999999999999,0.049860000000000002,50.013258064516137,0.049988709677419356
197700,50.164999999999999,0.049860000000000002,50.013258064516137,0.049988709677419356
197760,50.164999999999999,0.049860000000000002,50.013258064516137,0.049988709677419356
197820,50.164999999999999,0.049860000000000002,50.013258064516137,0.049988709677419356
197880,50.164999999999999,0.049860000000000002,50.013258064516137,0.049988709677419356
197940,50.164999999999999,0.049860000000000002,50.013258064516137,0.049988709677419356
198000,50.164999999999999,0.049860000000000002,50.013258064516137,0.049988709677419356
198060,50.164999999999999,0.049860000000000002,50.013258064516137,0.049988709677419356
198120,50.164999999999999,0.049860000000000002,50.013258064516137,0.049988709677419356
198180,50.164999999999999,0.049860000000000002,50.013258064516137,0.049988709677419356
198240,50.164999999999999,0.049860000000000002,50.013258064516137,0.049988709677419356
198300,50.164999999999999,0.049860000000000002,50.013258064516137,0.049988709677419356
198360,50.164999999999999,0.049860000000000002,50.013258064516137,0.049988709677419356
198420,50.164999999999999,0.049860000000000002,50.013258064516137,0.049988709677419356
198480,50.164999999999999,0.049860000000000002,50.013258064516137,0.049988709677419356
198540,50.164999999999999,0.049860000000000002,50.013258064516137,0.049988709677419356
198600,50.164999999999999,0.049860000000000002,50.013258064516137,0.049988709677419356
198660,50.164999999999999,0.049860000000000002,50.013258064516137,0.049988709677419356
198720,50.164999999999999,0.049860000000000002,50.013258064516137,0.049988709677419356
198780,50.164999999999999,0.049860000000000002,50.013258064516137,0.049988709677419356
198840,50.164999999999999,0.049860000000000002,50.013258064516137,0.049988709677419356
198900,50.164999999999999,0.049860000000000002,50.013258064516137,0.049988709677419356
198960,50.164999999999999,0.049860000000000002,50.013258064516137,0.049988709677419356
199020,50.164999999999999,0.049860000000000002,50.013258064516137,0.049988709677419356
199080,50.164999999999999,0.049860000000000002,50.013258064516137,0.049988709677419356
199140,50.164999999999999,0.049860000000000002,50.013258064516137,0.049988709677419356
199200,50.164999999999999,0.049860000000000002,50.013258064516137,0.049988709677419356
199260,50.164999999999999,0.049860000000000002,50.013258064516137,0.049988709677419356
199320,50.164999999999999,0.049860000000000002,50.013258064516137,0.049988709677419356
199380,50.164999999999999,0.049860000000000002,50.013258064516137,0.049988709677419356
199440,50.164999999999999,0.049860000000000002,50.013258064516137,0.049988709677419356
199500,50.164999999999999,0.049860000000000002,50.013258064516137,0.049988709677419356
199560,50.164999999999999,0.049860000000000002,50.013258064516137,0.049988709677419356
199620,50.164999999999999,0.049860000000000002,50.013258064516137,0.049988709677419356
199680,50.164999999999999,0.049860000000000002,50.013258064516137,0.049988709677419356
199740,50.164999999999999,0.049860000000000002,50.013258064516137,0.049988709677419356
199800,50.164999999999999,0.049860000000000002,50.013258064516137,0.049988709677419356
199860,50.164999999999999,0.049860000000000002,50.013258064516137,0.049988709677419356
199920,50.164999999999999,0.049860000000000002,50.013258064516137,0.049988709677419356
199980,50.164999999999999,0.049860000000000002,50.013258064516137,0.049988709677419356
200040,50.164999999999999,0.049860000000000002,50.013258064516137,0.049988709677419356
200100,50.164999999999999,0.049860000000000002,50.013258064516137,0.049988709677419356
200160,50.164999999999999,0.049860000000000002,50.013258064516137,0.049988709677419356
200220,50.164999999999999,0.049860000000000002,50.013258064516137,0.049988709677419356
200280,50.164999999999999,0.049860000000000002,50.013258064516137,0.049988709677419356
200340,50.164999999999999,0.049860000000000002,50.013258064516137,0.049988709677419356
200400,50.164999999999999,0.049860000000000002,50.013258064516137,0.049988709677419356
200460,50.164999999999999,0.049860000000000002,50.013258064516137,0.049988709677419356
200520,50.164999999999999,0.049860000000000002,50.013258064516137,0.049988709677419356
200580,50.164999999999999,0.049860000000000002,50.013258064516137,0.049988709677419356
200640,50.164999999999999,0.049860000000000002,50.013258064516137,0.049988709677419356
200700,50.164999999999999,0.049860000000000002,50.013258064516137,0.049988709677419356
200760,50.164999999999999,0.049860000000000002,50.013258064516137,0.049988709677419356
200820,50.164999999999999,0.049860000000000002,50.013258064516137,0.049988709677419356
200880,50.164999999999999,0.049860000000000002,50.013258064516137,0.049988709677419356
200940,50.164999999999999,0.049860000000000002,50.013258064516137,0.049988709677419356
201000,50.164999999999999,0.049860000000000002,50.013258064516137,0.049988709677419356
201060,50.164999999999999,0.049860000000000002,50.013258064516137,0.049988709677419356
201120,50.164999999999999,0.049860000000000002,50.013258064516137,0.049988709677419356
201180,50.164999999999999,0.049860000000000002,50.013258064516137,0.049988709677419356
201240,50.164999999999999,0.049860000000000002,50.013258064516137,0.049988709677419356
201300,50.164999999999999,0.049860000000000002,50.013258064516137,0.049988709677419356
201360,50.164999999999999,0.049860000000000002,50.013258064516137,0.049988709677419356
201420,50.164999999999999,0.049860000000000002,50.013258064516137,0.049988709677419356
201480,50.164999999999999,0.049860000000000002,50.013258064516137,0.049988709677419356
201540,50.164999999999999,0.049860000000000002,50.013258064516137,0.049988709677419356
201600,50.164999999999999,0.049860000000000002,50.013258064516137,0.049988709677419356
201660,50.164999999999999,0.049860000000000002,50.013258064516137,0.049988709677419356
201720,50.164999999999999,0.049860000000000002,50.013258064516137,0.049988709677419356
201780,50.164999999999999,0.049860000000000002,50.013258064516137,0.049988709677419356
201840,50.164999999999999,0.049860000000000002,50.013258064516137,0.049988709677419356
201900,50.164999999999999,0.049860000000000002,50.013258064516137,0.049988709677419356
201960,50.164999999999999,0.049860000000000002,50.013258064516137,0.049988709677419356
202020,50.164999999999999,0.049860000000000002,50.013258064516137,0.049988709677419356
202080,50.164999999999999,0.049860000000000002,50.013258064516137,0.049988709677419356
202140,50.164999999999999,0.049860000000000002,50.013258064516137,0.049988709677419356
202200,50.164999999999999,0.049860000000000002,50.013258064516137,0.049988709677419356
202260,50.164999999999999,0.049860000000000002,50.013258064516137,0.049988709677419356
202320,50.164999999999999,0.049860000000000002,50.013258064516137,0.049988709677419356
202380,50.164999999999999,0.049860000000000002,50.013258064516137,0.049988709677419356
202440,50.164999999999999,0.049860000000000002,50.013258064516137,0.049988709677419356
202500,50.164999999999999,0.049860000000000002,50.013258064516137,0.049988709677419356
202560,50.164999999999999,0.049860000000000002,50.013258064516137,0.049988709677419356
202620,50.164999999999999,0.049860000000000002,50.013258064516137,0.049988709677419356
202680,50.164999999999999,0.049860000000000002,50.013258064516137,0.049988709677419356
202740,50.164999999999999,0.049860000000000002,50.013258064516137,0.049988709677419356
202800,50.164999999999999,0.049860000000000002,50.013258064516137,0.049988709677419356
202860,50.164999999999999,0.049860000000000002,50.013258064516137,0.049988709677419356
202920,50.164999999999999,0.049860000000000002,50.013258064516137,0.049988709677419356
202980,50.164999999999999,0.049860000000000002,50.013258064516137,0.049988709677419356
203040,50.164999999999999,0.049860000000000002,50.013258064516137,0.049988709677419356
203100,50.164999999999999,0.049860000000000002,50.013258064516137,0.049988709677419356
203160,50.164999999999999,0.049860000000000002,50.013258064516137,0.049988709677419356
203220,50.164999999999999,0.049860000000000002,50.013258064516137,0.049988709677419356
203280,50.164999999999999,0.049860000000000002,50.013258064516137,0.049988709677419356
203340,50.164999999999999,0.049860000000000002,50.013258064516137,0.049988709677419356
203400,50.164999999999999,0.049860000000000002,50.013258064516137,0.049988709677419356
203460,50.164999999999999,0.049860000000000002,50.013258064516137,0.049988709677419356
203520,50.164999999999999,0.049860000000000002,50.013258064516137,0.049988709677419356
203580,50.164999999999999,0.049860000000000002,50.013258064516137,0.049988709677419356
203640,50.164999999999999,0.049860000000000002,50.013258064516137,0.049988709677419356
203700,50.164999999999999,0.049860000000000002,50.013258064516137,0.049988709677419356
203760,50.164999999999999,0.049860000000000002,50.013258064516137,0.049988709677419356
203820,50.164999999999999,0.049860000000000002,50.013258064516137,0.049988709677419356
203880,50.164999999999999,0.049860000000000002,50.013258064516137,0.049988709677419356
203940,50.164999999999999,0.049860000000000002,50.013258064516137,0.049988709677419356
204000,50.164999999999999,0.049860000000000002,50.013258064516137,0.049988709677419356
204060,50.164999999999999,0.049860000000000002,50.013258064516137,0.049988709677419356
204120,50.164999999999999,0.049860000000000002,50.013258064516137,0.049988709677419356
204180,50.164999999999999,0.049860000000000002,50.013258064516137,0.049988709677419356
204240,50.164999999999999,0.049860000000000002,50.013258064516137,0.049988709677419356
204300,50.164999999999999,0.049860000000000002,50.013258064516137,0.049988709677419356
204360,50.164999999999999,0.049860000000000002,50.013258064516137,0.049988709677419356
204420,50.164999999999999,0.049860000000000002,50.013258064516137,0.049988709677419356
204480,50.164999999999999,0.049860000000000002,50.013258064516137,0.049988709677419356
204540,50.164999999999999,0.049860000000000002,50.013258064516137,0.049988709677419356
204600,50.164999999999999,0.049860000000000002,50.013258064516137,0.049988709677419356
204660,50.164999999999999,0.049860000000000002,50.013258064516137,0.049988709677419356
204720,50.164999999999999,0.049860000000000002,50.013258064516137,0.049988709677419356
204780,50.164999999999999,0.049860000000000002,50.013258064516137,0.049988709677419356
204840,50.164999999999999,0.049860000000000002,50.013258064516137,0.049988709677419356
204900,50.164999999999999,0.049860000000000002,50.013258064516137,0.049988709677419356
204960,50.164999999999999,0.049860000000000002,50.013258064516137,0.049988709677419356
205020,50.164999999999999,0.049860000000000002,50.013258064516137,0.049988709677419356
205080,50.164999999999999,0.049860000000000002,50.013258064516137,0.049988709677419356
205140,50.164999999999999,0.049860000000000002,50.013258064516137,0.049988709677419356
205200,50.164999999999999,0.049860000000000002,50.013258064516137,0.049988709677419356
205260,50.164999999999999,0.049860000000000002,50.013258064516137,0.049988709677419356
205320,50.164999999999999,0.049860000000000002,50.013258064516137,0.049988709677419356
205380,50.164999999999999,0.049860000000000002,50.013258064516137,0.049988709677419356
205440,50.164999999999999,0.049860000000000002,50.013258064516137,0.049988709677419356
205500,50.164999999999999,0.049860000000000002,50.013258064516137,0.049988709677419356
205560,50.164999999999999,0.049860000000000002,50.013258064516137,0.049988709677419356
205620,50.164999999999999,0.049860000000000002,50.013258064516137,0.049988709677419356
205680,50.164999999999999,0.049860000000000002,50.013258064516137,0.049988709677419356
205740,50.164999999999999,0.049860000000000002,50.013258064516137,0.049988709677419356
205800,50.164999999999999,0.049860000000000002,50.013258064516137,0.049988709677419356
205860,50.164999999999999,0.049860000000000002,50.013258064516137,0.049988709677419356
205920,50.164999999999999,0.049860000000000002,50.013258064516137,0.049988709677419356
205980,50.164999999999999,0.049860000000000002,50.013258064516137,0.049988709677419356
206040,50.164999999999999,0.049860000000000002,50.013258064516137,0.049988709677419356
206100,50.164999999999999,0.049860000000000002,50.013258064516137,0.049988709677419356
206160,50.164999999999999,0.049860000000000002,50.013258064516137,0.049988709677419356
206220,50.164999999999999,0.049860000000000002,50.013258064516137,0.049988709677419356
206280,50.164999999999999,0.049860000000000002,50.013258064516137,0.049988709677419356
206340,50.164999999999999,0.049860000000000002,50.013258064516137,0.049988709677419356
206400,50.164999999999999,0.049860000000000002,50.013258064516137,0.049988709677419356
206460,50.164999999999999,0.049860000000000002,50.013258064516137,0.049988709677419356
206520,50.164999999999999,0.049860000000000002,50.013258064516137,0.049988709677419356
206580,50.164999999999999,0.049860000000000002,50.013258064516137,0.049988709677419356
206640,50.164999999999999,0.049860000000000002,50.013258064516137,0.049988709677419356
206700,50.164999999999999,0.049860000000000002,50.013258064516137,0.049988709677419356
206760,50.164999999999999,0.049860000000000002,50.013258064516137,0.049988709677419356
206820,50.164999999999999,0.049860000000000002,50.013258064516137,0.049988709677419356
